[LOG 23:09:24.300] ******* Log Initiated for Kerbal Space Program - 1.12.5.3190 (WindowsPlayer x64) fr-fr *******
Kerbal Space Program - 1.12.5.3190 (WindowsPlayer x64) fr-fr


OS: Windows 10  (10.0.0) 64bit
CPU: Intel(R) Core(TM) Ultra 7 155H (22)
RAM: 32265
GPU: Intel(R) Arc(TM) Pro Graphics (18391MB)
SM: 50 (Direct3D 11.0 [level 11.1])
RT Formats: ARGB32, Depth, ARGBHalf, Shadowmap, RGB565, ARGB4444, ARGB1555, Default, ARGB2101010, DefaultHDR, ARGB64, ARGBFloat, RGFloat, RGHalf, RFloat, RHalf, R8, ARGBInt, RGInt, RInt, BGRA32, RGB111110Float, RG32, RGBAUShort, RG16, BGRA10101010_XR, BGR101010_XR, R16


Log started: Sat, Oct 03, 2026 23:09:24


[LOG 23:09:24.315] ActionCanvas MASK: 3458764513820540928
[LOG 23:09:24.315] AppCanvas MASK: 3458764513820540928
[LOG 23:09:24.318] MainCanvas MASK: 3458764513820540928
[LOG 23:09:33.580] Load(Assembly): /ModuleManager.4.2.3
[LOG 23:09:33.580] AssemblyLoader: Loading assembly at C:\Users\lhervier\Perso\ksp-dev\GameData\ModuleManager.4.2.3.dll
[LOG 23:09:33.599] AssemblyLoader: KSPAssembly 'ModuleManager' V2.5.0
[LOG 23:09:33.599] Load(Assembly): 000_Harmony/0Harmony
[LOG 23:09:33.599] AssemblyLoader: Loading assembly at C:\Users\lhervier\Perso\ksp-dev\GameData\000_Harmony\0Harmony.dll
[LOG 23:09:33.603] Load(Assembly): 000_Harmony/HarmonyInstallChecker
[LOG 23:09:33.603] AssemblyLoader: Loading assembly at C:\Users\lhervier\Perso\ksp-dev\GameData\000_Harmony\HarmonyInstallChecker.dll
[LOG 23:09:33.604] AssemblyLoader: KSPAssembly 'HarmonyKSP' V1.0.0
[LOG 23:09:33.604] Load(Assembly): KSPCommunityFixes/Plugins/0_MultipleModuleInPartAPI
[LOG 23:09:33.604] AssemblyLoader: Loading assembly at C:\Users\lhervier\Perso\ksp-dev\GameData\KSPCommunityFixes\Plugins\0_MultipleModuleInPartAPI.dll
[LOG 23:09:33.605] AssemblyLoader: KSPAssembly 'MultipleModulePartAPI' V1.0.0
[LOG 23:09:33.605] Load(Assembly): KSPCommunityFixes/Plugins/KSPCommunityFixes
[LOG 23:09:33.605] AssemblyLoader: Loading assembly at C:\Users\lhervier\Perso\ksp-dev\GameData\KSPCommunityFixes\Plugins\KSPCommunityFixes.dll
[LOG 23:09:33.613] AssemblyLoader: KSPAssembly 'KSPCommunityFixes' V1.41.1
[LOG 23:09:33.613] AssemblyLoader: KSPAssemblyDependency 'HarmonyKSP' V1.0.0
[LOG 23:09:33.613] AssemblyLoader: KSPAssemblyDependency 'ModuleManager' V1.0.0
[LOG 23:09:33.613] AssemblyLoader: KSPAssemblyDependency 'MultipleModulePartAPI' V1.0.0
[LOG 23:09:33.613] Load(Assembly): KSPDiagFloatingOrigin/KSPDiagFloatingOrigin
[LOG 23:09:33.613] AssemblyLoader: Loading assembly at C:\Users\lhervier\Perso\ksp-dev\GameData\KSPDiagFloatingOrigin\KSPDiagFloatingOrigin.dll
[LOG 23:09:33.614] Load(Assembly): KSPMCPServer/KSPMCPServer
[LOG 23:09:33.614] AssemblyLoader: Loading assembly at C:\Users\lhervier\Perso\ksp-dev\GameData\KSPMCPServer\KSPMCPServer.dll
[LOG 23:09:33.615] Load(Assembly): Squad/Plugins/KSPSteamCtrlr
[LOG 23:09:33.615] AssemblyLoader: Loading assembly at C:\Users\lhervier\Perso\ksp-dev\GameData\Squad\Plugins\KSPSteamCtrlr.dll
[LOG 23:09:33.617] AssemblyLoader: Loading assemblies
[LOG 23:09:33.680] VesselModules: Found VesselModule of type AxisGroupsModule with order 999
[LOG 23:09:33.712] VesselModules: Found VesselModule of type CometVessel with order 999
[LOG 23:09:33.714] VesselModules: Found VesselModule of type SuspensionLoadBalancer with order 999
[LOG 23:09:33.715] VesselModules: Found VesselModule of type FlightIntegrator with order 0
[LOG 23:09:33.717] VesselModules: Found VesselModule of type CommNetVessel with order 999
[LOG 23:09:33.720] VesselModules: Found 5 VesselModule types
[LOG 23:09:33.727] 
************************************************************************

Environment Info
Win32NT 7FFFFFFFFFFFFFFF  Args: KSP_x64.exe 

Mod DLLs found:
Stock assembly: Assembly-CSharp v0.0.0.0
ModuleManager v4.2.3.0
0Harmony v2.2.1.0
HarmonyInstallChecker v2.2.1.0
0_MultipleModuleInPartAPI v1.0.0.0 / v1.0.0+7969fdc50bf4e350193abe5ba2e89533b12ca02f
KSPCommunityFixes v1.41.0.0 / v1.41.1+7969fdc50bf4e350193abe5ba2e89533b12ca02f / v1.41.1.0
KSPDiagFloatingOrigin v1.0.9772.27899
KSPMCPServer v0.0.0.0
Stock assembly: KSPSteamCtrlr v0.0.1.35

Folders and files in GameData:
000_Harmony
KSPCommunityFixes
KSPDiagFloatingOrigin
KSPMCPServer
Stock folder: Squad

Stock folder: SquadExpansion

ModuleManager.4.2.3.dll
ModuleManager.ConfigCache
ModuleManager.ConfigSHA
ModuleManager.Physics
ModuleManager.TechTree

************************************************************************

[LOG 23:09:33.739] [AddonLoader]: Instantiating addon 'ModuleManager' from assembly 'ModuleManager'
[LOG 23:09:33.748] [ModuleManager] Adding post patch to the loading screen 4
[LOG 23:09:33.750] [ModuleManager] Patching started on a new thread, all output will be directed to C:\Users\lhervier\Perso\ksp-dev\Logs\ModuleManager\ModuleManager.log
[LOG 23:09:33.753] [AddonLoader]: Instantiating addon 'HarmonyInstallChecker' from assembly 'HarmonyKSP'
[LOG 23:09:33.753] [AddonLoader]: Instantiating addon 'KSPCommunityFixes' from assembly 'KSPCommunityFixes'
[LOG 23:09:33.754] [AddonLoader]: Instantiating addon 'NoIVA' from assembly 'KSPCommunityFixes'
[LOG 23:09:33.755] [AddonLoader]: Instantiating addon 'ConfigNodePerf' from assembly 'KSPCommunityFixes'
[LOG 23:09:33.923] [AddonLoader]: Instantiating addon 'KSPCFFastLoader' from assembly 'KSPCommunityFixes'
[LOG 23:09:33.924] [KSPCF] Injecting FastLoader...
[LOG 23:09:33.945] [KSPCommunityFixes] Patch GameDatabasePerf applied.
[LOG 23:09:34.031] [AddonLoader]: Instantiating addon 'ReflectionTypeLoadExceptionHandler' from assembly 'KSPCommunityFixes'
[LOG 23:09:34.034] [AddonLoader]: Instantiating addon 'KSPMCPServerMod' from assembly 'KSPMCPServer'
[LOG 23:09:34.138] [KSP-MCPServer] Tool floatingorigin_record from KSPDiagFloatingOrigin (com.github.lhervier.ksp.diag.floatingorigin.McpTools.Record)
[LOG 23:09:34.138] [KSP-MCPServer] Tool floatingorigin_read from KSPDiagFloatingOrigin (com.github.lhervier.ksp.diag.floatingorigin.McpTools.Read)
[LOG 23:09:34.138] [KSP-MCPServer] Tool floatingorigin_clear from KSPDiagFloatingOrigin (com.github.lhervier.ksp.diag.floatingorigin.McpTools.Clear)
[LOG 23:09:34.138] [KSP-MCPServer] Tool floatingorigin_move_window from KSPDiagFloatingOrigin (com.github.lhervier.ksp.diag.floatingorigin.McpTools.MoveWindow)
[LOG 23:09:34.169] [KSP-MCPServer] Listening on http://127.0.0.1:8770/mcp/ with 32 tools
[LOG 23:09:34.169] [AddonLoader]: Instantiating addon 'KSPSteamController' from assembly 'KSPSteamCtrlr'
[LOG 23:09:35.370] [KSPCF] Taking over stock loader. An exception will follow, this is intended.
[EXC 23:09:35.373] Exception: Terminating stock loader coroutine, this is intended and not an error
	KSPCommunityFixes.Performance.KSPCFFastLoader.GameDatabase_SetupMainLoaders_Prefix () (at <62bb7f5420994f409a34377c091e8538>:0)
	(wrapper dynamic-method) GameDatabase.GameDatabase.SetupMainLoaders_Patch1(GameDatabase)
	GameDatabase+<LoadObjects>d__90.MoveNext () (at <4b449f2841f84227adfaad3149c8fdba>:0)
	UnityEngine.SetupCoroutine.InvokeMoveNext (System.Collections.IEnumerator enumerator, System.IntPtr returnValueAddress) (at <12e76cd50cc64cf19e759e981cb725af>:0)
	UnityEngine.DebugLogHandler:LogException(Exception, Object)
	ModuleManager.UnityLogHandle.InterceptLogHandler:LogException(Exception, Object)
	UnityEngine.MonoBehaviour:StartCoroutine(IEnumerator)
	<CreateDatabase>d__71:MoveNext()
	UnityEngine.MonoBehaviour:StartCoroutine(IEnumerator)
	GameDatabase:StartLoad()
	<LoadSystems>d__11:MoveNext()
	UnityEngine.MonoBehaviour:StartCoroutine(IEnumerator)
	LoadingScreen:Start()
[LOG 23:09:35.498] Preloading Asset Bundle Definitions
[LOG 23:09:35.754] Load Audio: Squad/Alarms/Sounds/Chirps
[LOG 23:09:35.761] Load Audio: Squad/Alarms/Sounds/Classic
[LOG 23:09:35.762] Load Audio: Squad/Alarms/Sounds/ClockTower
[LOG 23:09:35.762] Load Audio: Squad/Alarms/Sounds/ComputerGlass1
[LOG 23:09:35.762] Load Audio: Squad/Alarms/Sounds/ComputerGlass2
[LOG 23:09:35.762] Load Audio: Squad/Alarms/Sounds/ComputerShort
[LOG 23:09:35.763] Load Audio: Squad/Alarms/Sounds/ComputerTriad
[LOG 23:09:35.763] Load Audio: Squad/Alarms/Sounds/DoorBell
[LOG 23:09:35.763] Load Audio: Squad/Alarms/Sounds/Glass
[LOG 23:09:35.763] Load Audio: Squad/Alarms/Sounds/Klaxon
[LOG 23:09:35.763] Load Audio: Squad/Alarms/Sounds/Mobile
[LOG 23:09:35.764] Load Audio: Squad/Alarms/Sounds/Morning
[LOG 23:09:35.764] Load Audio: Squad/Alarms/Sounds/OldClock
[LOG 23:09:35.764] Load Audio: Squad/Alarms/Sounds/OldHorn
[LOG 23:09:35.764] Load Audio: Squad/Alarms/Sounds/Ripple
[LOG 23:09:35.764] Load Audio: Squad/Sounds/editorLoop01
[LOG 23:09:35.764] Load Audio: Squad/Sounds/elev_loop
[LOG 23:09:35.765] Load Audio: Squad/Sounds/elev_start
[LOG 23:09:35.765] Load Audio: Squad/Sounds/elev_stop
[LOG 23:09:35.765] Load Audio: Squad/Sounds/fireworks_explosion_2
[LOG 23:09:35.765] Load Audio: Squad/Sounds/fireworks_explosion_3
[LOG 23:09:35.766] Load Audio: Squad/Sounds/fireworks_explosion_4
[LOG 23:09:35.766] Load Audio: Squad/Sounds/fireworks_launch_boom
[LOG 23:09:35.766] Load Audio: Squad/Sounds/fireworks_only_crackle_crackle_1
[LOG 23:09:35.766] Load Audio: Squad/Sounds/fireworks_only_crackle_dragon_1
[LOG 23:09:36.072] Load Audio: Squad/Sounds/fireworks_only_crackle_palm_1
[LOG 23:09:36.072] Load Audio: Squad/Sounds/fireworks_whistle
[LOG 23:09:36.072] Load Audio: Squad/Sounds/ksp1_banana_V2_01
[LOG 23:09:36.073] Load Audio: Squad/Sounds/ksp1_banana_V2_04
[LOG 23:09:36.073] Load Audio: Squad/Sounds/ksp1_banana_V2_05
[LOG 23:09:36.073] Load Audio: Squad/Sounds/ksp1_golf_swing_normal
[LOG 23:09:36.073] Load Audio: Squad/Sounds/ksp1_ground_anchor_v2_1
[LOG 23:09:36.073] Load Audio: Squad/Sounds/ksp1_strunts_disconnect_v3_pitched2
[LOG 23:09:36.073] Load Audio: Squad/Sounds/repairKit_repair1
[LOG 23:09:36.073] Load Audio: Squad/Sounds/repairKit_repair2
[LOG 23:09:36.073] Load Audio: Squad/Sounds/sound_ambience_nature
[LOG 23:09:36.074] Load Audio: Squad/Sounds/sound_click_flick
[LOG 23:09:36.074] Load Audio: Squad/Sounds/sound_click_latch
[LOG 23:09:36.074] Load Audio: Squad/Sounds/sound_click_sharp
[LOG 23:09:36.074] Load Audio: Squad/Sounds/sound_click_tick
[LOG 23:09:36.074] Load Audio: Squad/Sounds/sound_click_tock
[LOG 23:09:36.074] Load Audio: Squad/Sounds/sound_decoupler_fire
[LOG 23:09:36.074] Load Audio: Squad/Sounds/sound_delete_bin
[LOG 23:09:36.074] Load Audio: Squad/Sounds/sound_explosion_debris1
[LOG 23:09:36.075] Load Audio: Squad/Sounds/sound_explosion_debris2
[LOG 23:09:36.075] Load Audio: Squad/Sounds/sound_explosion_large
[LOG 23:09:36.075] Load Audio: Squad/Sounds/sound_rocket_mini
[LOG 23:09:36.075] Load Audio: Squad/Sounds/sound_rocket_spurts
[LOG 23:09:36.076] Load Audio: Squad/Sounds/sound_servomotor
[LOG 23:09:36.076] Load Audio: Squad/Sounds/sound_tab_extend
[LOG 23:09:36.121] Load Audio: Squad/Sounds/sound_tab_retreat
[LOG 23:09:36.122] Load Audio: SquadExpansion/Serenity/Sounds/robo_arm_large_end
[LOG 23:09:36.122] Load Audio: SquadExpansion/Serenity/Sounds/robo_arm_large_motor_00
[LOG 23:09:36.122] Load Audio: SquadExpansion/Serenity/Sounds/robo_arm_large_scan
[LOG 23:09:36.122] Load Audio: SquadExpansion/Serenity/Sounds/robo_arm_large_start
[LOG 23:09:36.122] Load Audio: SquadExpansion/Serenity/Sounds/robo_arm_medium_end
[LOG 23:09:36.122] Load Audio: SquadExpansion/Serenity/Sounds/robo_arm_medium_motor_00
[LOG 23:09:36.122] Load Audio: SquadExpansion/Serenity/Sounds/robo_arm_medium_scan
[LOG 23:09:36.123] Load Audio: SquadExpansion/Serenity/Sounds/robo_arm_medium_start
[LOG 23:09:36.123] Load Audio: SquadExpansion/Serenity/Sounds/robo_arm_small_end
[LOG 23:09:36.123] Load Audio: SquadExpansion/Serenity/Sounds/robo_arm_small_motor_00
[LOG 23:09:36.123] Load Audio: SquadExpansion/Serenity/Sounds/robo_arm_small_scan
[LOG 23:09:36.123] Load Audio: SquadExpansion/Serenity/Sounds/robo_arm_small_start
[LOG 23:09:36.123] Load Audio: SquadExpansion/Serenity/Sounds/sfx_cryoVolcano_burst
[LOG 23:09:36.123] Load Audio: SquadExpansion/Serenity/Sounds/sfx_cryoVolcano_idle
[LOG 23:09:36.123] Load Audio: SquadExpansion/Serenity/Sounds/sfx_deployable_booster_antena_end
[LOG 23:09:36.124] Load Audio: SquadExpansion/Serenity/Sounds/sfx_deployable_booster_antena_start
[LOG 23:09:36.124] Load Audio: SquadExpansion/Serenity/Sounds/sfx_deployable_central_station_end
[LOG 23:09:36.124] Load Audio: SquadExpansion/Serenity/Sounds/sfx_deployable_central_station_loop
[LOG 23:09:36.124] Load Audio: SquadExpansion/Serenity/Sounds/sfx_deployable_central_station_start
[LOG 23:09:36.124] Load Audio: SquadExpansion/Serenity/Sounds/sfx_deployable_detector_end
[LOG 23:09:36.124] Load Audio: SquadExpansion/Serenity/Sounds/sfx_deployable_detector_start
[LOG 23:09:36.125] Load Audio: SquadExpansion/Serenity/Sounds/sfx_deployable_GoObEd_end
[LOG 23:09:36.125] Load Audio: SquadExpansion/Serenity/Sounds/sfx_deployable_GoObEd_loop
[LOG 23:09:36.125] Load Audio: SquadExpansion/Serenity/Sounds/sfx_deployable_GoObEd_start
[LOG 23:09:36.154] Load Audio: SquadExpansion/Serenity/Sounds/sfx_deployable_rtg_end
[LOG 23:09:36.154] Load Audio: SquadExpansion/Serenity/Sounds/sfx_deployable_rtg_start
[LOG 23:09:36.154] Load Audio: SquadExpansion/Serenity/Sounds/sfx_deployable_seismometer_end
[LOG 23:09:36.154] Load Audio: SquadExpansion/Serenity/Sounds/sfx_deployable_seismometer_start
[LOG 23:09:36.155] Load Audio: SquadExpansion/Serenity/Sounds/sfx_deployable_solar_panel_end
[LOG 23:09:36.155] Load Audio: SquadExpansion/Serenity/Sounds/sfx_deployable_solar_panel_start
[LOG 23:09:36.155] Load Audio: SquadExpansion/Serenity/Sounds/sfx_deployable_weather_station_end
[LOG 23:09:36.155] Load Audio: SquadExpansion/Serenity/Sounds/sfx_deployable_weather_station_loop
[LOG 23:09:36.155] Load Audio: SquadExpansion/Serenity/Sounds/sfx_deployable_weather_station_start
[LOG 23:09:36.155] Load Audio: SquadExpansion/Serenity/Sounds/sfx_geyser_burst
[LOG 23:09:36.155] Load Audio: SquadExpansion/Serenity/Sounds/sfx_geyser_idle
[LOG 23:09:36.192] Load DDS texture: KSPCommunityFixes/MMPatches/StockTweaks/Icons/Clamp-O-Tron
[LOG 23:09:36.195] Load TRUECOLOR texture: KSPCommunityFixes/MMPatches/StockTweaks/Icons/Clamp-O-Tron_scaled
[LOG 23:09:36.201] Load DDS texture: KSPCommunityFixes/MMPatches/StockTweaks/Icons/FreeFallParachutes
[LOG 23:09:36.202] Load TRUECOLOR texture: KSPCommunityFixes/MMPatches/StockTweaks/Icons/FreeFallParachutes_scaled
[LOG 23:09:36.212] Load DDS texture: KSPCommunityFixes/MMPatches/StockTweaks/Icons/LightYearTireCompany
[LOG 23:09:36.213] Load TRUECOLOR texture: KSPCommunityFixes/MMPatches/StockTweaks/Icons/LightYearTireCompany_scaled
[LOG 23:09:36.223] Load DDS texture: KSPCommunityFixes/MMPatches/StockTweaks/Icons/StratusCorporation
[LOG 23:09:36.224] Load TRUECOLOR texture: KSPCommunityFixes/MMPatches/StockTweaks/Icons/StratusCorporation_scaled
[LOG 23:09:36.237] Load DDS texture: Squad/Agencies/C7AerospaceDivision
[LOG 23:09:36.238] Load TRUECOLOR texture: Squad/Agencies/C7AerospaceDivision_scaled
[LOG 23:09:36.247] Load DDS texture: Squad/Agencies/DinkelsteinKermansConstructionEmporium
[LOG 23:09:36.248] Load TRUECOLOR texture: Squad/Agencies/DinkelsteinKermansConstructionEmporium_scaled
[LOG 23:09:36.254] Load DDS texture: Squad/Agencies/ExperimentalEngineering
[LOG 23:09:36.254] Load TRUECOLOR texture: Squad/Agencies/ExperimentalEngineering_scaled
[LOG 23:09:36.259] Load DDS texture: Squad/Agencies/FlooydResearchLab
[LOG 23:09:36.261] Load TRUECOLOR texture: Squad/Agencies/FlooydResearchLab_scaled
[LOG 23:09:36.267] Load DDS texture: Squad/Agencies/GoliathNationalProducts
[LOG 23:09:36.267] Load TRUECOLOR texture: Squad/Agencies/GoliathNationalProducts_scaled
[LOG 23:09:36.273] Load DDS texture: Squad/Agencies/IntegratedIntegrals
[LOG 23:09:36.273] Load TRUECOLOR texture: Squad/Agencies/IntegratedIntegrals_scaled
[LOG 23:09:36.280] Load DDS texture: Squad/Agencies/IonicSymphonicProtonicElectronics
[LOG 23:09:36.280] Load TRUECOLOR texture: Squad/Agencies/IonicSymphonicProtonicElectronics_scaled
[LOG 23:09:36.286] Load DDS texture: Squad/Agencies/JebsJunkyard
[LOG 23:09:36.287] Load TRUECOLOR texture: Squad/Agencies/JebsJunkyard_scaled
[LOG 23:09:36.296] Load DDS texture: Squad/Agencies/KerbalMotion
[LOG 23:09:36.296] Load TRUECOLOR texture: Squad/Agencies/KerbalMotion_scaled
[LOG 23:09:36.302] Load DDS texture: Squad/Agencies/KerbinWorldFirstRecordKeepingSociety
[LOG 23:09:36.302] Load TRUECOLOR texture: Squad/Agencies/KerbinWorldFirstRecordKeepingSociety_scaled
[LOG 23:09:36.309] Load DDS texture: Squad/Agencies/Kerbodyne
[LOG 23:09:36.309] Load TRUECOLOR texture: Squad/Agencies/Kerbodyne_scaled
[LOG 23:09:36.315] Load DDS texture: Squad/Agencies/Kerlington
[LOG 23:09:36.316] Load TRUECOLOR texture: Squad/Agencies/Kerlington_scaled
[LOG 23:09:36.321] Load DDS texture: Squad/Agencies/MaxoConstructionToys
[LOG 23:09:36.322] Load TRUECOLOR texture: Squad/Agencies/MaxoConstructionToys_scaled
[LOG 23:09:36.331] Load DDS texture: Squad/Agencies/MovingPartsExpertsGroup
[LOG 23:09:36.332] Load TRUECOLOR texture: Squad/Agencies/MovingPartsExpertsGroup_scaled
[LOG 23:09:36.338] Load DDS texture: Squad/Agencies/OMBDemolition
[LOG 23:09:36.338] Load TRUECOLOR texture: Squad/Agencies/OMBDemolition_scaled
[LOG 23:09:36.346] Load DDS texture: Squad/Agencies/PeriapsisCo
[LOG 23:09:36.347] Load TRUECOLOR texture: Squad/Agencies/PeriapsisCo_scaled
[LOG 23:09:36.352] Load DDS texture: Squad/Agencies/Probodobodyne
[LOG 23:09:36.353] Load TRUECOLOR texture: Squad/Agencies/Probodobodyne_scaled
[LOG 23:09:36.359] Load DDS texture: Squad/Agencies/R&D
[LOG 23:09:36.360] Load TRUECOLOR texture: Squad/Agencies/R&D_scaled
[LOG 23:09:36.367] Load DDS texture: Squad/Agencies/ReactionSystemsLtd
[LOG 23:09:36.367] Load TRUECOLOR texture: Squad/Agencies/ReactionSystemsLtd_scaled
[LOG 23:09:36.374] Load DDS texture: Squad/Agencies/Rockomax
[LOG 23:09:36.374] Load TRUECOLOR texture: Squad/Agencies/Rockomax_scaled
[LOG 23:09:36.380] Load DDS texture: Squad/Agencies/Rokea
[LOG 23:09:36.380] Load TRUECOLOR texture: Squad/Agencies/Rokea_scaled
[LOG 23:09:36.387] Load DDS texture: Squad/Agencies/SeansCannery
[LOG 23:09:36.387] Load TRUECOLOR texture: Squad/Agencies/SeansCannery_scaled
[LOG 23:09:36.393] Load DDS texture: Squad/Agencies/SteadlerEngineeringCorps
[LOG 23:09:36.394] Load TRUECOLOR texture: Squad/Agencies/SteadlerEngineeringCorps_scaled
[LOG 23:09:36.399] Load DDS texture: Squad/Agencies/StrutCo
[LOG 23:09:36.400] Load TRUECOLOR texture: Squad/Agencies/StrutCo_scaled
[LOG 23:09:36.407] Load DDS texture: Squad/Agencies/Vac-Co
[LOG 23:09:36.407] Load TRUECOLOR texture: Squad/Agencies/Vac-Co_scaled
[LOG 23:09:36.413] Load DDS texture: Squad/Agencies/WinterOwl
[LOG 23:09:36.413] Load TRUECOLOR texture: Squad/Agencies/WinterOwl_scaled
[LOG 23:09:36.419] Load DDS texture: Squad/Agencies/ZaltonicElectronics
[LOG 23:09:36.419] Load TRUECOLOR texture: Squad/Agencies/ZaltonicElectronics_scaled
[LOG 23:09:36.425] Load Cached PNG Texture: Squad/Alarms/Icons/ap
[LOG 23:09:36.430] Load Cached PNG Texture: Squad/Alarms/Icons/default
[LOG 23:09:36.434] Load Cached PNG Texture: Squad/Alarms/Icons/maneuver
[LOG 23:09:36.442] Load Cached PNG Texture: Squad/Alarms/Icons/pe
[LOG 23:09:36.449] Load Cached PNG Texture: Squad/Alarms/Icons/raw
[LOG 23:09:36.454] Load Cached PNG Texture: Squad/Alarms/Icons/soi
[LOG 23:09:36.460] Load Cached PNG Texture: Squad/Alarms/Icons/xfer
[LOG 23:09:36.466] Load DDS texture: Squad/Contracts/Icons/balloon
[LOG 23:09:36.473] Load DDS texture: Squad/Contracts/Icons/custom
[LOG 23:09:36.478] Load DDS texture: Squad/Contracts/Icons/default
[LOG 23:09:36.483] Load DDS texture: Squad/Contracts/Icons/dish
[LOG 23:09:36.489] Load DDS texture: Squad/Contracts/Icons/eva
[LOG 23:09:36.495] Load DDS texture: Squad/Contracts/Icons/gravity
[LOG 23:09:36.501] Load Cached PNG Texture: Squad/Contracts/Icons/ksc
[LOG 23:09:36.506] Load DDS texture: Squad/Contracts/Icons/launchsite
[LOG 23:09:36.512] Load DDS texture: Squad/Contracts/Icons/marker
[LOG 23:09:36.519] Load DDS texture: Squad/Contracts/Icons/pressure
[LOG 23:09:36.525] Load DDS texture: Squad/Contracts/Icons/report
[LOG 23:09:36.531] Load DDS texture: Squad/Contracts/Icons/runway
[LOG 23:09:36.538] Load DDS texture: Squad/Contracts/Icons/sample
[LOG 23:09:36.544] Load DDS texture: Squad/Contracts/Icons/seismic
[LOG 23:09:36.550] Load DDS texture: Squad/Contracts/Icons/thermometer
[LOG 23:09:36.559] Load DDS texture: Squad/Contracts/Icons/vessel
[LOG 23:09:36.567] Load Cached PNG Texture: Squad/Flags/09
[LOG 23:09:36.574] Load Cached PNG Texture: Squad/Flags/blorbs
[LOG 23:09:36.582] Load Cached PNG Texture: Squad/Flags/bullseye
[LOG 23:09:36.590] Load Cached PNG Texture: Squad/Flags/capsule
[LOG 23:09:36.598] Load Cached PNG Texture: Squad/Flags/circles
[LOG 23:09:36.605] Load Cached PNG Texture: Squad/Flags/default
[LOG 23:09:36.610] Load Cached PNG Texture: Squad/Flags/hexagon
[LOG 23:09:36.619] Load Cached PNG Texture: Squad/Flags/hexagonCircles
[LOG 23:09:36.627] Load Cached PNG Texture: Squad/Flags/kerbal1
[LOG 23:09:36.633] Load Cached PNG Texture: Squad/Flags/kerbal2
[LOG 23:09:36.640] Load Cached PNG Texture: Squad/Flags/kerbin
[LOG 23:09:36.648] Load Cached PNG Texture: Squad/Flags/kerbinmunflag
[LOG 23:09:36.658] Load Cached PNG Texture: Squad/Flags/line
[LOG 23:09:36.664] Load Cached PNG Texture: Squad/Flags/minimalistic
[LOG 23:09:36.671] Load Cached PNG Texture: Squad/Flags/orbit
[LOG 23:09:36.679] Load Cached PNG Texture: Squad/Flags/orbs
[LOG 23:09:36.688] Load Cached PNG Texture: Squad/Flags/retro
[LOG 23:09:36.695] Load Cached PNG Texture: Squad/Flags/rings
[LOG 23:09:36.701] Load Cached PNG Texture: Squad/Flags/rocketScience
[LOG 23:09:36.707] Load Cached PNG Texture: Squad/Flags/satellite
[LOG 23:09:36.713] Load Cached PNG Texture: Squad/Flags/Sentinel_Flag
[LOG 23:09:36.718] Load Cached PNG Texture: Squad/Flags/spheres
[LOG 23:09:36.724] Load Cached PNG Texture: Squad/Flags/squadLogo
[LOG 23:09:36.730] Load Cached PNG Texture: Squad/Flags/squadLogo2
[LOG 23:09:36.735] Load Cached PNG Texture: Squad/Flags/stripes
[LOG 23:09:36.742] Load Cached PNG Texture: Squad/Flags/trees
[LOG 23:09:36.747] Load Cached PNG Texture: Squad/Flags/trippy
[LOG 23:09:36.752] Load Cached PNG Texture: Squad/FlagsAgency/esa_dark_blue
[LOG 23:09:36.758] Load Cached PNG Texture: Squad/FlagsAgency/NASA
[LOG 23:09:36.764] Load Cached PNG Texture: Squad/FlagsAgency/uk_space_agency
[LOG 23:09:36.769] Load Cached PNG Texture: Squad/FlagsOrganization/B612_Foundation_flag
[LOG 23:09:36.775] Load Cached PNG Texture: Squad/FlagsOrganization/electron
[LOG 23:09:36.781] Load Cached PNG Texture: Squad/FlagsOrganization/ESA_Arianespace
[LOG 23:09:36.787] Load Cached PNG Texture: Squad/FlagsOrganization/rocketlab
[LOG 23:09:36.791] Load DDS texture: Squad/FX/DiamondBlue
[LOG 23:09:36.798] Load DDS texture: Squad/FX/FlameBlueOrange
[LOG 23:09:36.803] Load DDS texture: Squad/FX/FlamePurple
[LOG 23:09:36.809] Load DDS texture: Squad/FX/FlameRed
[LOG 23:09:36.814] Load DDS texture: Squad/FX/FlameRedOrange
[LOG 23:09:36.818] Load DDS texture: Squad/FX/Monoprop
[LOG 23:09:36.824] Load DDS texture: Squad/FX/plasma2
[LOG 23:09:36.830] Load DDS texture: Squad/FX/rocketplume2
[LOG 23:09:36.836] Load DDS texture: Squad/FX/shockDiamond2
[LOG 23:09:36.842] Load DDS texture: Squad/FX/smokepuff1
[LOG 23:09:36.849] Load DDS texture: Squad/Interiors/Administration/AdminBuilding_Lvl1
[LOG 23:09:36.855] Load DDS texture: Squad/Interiors/Administration/AdminBuilding_Lvl2
[LOG 23:09:36.867] Load DDS texture: Squad/Interiors/Administration/AdminBuilding_Lvl3
[LOG 23:09:36.877] Load DDS texture: Squad/MenuProps/MunOrBust
[LOG 23:09:36.885] Load Cached PNG Texture: Squad/Missions/Banners/Fail/default
[LOG 23:09:36.885] Load PNG texture: Squad/Missions/Banners/Menu/default
[WRN 23:09:36.889] Texture isn't eligible for DXT compression, width and height must be multiples of 4
[LOG 23:09:36.892] Load Cached PNG Texture: Squad/Missions/Banners/Success/default
[LOG 23:09:36.893] Load PNG texture: Squad/Missions/ESA-BepiColombo/Banners/Fail/ESA_MB_Fail_01
[WRN 23:09:36.896] Texture isn't eligible for DXT compression, width and height must be multiples of 4
[LOG 23:09:36.896] Load PNG texture: Squad/Missions/ESA-BepiColombo/Banners/Menu/ESA_MB_Select_01
[WRN 23:09:36.900] Texture isn't eligible for DXT compression, width and height must be multiples of 4
[LOG 23:09:36.900] Load PNG texture: Squad/Missions/ESA-BepiColombo/Banners/Success/ESA_MB_Success_01
[WRN 23:09:36.904] Texture isn't eligible for DXT compression, width and height must be multiples of 4
[LOG 23:09:36.904] Load PNG texture: Squad/Missions/ESA-BepiColombo-Short/Banners/Fail/ESA_MB_Fail_01
[WRN 23:09:36.907] Texture isn't eligible for DXT compression, width and height must be multiples of 4
[LOG 23:09:36.907] Load PNG texture: Squad/Missions/ESA-BepiColombo-Short/Banners/Menu/ESA_MB_Select_01
[WRN 23:09:36.911] Texture isn't eligible for DXT compression, width and height must be multiples of 4
[LOG 23:09:36.911] Load PNG texture: Squad/Missions/ESA-BepiColombo-Short/Banners/Success/ESA_MB_Success_01
[WRN 23:09:36.914] Texture isn't eligible for DXT compression, width and height must be multiples of 4
[LOG 23:09:36.914] Load PNG texture: Squad/Missions/ESA-Rosetta/Banners/Fail/ESA_MB_Fail_02
[WRN 23:09:36.918] Texture isn't eligible for DXT compression, width and height must be multiples of 4
[LOG 23:09:36.918] Load PNG texture: Squad/Missions/ESA-Rosetta/Banners/Menu/ESA_MB_Select_02
[WRN 23:09:36.922] Texture isn't eligible for DXT compression, width and height must be multiples of 4
[LOG 23:09:36.922] Load PNG texture: Squad/Missions/ESA-Rosetta/Banners/Success/ESA_MB_Success_02
[WRN 23:09:36.924] Texture isn't eligible for DXT compression, width and height must be multiples of 4
[LOG 23:09:36.925] Load Cached PNG Texture: Squad/PartList/SimpleIcons/ablator
[LOG 23:09:36.925] Load Cached PNG Texture: Squad/PartList/SimpleIcons/active_radiator
[LOG 23:09:36.925] Load Cached PNG Texture: Squad/PartList/SimpleIcons/asteroid_drill
[LOG 23:09:36.925] Load Cached PNG Texture: Squad/PartList/SimpleIcons/cargo_part
[LOG 23:09:36.930] Load Cached PNG Texture: Squad/PartList/SimpleIcons/comet_drill
[LOG 23:09:36.935] Load Cached PNG Texture: Squad/PartList/SimpleIcons/core_heat
[LOG 23:09:36.942] Load Cached PNG Texture: Squad/PartList/SimpleIcons/cs_main
[LOG 23:09:36.948] Load Cached PNG Texture: Squad/PartList/SimpleIcons/cs_mk2
[LOG 23:09:36.955] Load Cached PNG Texture: Squad/PartList/SimpleIcons/cs_mk3
[LOG 23:09:36.961] Load Cached PNG Texture: Squad/PartList/SimpleIcons/cs_size0
[LOG 23:09:36.968] Load Cached PNG Texture: Squad/PartList/SimpleIcons/cs_size1
[LOG 23:09:36.976] Load Cached PNG Texture: Squad/PartList/SimpleIcons/cs_size1p5
[LOG 23:09:36.983] Load Cached PNG Texture: Squad/PartList/SimpleIcons/cs_size2
[LOG 23:09:36.988] Load Cached PNG Texture: Squad/PartList/SimpleIcons/cs_size3
[LOG 23:09:36.995] Load Cached PNG Texture: Squad/PartList/SimpleIcons/cs_size4
[LOG 23:09:37.002] Load Cached PNG Texture: Squad/PartList/SimpleIcons/cs_surface
[LOG 23:09:37.008] Load Cached PNG Texture: Squad/PartList/SimpleIcons/custom_built_fairing
[LOG 23:09:37.015] Load Cached PNG Texture: Squad/PartList/SimpleIcons/deployable_antenna
[LOG 23:09:37.021] Load Cached PNG Texture: Squad/PartList/SimpleIcons/deployable_comms_part
[LOG 23:09:37.027] Load Cached PNG Texture: Squad/PartList/SimpleIcons/deployable_ground_part
[LOG 23:09:37.032] Load Cached PNG Texture: Squad/PartList/SimpleIcons/deployable_part
[LOG 23:09:37.040] Load Cached PNG Texture: Squad/PartList/SimpleIcons/deployable_radiator
[LOG 23:09:37.048] Load Cached PNG Texture: Squad/PartList/SimpleIcons/deployed_science_control_unit
[LOG 23:09:37.060] Load Cached PNG Texture: Squad/PartList/SimpleIcons/deployed_science_experiment
[LOG 23:09:37.067] Load Cached PNG Texture: Squad/PartList/SimpleIcons/deployed_science_part
[LOG 23:09:37.075] Load Cached PNG Texture: Squad/PartList/SimpleIcons/enviro_sensor
[LOG 23:09:37.084] Load Cached PNG Texture: Squad/PartList/SimpleIcons/experience_management
[LOG 23:09:37.091] Load Cached PNG Texture: Squad/PartList/SimpleIcons/fuels_monopropellant
[LOG 23:09:37.099] Load Cached PNG Texture: Squad/PartList/SimpleIcons/fuels_ore
[LOG 23:09:37.106] Load Cached PNG Texture: Squad/PartList/SimpleIcons/fuels_oxidizer
[LOG 23:09:37.115] Load Cached PNG Texture: Squad/PartList/SimpleIcons/fuels_solidfuel
[LOG 23:09:37.122] Load Cached PNG Texture: Squad/PartList/SimpleIcons/fuels_xenongas
[LOG 23:09:37.128] Load Cached PNG Texture: Squad/PartList/SimpleIcons/inventory_part
[LOG 23:09:37.135] Load Cached PNG Texture: Squad/PartList/SimpleIcons/kerbnet_access
[LOG 23:09:37.141] Load Cached PNG Texture: Squad/PartList/SimpleIcons/number1
[LOG 23:09:37.148] Load Cached PNG Texture: Squad/PartList/SimpleIcons/number2
[LOG 23:09:37.155] Load Cached PNG Texture: Squad/PartList/SimpleIcons/number3
[LOG 23:09:37.162] Load Cached PNG Texture: Squad/PartList/SimpleIcons/number4
[LOG 23:09:37.168] Load Cached PNG Texture: Squad/PartList/SimpleIcons/number5
[LOG 23:09:37.175] Load Cached PNG Texture: Squad/PartList/SimpleIcons/number6
[LOG 23:09:37.182] Load Cached PNG Texture: Squad/PartList/SimpleIcons/number7
[LOG 23:09:37.191] Load Cached PNG Texture: Squad/PartList/SimpleIcons/number8
[LOG 23:09:37.198] Load Cached PNG Texture: Squad/PartList/SimpleIcons/number9
[LOG 23:09:37.204] Load Cached PNG Texture: Squad/PartList/SimpleIcons/probe_control_unit
[LOG 23:09:37.210] Load Cached PNG Texture: Squad/PartList/SimpleIcons/R&D_node_icon_advaerodynamics
[LOG 23:09:37.216] Load Cached PNG Texture: Squad/PartList/SimpleIcons/R&D_node_icon_advancedmotors
[LOG 23:09:37.221] Load Cached PNG Texture: Squad/PartList/SimpleIcons/R&D_node_icon_advconstruction
[LOG 23:09:37.227] Load Cached PNG Texture: Squad/PartList/SimpleIcons/R&D_node_icon_advelectrics
[LOG 23:09:37.233] Load Cached PNG Texture: Squad/PartList/SimpleIcons/R&D_node_icon_advexploration
[LOG 23:09:37.239] Load Cached PNG Texture: Squad/PartList/SimpleIcons/R&D_node_icon_advflightcontrol
[LOG 23:09:37.244] Load Cached PNG Texture: Squad/PartList/SimpleIcons/R&D_node_icon_advlanding
[LOG 23:09:37.254] Load Cached PNG Texture: Squad/PartList/SimpleIcons/R&D_node_icon_advmetalworks
[LOG 23:09:37.262] Load Cached PNG Texture: Squad/PartList/SimpleIcons/R&D_node_icon_advrocketry
[LOG 23:09:37.272] Load Cached PNG Texture: Squad/PartList/SimpleIcons/R&D_node_icon_advsciencetech
[LOG 23:09:37.280] Load Cached PNG Texture: Squad/PartList/SimpleIcons/R&D_node_icon_advunmanned
[LOG 23:09:37.287] Load Cached PNG Texture: Squad/PartList/SimpleIcons/R&D_node_icon_aerodynamicsystems
[LOG 23:09:37.295] Load Cached PNG Texture: Squad/PartList/SimpleIcons/R&D_node_icon_aerospacetech
[LOG 23:09:37.302] Load Cached PNG Texture: Squad/PartList/SimpleIcons/R&D_node_icon_automation
[LOG 23:09:37.311] Load Cached PNG Texture: Squad/PartList/SimpleIcons/R&D_node_icon_basicprobes
[LOG 23:09:37.318] Load Cached PNG Texture: Squad/PartList/SimpleIcons/R&D_node_icon_basicrocketry
[LOG 23:09:37.326] Load Cached PNG Texture: Squad/PartList/SimpleIcons/R&D_node_icon_composites
[LOG 23:09:37.335] Load Cached PNG Texture: Squad/PartList/SimpleIcons/R&D_node_icon_electrics
[LOG 23:09:37.345] Load Cached PNG Texture: Squad/PartList/SimpleIcons/R&D_node_icon_electronics
[LOG 23:09:37.353] Load Cached PNG Texture: Squad/PartList/SimpleIcons/R&D_node_icon_evatech
[LOG 23:09:37.362] Load Cached PNG Texture: Squad/PartList/SimpleIcons/R&D_node_icon_experimentalaerodynamics
[LOG 23:09:37.369] Load Cached PNG Texture: Squad/PartList/SimpleIcons/R&D_node_icon_experimentalelectrics
[LOG 23:09:37.378] Load Cached PNG Texture: Squad/PartList/SimpleIcons/R&D_node_icon_experimentalmotors
[LOG 23:09:37.387] Load Cached PNG Texture: Squad/PartList/SimpleIcons/R&D_node_icon_experimentalrocketry
[LOG 23:09:37.394] Load Cached PNG Texture: Squad/PartList/SimpleIcons/R&D_node_icon_experimentalscience
[LOG 23:09:37.400] Load Cached PNG Texture: Squad/PartList/SimpleIcons/R&D_node_icon_fieldscience
[LOG 23:09:37.407] Load Cached PNG Texture: Squad/PartList/SimpleIcons/R&D_node_icon_flightcontrol
[LOG 23:09:37.414] Load Cached PNG Texture: Squad/PartList/SimpleIcons/R&D_node_icon_fuelsystems
[LOG 23:09:37.425] Load Cached PNG Texture: Squad/PartList/SimpleIcons/R&D_node_icon_generalconstruction
[LOG 23:09:37.437] Load Cached PNG Texture: Squad/PartList/SimpleIcons/R&D_node_icon_generalrocketry
[LOG 23:09:37.445] Load Cached PNG Texture: Squad/PartList/SimpleIcons/R&D_node_icon_generic
[LOG 23:09:37.454] Load Cached PNG Texture: Squad/PartList/SimpleIcons/R&D_node_icon_heavierrocketry
[LOG 23:09:37.460] Load Cached PNG Texture: Squad/PartList/SimpleIcons/R&D_node_icon_heavyaerodynamics
[LOG 23:09:37.467] Load Cached PNG Texture: Squad/PartList/SimpleIcons/R&D_node_icon_heavyrocketry
[LOG 23:09:37.473] Load Cached PNG Texture: Squad/PartList/SimpleIcons/R&D_node_icon_highaltitudeflight
[LOG 23:09:37.478] Load Cached PNG Texture: Squad/PartList/SimpleIcons/R&D_node_icon_highaltitudepropulsion
[LOG 23:09:37.484] Load Cached PNG Texture: Squad/PartList/SimpleIcons/R&D_node_icon_hypersonicflight
[LOG 23:09:37.491] Load Cached PNG Texture: Squad/PartList/SimpleIcons/R&D_node_icon_ionpropulsion
[LOG 23:09:37.497] Load Cached PNG Texture: Squad/PartList/SimpleIcons/R&D_node_icon_landing
[LOG 23:09:37.503] Load Cached PNG Texture: Squad/PartList/SimpleIcons/R&D_node_icon_largecontrol
[LOG 23:09:37.508] Load Cached PNG Texture: Squad/PartList/SimpleIcons/R&D_node_icon_largeelectrics
[LOG 23:09:37.514] Load Cached PNG Texture: Squad/PartList/SimpleIcons/R&D_node_icon_largeprobes
[LOG 23:09:37.521] Load Cached PNG Texture: Squad/PartList/SimpleIcons/R&D_node_icon_metamaterials
[LOG 23:09:37.527] Load Cached PNG Texture: Squad/PartList/SimpleIcons/R&D_node_icon_nanolathing
[LOG 23:09:37.534] Load Cached PNG Texture: Squad/PartList/SimpleIcons/R&D_node_icon_nuclearpropulsion
[LOG 23:09:37.539] Load Cached PNG Texture: Squad/PartList/SimpleIcons/R&D_node_icon_precisionengineering
[LOG 23:09:37.547] Load Cached PNG Texture: Squad/PartList/SimpleIcons/R&D_node_icon_robotics
[LOG 23:09:37.552] Load Cached PNG Texture: Squad/PartList/SimpleIcons/R&D_node_icon_sciencetech
[LOG 23:09:37.557] Load Cached PNG Texture: Squad/PartList/SimpleIcons/R&D_node_icon_specializedconstruction
[LOG 23:09:37.566] Load Cached PNG Texture: Squad/PartList/SimpleIcons/R&D_node_icon_specializedcontrol
[LOG 23:09:37.573] Load Cached PNG Texture: Squad/PartList/SimpleIcons/R&D_node_icon_specializedelectrics
[LOG 23:09:37.579] Load Cached PNG Texture: Squad/PartList/SimpleIcons/R&D_node_icon_stability
[LOG 23:09:37.590] Load Cached PNG Texture: Squad/PartList/SimpleIcons/R&D_node_icon_start
[LOG 23:09:37.595] Load Cached PNG Texture: Squad/PartList/SimpleIcons/R&D_node_icon_supersonicflight
[LOG 23:09:37.601] Load Cached PNG Texture: Squad/PartList/SimpleIcons/R&D_node_icon_survivability
[LOG 23:09:37.608] Load Cached PNG Texture: Squad/PartList/SimpleIcons/R&D_node_icon_unmannedtech
[LOG 23:09:37.614] Load Cached PNG Texture: Squad/PartList/SimpleIcons/R&D_node_icon_veryheavyrocketry
[LOG 23:09:37.620] Load Cached PNG Texture: Squad/PartList/SimpleIcons/rcsfx
[LOG 23:09:37.626] Load Cached PNG Texture: Squad/PartList/SimpleIcons/RDicon_aerospaceTech2
[LOG 23:09:37.631] Load Cached PNG Texture: Squad/PartList/SimpleIcons/RDicon_commandmodules
[LOG 23:09:37.639] Load Cached PNG Texture: Squad/PartList/SimpleIcons/RDicon_fuelSystems-advanced
[LOG 23:09:37.647] Load Cached PNG Texture: Squad/PartList/SimpleIcons/RDicon_fuelSystems-highPerformance
[LOG 23:09:37.655] Load Cached PNG Texture: Squad/PartList/SimpleIcons/RDicon_largeVolumeContainment
[LOG 23:09:37.662] Load Cached PNG Texture: Squad/PartList/SimpleIcons/RDicon_miniaturization
[LOG 23:09:37.667] Load Cached PNG Texture: Squad/PartList/SimpleIcons/RDicon_propulsion-precision
[LOG 23:09:37.675] Load Cached PNG Texture: Squad/PartList/SimpleIcons/RDicon_propulsionSystems
[LOG 23:09:37.683] Load Cached PNG Texture: Squad/PartList/SimpleIcons/RDicon_telescope
[LOG 23:09:37.691] Load Cached PNG Texture: Squad/PartList/SimpleIcons/robotic_controller
[LOG 23:09:37.697] Load Cached PNG Texture: Squad/PartList/SimpleIcons/robotic_rotation_servo
[LOG 23:09:37.704] Load Cached PNG Texture: Squad/PartList/SimpleIcons/robotic_servo_hinge
[LOG 23:09:37.712] Load Cached PNG Texture: Squad/PartList/SimpleIcons/robotic_servo_piston
[LOG 23:09:37.718] Load Cached PNG Texture: Squad/PartList/SimpleIcons/robotic_servo_rotor
[LOG 23:09:37.727] Load Cached PNG Texture: Squad/PartList/SimpleIcons/scanner_arm
[LOG 23:09:37.732] Load Cached PNG Texture: Squad/PartList/SimpleIcons/variant
[LOG 23:09:37.742] Load Cached PNG Texture: Squad/Parts/@thumbs/adapterSmallMiniShort_icon0
[LOG 23:09:37.750] Load Cached PNG Texture: Squad/Parts/@thumbs/adapterSmallMiniShort_icon1
[LOG 23:09:37.758] Load Cached PNG Texture: Squad/Parts/@thumbs/adapterSmallMiniTall_icon0
[LOG 23:09:37.765] Load Cached PNG Texture: Squad/Parts/@thumbs/adapterSmallMiniTall_icon1
[LOG 23:09:37.775] Load Cached PNG Texture: Squad/Parts/@thumbs/AdvancedCanard_icon
[LOG 23:09:37.782] Load Cached PNG Texture: Squad/Parts/@thumbs/advSasModule_icon
[LOG 23:09:37.790] Load Cached PNG Texture: Squad/Parts/@thumbs/airbrake1_icon
[LOG 23:09:37.798] Load Cached PNG Texture: Squad/Parts/@thumbs/airScoop_icon
[LOG 23:09:37.805] Load Cached PNG Texture: Squad/Parts/@thumbs/avionicsNoseCone_icon
[LOG 23:09:37.811] Load Cached PNG Texture: Squad/Parts/@thumbs/basicFin_icon
[LOG 23:09:37.823] Load Cached PNG Texture: Squad/Parts/@thumbs/batteryBankLarge_icon
[LOG 23:09:37.831] Load Cached PNG Texture: Squad/Parts/@thumbs/batteryBankMini_icon
[LOG 23:09:37.838] Load Cached PNG Texture: Squad/Parts/@thumbs/batteryBank_icon
[LOG 23:09:37.845] Load Cached PNG Texture: Squad/Parts/@thumbs/batteryPack_icon
[LOG 23:09:37.861] Load Cached PNG Texture: Squad/Parts/@thumbs/cargoContainer_icon
[LOG 23:09:37.869] Load Cached PNG Texture: Squad/Parts/@thumbs/CircularIntake_icon
[LOG 23:09:37.883] Load Cached PNG Texture: Squad/Parts/@thumbs/commDish_icon
[LOG 23:09:37.890] Load Cached PNG Texture: Squad/Parts/@thumbs/Decoupler.0_icon0
[LOG 23:09:37.925] Load Cached PNG Texture: Squad/Parts/@thumbs/Decoupler.0_icon1
[LOG 23:09:37.955] Load Cached PNG Texture: Squad/Parts/@thumbs/Decoupler.1_icon0
[LOG 23:09:37.964] Load Cached PNG Texture: Squad/Parts/@thumbs/Decoupler.1_icon1
[LOG 23:09:37.973] Load Cached PNG Texture: Squad/Parts/@thumbs/dockingPort1_icon
[LOG 23:09:37.979] Load Cached PNG Texture: Squad/Parts/@thumbs/dockingPort2_icon
[LOG 23:09:37.987] Load Cached PNG Texture: Squad/Parts/@thumbs/dockingPort3_icon
[LOG 23:09:37.994] Load Cached PNG Texture: Squad/Parts/@thumbs/domeLight1_icon0
[LOG 23:09:38.001] Load Cached PNG Texture: Squad/Parts/@thumbs/domeLight1_icon1
[LOG 23:09:38.013] Load Cached PNG Texture: Squad/Parts/@thumbs/elevon2_icon
[LOG 23:09:38.027] Load Cached PNG Texture: Squad/Parts/@thumbs/elevon3_icon
[LOG 23:09:38.039] Load Cached PNG Texture: Squad/Parts/@thumbs/elevon5_icon
[LOG 23:09:38.047] Load Cached PNG Texture: Squad/Parts/@thumbs/evaChute_icon
[LOG 23:09:38.054] Load Cached PNG Texture: Squad/Parts/@thumbs/evaCylinder_icon
[LOG 23:09:38.061] Load Cached PNG Texture: Squad/Parts/@thumbs/evaJetpack_icon
[LOG 23:09:38.068] Load Cached PNG Texture: Squad/Parts/@thumbs/evaRepairKit_icon
[LOG 23:09:38.074] Load Cached PNG Texture: Squad/Parts/@thumbs/evaScienceKit_icon
[LOG 23:09:38.083] Load Cached PNG Texture: Squad/Parts/@thumbs/externalTankCapsule_icon0
[LOG 23:09:38.091] Load Cached PNG Texture: Squad/Parts/@thumbs/externalTankCapsule_icon1
[LOG 23:09:38.099] Load Cached PNG Texture: Squad/Parts/@thumbs/externalTankRound_icon0
[LOG 23:09:38.105] Load Cached PNG Texture: Squad/Parts/@thumbs/externalTankRound_icon1
[LOG 23:09:38.114] Load Cached PNG Texture: Squad/Parts/@thumbs/externalTankToroid_icon0
[LOG 23:09:38.120] Load Cached PNG Texture: Squad/Parts/@thumbs/externalTankToroid_icon1
[LOG 23:09:38.128] Load Cached PNG Texture: Squad/Parts/@thumbs/fireworksLauncherBig_icon
[LOG 23:09:38.134] Load Cached PNG Texture: Squad/Parts/@thumbs/fireworksLauncherSmall_icon
[LOG 23:09:38.141] Load Cached PNG Texture: Squad/Parts/@thumbs/foldingRadMed_icon
[LOG 23:09:38.148] Load Cached PNG Texture: Squad/Parts/@thumbs/foldingRadSmall_icon
[LOG 23:09:38.161] Load Cached PNG Texture: Squad/Parts/@thumbs/FuelCellArray_icon
[LOG 23:09:38.169] Load Cached PNG Texture: Squad/Parts/@thumbs/FuelCell_icon
[LOG 23:09:38.176] Load Cached PNG Texture: Squad/Parts/@thumbs/fuelTank.long_icon0
[LOG 23:09:38.183] Load Cached PNG Texture: Squad/Parts/@thumbs/fuelTankSmallFlat_icon0
[LOG 23:09:38.195] Load Cached PNG Texture: Squad/Parts/@thumbs/fuelTankSmallFlat_icon1
[LOG 23:09:38.201] Load Cached PNG Texture: Squad/Parts/@thumbs/fuelTankSmallFlat_icon2
[LOG 23:09:38.208] Load Cached PNG Texture: Squad/Parts/@thumbs/fuelTankSmallFlat_icon3
[LOG 23:09:38.214] Load Cached PNG Texture: Squad/Parts/@thumbs/fuelTankSmall_icon0
[LOG 23:09:38.221] Load Cached PNG Texture: Squad/Parts/@thumbs/fuelTankSmall_icon1
[LOG 23:09:38.227] Load Cached PNG Texture: Squad/Parts/@thumbs/fuelTankSmall_icon2
[LOG 23:09:38.233] Load Cached PNG Texture: Squad/Parts/@thumbs/fuelTankSmall_icon3
[LOG 23:09:38.239] Load Cached PNG Texture: Squad/Parts/@thumbs/GearFixed_icon
[LOG 23:09:38.256] Load Cached PNG Texture: Squad/Parts/@thumbs/GearFree_icon
[LOG 23:09:38.262] Load Cached PNG Texture: Squad/Parts/@thumbs/GearSmall_icon
[LOG 23:09:38.273] Load Cached PNG Texture: Squad/Parts/@thumbs/GooExperiment_icon
[LOG 23:09:38.281] Load Cached PNG Texture: Squad/Parts/@thumbs/groundAnchor_icon
[LOG 23:09:38.287] Load Cached PNG Texture: Squad/Parts/@thumbs/groundLight1_icon
[LOG 23:09:38.293] Load Cached PNG Texture: Squad/Parts/@thumbs/groundLight2_icon
[LOG 23:09:38.301] Load Cached PNG Texture: Squad/Parts/@thumbs/HeatShield0_icon
[LOG 23:09:38.307] Load Cached PNG Texture: Squad/Parts/@thumbs/HeatShield1_icon
[LOG 23:09:38.315] Load Cached PNG Texture: Squad/Parts/@thumbs/HECS2.ProbeCore_icon
[LOG 23:09:38.321] Load Cached PNG Texture: Squad/Parts/@thumbs/HighGainAntenna5.v2_icon
[LOG 23:09:38.429] Load Cached PNG Texture: Squad/Parts/@thumbs/HighGainAntenna5_icon
[LOG 23:09:38.437] Load Cached PNG Texture: Squad/Parts/@thumbs/HighGainAntenna_icon
[LOG 23:09:38.444] Load Cached PNG Texture: Squad/Parts/@thumbs/IntakeRadialLong_icon
[LOG 23:09:38.452] Load Cached PNG Texture: Squad/Parts/@thumbs/ionEngine_icon
[LOG 23:09:38.466] Load Cached PNG Texture: Squad/Parts/@thumbs/ISRU_icon
[LOG 23:09:38.472] Load Cached PNG Texture: Squad/Parts/@thumbs/ksp.r.largeBatteryPack_icon
[LOG 23:09:38.478] Load Cached PNG Texture: Squad/Parts/@thumbs/ladder1_icon
[LOG 23:09:38.485] Load Cached PNG Texture: Squad/Parts/@thumbs/landingLeg1-2_icon
[LOG 23:09:38.492] Load Cached PNG Texture: Squad/Parts/@thumbs/landingLeg1_icon
[LOG 23:09:38.499] Load Cached PNG Texture: Squad/Parts/@thumbs/largeSolarPanel_icon
[LOG 23:09:38.507] Load Cached PNG Texture: Squad/Parts/@thumbs/LargeTank_icon
[LOG 23:09:38.514] Load Cached PNG Texture: Squad/Parts/@thumbs/LgRadialSolarPanel_icon
[LOG 23:09:38.525] Load Cached PNG Texture: Squad/Parts/@thumbs/linearRcs_icon
[LOG 23:09:38.532] Load Cached PNG Texture: Squad/Parts/@thumbs/liquidEngine3.v2_icon0
[LOG 23:09:38.540] Load Cached PNG Texture: Squad/Parts/@thumbs/liquidEngine3.v2_icon1
[LOG 23:09:38.550] Load Cached PNG Texture: Squad/Parts/@thumbs/liquidEngine3.v2_icon2
[LOG 23:09:38.557] Load Cached PNG Texture: Squad/Parts/@thumbs/liquidEngineMini.v2_icon0
[LOG 23:09:38.565] Load Cached PNG Texture: Squad/Parts/@thumbs/liquidEngineMini.v2_icon1
[LOG 23:09:38.570] Load Cached PNG Texture: Squad/Parts/@thumbs/liquidEngineMini.v2_icon2
[LOG 23:09:38.579] Load Cached PNG Texture: Squad/Parts/@thumbs/longAntenna_icon
[LOG 23:09:38.596] Load Cached PNG Texture: Squad/Parts/@thumbs/Magnetometer_icon
[LOG 23:09:38.609] Load Cached PNG Texture: Squad/Parts/@thumbs/mediumDishAntenna_icon
[LOG 23:09:38.616] Load Cached PNG Texture: Squad/Parts/@thumbs/microEngine.v2_icon0
[LOG 23:09:38.623] Load Cached PNG Texture: Squad/Parts/@thumbs/microEngine.v2_icon1
[LOG 23:09:38.630] Load Cached PNG Texture: Squad/Parts/@thumbs/MiniDrill_icon
[LOG 23:09:38.638] Load Cached PNG Texture: Squad/Parts/@thumbs/miniFuelTank_icon
[LOG 23:09:38.646] Load Cached PNG Texture: Squad/Parts/@thumbs/miniFuselage_icon
[LOG 23:09:38.652] Load Cached PNG Texture: Squad/Parts/@thumbs/miniIntake_icon
[LOG 23:09:38.665] Load Cached PNG Texture: Squad/Parts/@thumbs/miniJetEngine_icon
[LOG 23:09:38.672] Load Cached PNG Texture: Squad/Parts/@thumbs/miniLandingLeg_icon
[LOG 23:09:38.679] Load Cached PNG Texture: Squad/Parts/@thumbs/Mite_icon
[LOG 23:09:38.685] Load Cached PNG Texture: Squad/Parts/@thumbs/MK1CrewCabin_icon
[LOG 23:09:38.692] Load Cached PNG Texture: Squad/Parts/@thumbs/mk1pod.v2_icon0
[LOG 23:09:38.704] Load Cached PNG Texture: Squad/Parts/@thumbs/mk2DroneCore_icon
[LOG 23:09:38.711] Load Cached PNG Texture: Squad/Parts/@thumbs/mk2LanderCabin.v2_icon0
[LOG 23:09:38.719] Load Cached PNG Texture: Squad/Parts/@thumbs/mk2LanderCabin.v2_icon1
[LOG 23:09:38.725] Load Cached PNG Texture: Squad/Parts/@thumbs/MpoProbe_icon
[LOG 23:09:38.731] Load Cached PNG Texture: Squad/Parts/@thumbs/navLight1_icon0
[LOG 23:09:38.741] Load Cached PNG Texture: Squad/Parts/@thumbs/navLight1_icon1
[LOG 23:09:38.748] Load Cached PNG Texture: Squad/Parts/@thumbs/noseCone_icon0
[LOG 23:09:38.772] Load Cached PNG Texture: Squad/Parts/@thumbs/noseCone_icon1
[LOG 23:09:38.784] Load Cached PNG Texture: Squad/Parts/@thumbs/noseCone_icon2
[LOG 23:09:38.793] Load Cached PNG Texture: Squad/Parts/@thumbs/omsEngine_icon
[LOG 23:09:38.802] Load Cached PNG Texture: Squad/Parts/@thumbs/OrbitalScanner_icon
[LOG 23:09:38.811] Load Cached PNG Texture: Squad/Parts/@thumbs/parachuteDrogue_icon
[LOG 23:09:38.828] Load Cached PNG Texture: Squad/Parts/@thumbs/parachuteLarge_icon
[LOG 23:09:38.835] Load Cached PNG Texture: Squad/Parts/@thumbs/parachuteRadial_icon
[LOG 23:09:38.854] Load Cached PNG Texture: Squad/Parts/@thumbs/parachuteSingle_icon
[LOG 23:09:38.863] Load Cached PNG Texture: Squad/Parts/@thumbs/probeCoreCube_icon
[LOG 23:09:38.870] Load Cached PNG Texture: Squad/Parts/@thumbs/probeCoreHex.v2_icon
[LOG 23:09:38.879] Load Cached PNG Texture: Squad/Parts/@thumbs/probeCoreOcto.v2_icon
[LOG 23:09:38.892] Load Cached PNG Texture: Squad/Parts/@thumbs/probeCoreOcto2.v2_icon
[LOG 23:09:38.901] Load Cached PNG Texture: Squad/Parts/@thumbs/probeCoreSphere.v2_icon
[LOG 23:09:38.910] Load Cached PNG Texture: Squad/Parts/@thumbs/probeStackLarge_icon
[LOG 23:09:38.919] Load Cached PNG Texture: Squad/Parts/@thumbs/probeStackSmall_icon
[LOG 23:09:38.927] Load Cached PNG Texture: Squad/Parts/@thumbs/R8winglet_icon
[LOG 23:09:38.939] Load Cached PNG Texture: Squad/Parts/@thumbs/radialDecoupler1-2_icon
[LOG 23:09:38.950] Load Cached PNG Texture: Squad/Parts/@thumbs/radialDecoupler2_icon
[LOG 23:09:38.960] Load Cached PNG Texture: Squad/Parts/@thumbs/radialDecoupler_icon
[LOG 23:09:38.971] Load Cached PNG Texture: Squad/Parts/@thumbs/RadialDrill_icon
[LOG 23:09:38.981] Load Cached PNG Texture: Squad/Parts/@thumbs/radialDrogue_icon
[LOG 23:09:38.991] Load Cached PNG Texture: Squad/Parts/@thumbs/radialEngineMini.v2_icon0
[LOG 23:09:38.999] Load Cached PNG Texture: Squad/Parts/@thumbs/radialEngineMini.v2_icon1
[LOG 23:09:39.008] Load Cached PNG Texture: Squad/Parts/@thumbs/radialLiquidEngine1-2_icon
[LOG 23:09:39.016] Load Cached PNG Texture: Squad/Parts/@thumbs/RadialOreTank_icon
[LOG 23:09:39.027] Load Cached PNG Texture: Squad/Parts/@thumbs/radialRCSTank_icon
[LOG 23:09:39.035] Load Cached PNG Texture: Squad/Parts/@thumbs/radPanelEdge_icon
[LOG 23:09:39.043] Load Cached PNG Texture: Squad/Parts/@thumbs/radPanelLg_icon
[LOG 23:09:39.050] Load Cached PNG Texture: Squad/Parts/@thumbs/radPanelSm_icon
[LOG 23:09:39.058] Load Cached PNG Texture: Squad/Parts/@thumbs/RCSblock.01.small_icon0
[LOG 23:09:39.072] Load Cached PNG Texture: Squad/Parts/@thumbs/RCSblock.01.small_icon1
[LOG 23:09:39.083] Load Cached PNG Texture: Squad/Parts/@thumbs/RCSblock.01.small_icon2
[LOG 23:09:39.092] Load Cached PNG Texture: Squad/Parts/@thumbs/RCSblock.01.small_icon3
[LOG 23:09:39.099] Load Cached PNG Texture: Squad/Parts/@thumbs/RCSblock.01.small_icon4
[LOG 23:09:39.113] Load Cached PNG Texture: Squad/Parts/@thumbs/RCSBlock.v2_icon
[LOG 23:09:39.121] Load Cached PNG Texture: Squad/Parts/@thumbs/RCSBlock.v2_icon0
[LOG 23:09:39.128] Load Cached PNG Texture: Squad/Parts/@thumbs/RCSBlock.v2_icon1
[LOG 23:09:39.135] Load Cached PNG Texture: Squad/Parts/@thumbs/RCSBlock.v2_icon2
[LOG 23:09:39.141] Load Cached PNG Texture: Squad/Parts/@thumbs/RCSBlock.v2_icon3
[LOG 23:09:39.148] Load Cached PNG Texture: Squad/Parts/@thumbs/RCSBlock.v2_icon4
[LOG 23:09:39.155] Load Cached PNG Texture: Squad/Parts/@thumbs/RCSFuelTank_icon
[LOG 23:09:39.163] Load Cached PNG Texture: Squad/Parts/@thumbs/RCSLinearSmall_icon
[LOG 23:09:39.170] Load Cached PNG Texture: Squad/Parts/@thumbs/rcsTankMini_icon
[LOG 23:09:39.176] Load Cached PNG Texture: Squad/Parts/@thumbs/RelayAntenna100_icon
[LOG 23:09:39.182] Load Cached PNG Texture: Squad/Parts/@thumbs/RelayAntenna50_icon
[LOG 23:09:39.190] Load Cached PNG Texture: Squad/Parts/@thumbs/RelayAntenna5_icon
[LOG 23:09:39.197] Load Cached PNG Texture: Squad/Parts/@thumbs/ReleaseValve_icon
[LOG 23:09:39.203] Load Cached PNG Texture: Squad/Parts/@thumbs/Rockomax32.BW_icon0
[LOG 23:09:39.209] Load Cached PNG Texture: Squad/Parts/@thumbs/roverBody.v2_icon0
[LOG 23:09:39.215] Load Cached PNG Texture: Squad/Parts/@thumbs/roverBody.v2_icon1
[LOG 23:09:39.221] Load Cached PNG Texture: Squad/Parts/@thumbs/roverBody.v2_icon2
[LOG 23:09:39.241] Load Cached PNG Texture: Squad/Parts/@thumbs/roverWheel1_icon
[LOG 23:09:39.249] Load Cached PNG Texture: Squad/Parts/@thumbs/roverWheel2_icon
[LOG 23:09:39.255] Load Cached PNG Texture: Squad/Parts/@thumbs/rtg_icon
[LOG 23:09:39.260] Load Cached PNG Texture: Squad/Parts/@thumbs/sasModule_icon
[LOG 23:09:39.267] Load Cached PNG Texture: Squad/Parts/@thumbs/science.module_icon
[LOG 23:09:39.272] Load Cached PNG Texture: Squad/Parts/@thumbs/ScienceBox_icon
[LOG 23:09:39.279] Load Cached PNG Texture: Squad/Parts/@thumbs/seatExternalCmd_icon
[LOG 23:09:39.285] Load Cached PNG Texture: Squad/Parts/@thumbs/sensorAccelerometer_icon
[LOG 23:09:39.292] Load Cached PNG Texture: Squad/Parts/@thumbs/sensorAtmosphere_icon
[LOG 23:09:39.297] Load Cached PNG Texture: Squad/Parts/@thumbs/sensorBarometer_icon
[LOG 23:09:39.303] Load Cached PNG Texture: Squad/Parts/@thumbs/sensorGravimeter_icon
[LOG 23:09:39.309] Load Cached PNG Texture: Squad/Parts/@thumbs/sensorThermometer_icon
[LOG 23:09:39.315] Load Cached PNG Texture: Squad/Parts/@thumbs/Separator.0_icon0
[LOG 23:09:39.348] Load Cached PNG Texture: Squad/Parts/@thumbs/Separator.0_icon1
[LOG 23:09:39.361] Load Cached PNG Texture: Squad/Parts/@thumbs/Separator.1_icon0
[LOG 23:09:39.372] Load Cached PNG Texture: Squad/Parts/@thumbs/Separator.1_icon1
[LOG 23:09:39.382] Load Cached PNG Texture: Squad/Parts/@thumbs/sepMotor1_icon
[LOG 23:09:39.392] Load Cached PNG Texture: Squad/Parts/@thumbs/ServiceBay.125.v2_icon
[LOG 23:09:39.404] Load Cached PNG Texture: Squad/Parts/@thumbs/shockConeIntake_icon
[LOG 23:09:39.412] Load Cached PNG Texture: Squad/Parts/@thumbs/Shrimp_icon
[LOG 23:09:39.420] Load Cached PNG Texture: Squad/Parts/@thumbs/Size3LargeTank_icon0
[LOG 23:09:39.430] Load Cached PNG Texture: Squad/Parts/@thumbs/Size3MediumTank_icon0
[LOG 23:09:39.447] Load Cached PNG Texture: Squad/Parts/@thumbs/smallCargoContainer_icon
[LOG 23:09:39.453] Load Cached PNG Texture: Squad/Parts/@thumbs/smallClaw_icon0
[LOG 23:09:39.462] Load Cached PNG Texture: Squad/Parts/@thumbs/smallClaw_icon1
[LOG 23:09:39.479] Load Cached PNG Texture: Squad/Parts/@thumbs/smallCtrlSrf_icon
[LOG 23:09:39.487] Load Cached PNG Texture: Squad/Parts/@thumbs/SmallGearBay_icon
[LOG 23:09:39.510] Load Cached PNG Texture: Squad/Parts/@thumbs/smallHardpoint_icon
[LOG 23:09:39.518] Load Cached PNG Texture: Squad/Parts/@thumbs/smallRadialEngine.v2_icon0
[LOG 23:09:39.526] Load Cached PNG Texture: Squad/Parts/@thumbs/smallRadialEngine.v2_icon1
[LOG 23:09:39.535] Load Cached PNG Texture: Squad/Parts/@thumbs/SmallTank_icon
[LOG 23:09:39.544] Load Cached PNG Texture: Squad/Parts/@thumbs/solarPanelOX10C_icon
[LOG 23:09:39.552] Load Cached PNG Texture: Squad/Parts/@thumbs/solarPanelOX10L_icon
[LOG 23:09:39.560] Load Cached PNG Texture: Squad/Parts/@thumbs/solarPanels1_icon
[LOG 23:09:39.566] Load Cached PNG Texture: Squad/Parts/@thumbs/solarPanels2_icon
[LOG 23:09:39.573] Load Cached PNG Texture: Squad/Parts/@thumbs/solarPanels3_icon
[LOG 23:09:39.581] Load Cached PNG Texture: Squad/Parts/@thumbs/solarPanels4_icon
[LOG 23:09:39.589] Load Cached PNG Texture: Squad/Parts/@thumbs/solarPanels5_icon
[LOG 23:09:39.597] Load Cached PNG Texture: Squad/Parts/@thumbs/solarPanelSP10C_icon
[LOG 23:09:39.605] Load Cached PNG Texture: Squad/Parts/@thumbs/solarPanelSP10L_icon
[LOG 23:09:39.613] Load Cached PNG Texture: Squad/Parts/@thumbs/spotLight1_icon
[LOG 23:09:39.620] Load Cached PNG Texture: Squad/Parts/@thumbs/spotLight2_icon
[LOG 23:09:39.627] Load Cached PNG Texture: Squad/Parts/@thumbs/spotLight3_icon0
[LOG 23:09:39.643] Load Cached PNG Texture: Squad/Parts/@thumbs/spotLight3_icon1
[LOG 23:09:39.651] Load Cached PNG Texture: Squad/Parts/@thumbs/stackPoint1_icon
[LOG 23:09:39.658] Load Cached PNG Texture: Squad/Parts/@thumbs/StandardCtrlSrf_icon
[LOG 23:09:39.664] Load Cached PNG Texture: Squad/Parts/@thumbs/standardNoseCone_icon
[LOG 23:09:39.672] Load Cached PNG Texture: Squad/Parts/@thumbs/stripLight1_icon0
[LOG 23:09:39.679] Load Cached PNG Texture: Squad/Parts/@thumbs/stripLight1_icon1
[LOG 23:09:39.688] Load Cached PNG Texture: Squad/Parts/@thumbs/structuralIBeam1_icon
[LOG 23:09:39.694] Load Cached PNG Texture: Squad/Parts/@thumbs/structuralIBeam3_icon
[LOG 23:09:39.703] Load Cached PNG Texture: Squad/Parts/@thumbs/structuralMiniNode_icon
[LOG 23:09:39.745] Load Cached PNG Texture: Squad/Parts/@thumbs/structuralPanel1_icon
[LOG 23:09:39.754] Load Cached PNG Texture: Squad/Parts/@thumbs/structuralPanel2_icon
[LOG 23:09:39.761] Load Cached PNG Texture: Squad/Parts/@thumbs/structuralWing4_icon
[LOG 23:09:39.766] Load Cached PNG Texture: Squad/Parts/@thumbs/strutCube_icon
[LOG 23:09:39.774] Load Cached PNG Texture: Squad/Parts/@thumbs/strutOcto_icon
[LOG 23:09:39.784] Load Cached PNG Texture: Squad/Parts/@thumbs/SurfaceScanner_icon
[LOG 23:09:39.792] Load Cached PNG Texture: Squad/Parts/@thumbs/SurfAntenna_icon
[LOG 23:09:39.800] Load Cached PNG Texture: Squad/Parts/@thumbs/telescopicLadderBay_icon
[LOG 23:09:39.805] Load Cached PNG Texture: Squad/Parts/@thumbs/telescopicLadder_icon
[LOG 23:09:39.818] Load Cached PNG Texture: Squad/Parts/@thumbs/toroidalAerospike_icon
[LOG 23:09:39.826] Load Cached PNG Texture: Squad/Parts/@thumbs/trussAdapter_icon
[LOG 23:09:39.833] Load Cached PNG Texture: Squad/Parts/@thumbs/trussPiece1x_icon
[LOG 23:09:39.839] Load Cached PNG Texture: Squad/Parts/@thumbs/trussPiece3x_icon
[LOG 23:09:39.847] Load Cached PNG Texture: Squad/Parts/@thumbs/vernierEngine_icon
[LOG 23:09:39.853] Load Cached PNG Texture: Squad/Parts/@thumbs/wheelMed_icon
[LOG 23:09:39.860] Load Cached PNG Texture: Squad/Parts/@thumbs/wingConnector4_icon
[LOG 23:09:39.867] Load Cached PNG Texture: Squad/Parts/@thumbs/wingConnector5_icon
[LOG 23:09:39.875] Load Cached PNG Texture: Squad/Parts/@thumbs/winglet3_icon
[LOG 23:09:39.884] Load Cached PNG Texture: Squad/Parts/@thumbs/winglet_icon
[LOG 23:09:39.892] Load Cached PNG Texture: Squad/Parts/@thumbs/wingShuttleElevon1_icon
[LOG 23:09:39.899] Load Cached PNG Texture: Squad/Parts/@thumbs/xenonTankLarge_icon
[LOG 23:09:39.906] Load Cached PNG Texture: Squad/Parts/@thumbs/xenonTankRadial_icon
[LOG 23:09:39.912] Load Cached PNG Texture: Squad/Parts/@thumbs/xenonTank_icon
[LOG 23:09:39.919] Load DDS texture: Squad/Parts/Aero/aerodynamicNoseCone/Rockomax_Adapters_diffuse
[LOG 23:09:39.920] Load DDS texture: Squad/Parts/Aero/aerodynamicNoseCone/Rockomax_Adapters_normal
[LOG 23:09:39.925] Load DDS texture: Squad/Parts/Aero/airbrake/airbrake
[LOG 23:09:39.931] Load DDS texture: Squad/Parts/Aero/airIntakeRadialXM-G50/RadialIntake
[LOG 23:09:39.938] Load DDS texture: Squad/Parts/Aero/airlinerWings/AirlinerWings
[LOG 23:09:39.945] Load DDS texture: Squad/Parts/Aero/airplaneFins/AirplaneFins
[LOG 23:09:39.952] Load DDS texture: Squad/Parts/Aero/basicFin/BasicFin
[LOG 23:09:39.958] Load DDS texture: Squad/Parts/Aero/circularIntake/CircluarIntakes
[LOG 23:09:39.963] Load DDS texture: Squad/Parts/Aero/circularIntake/CircluarIntakes_Heat
[LOG 23:09:39.970] Load DDS texture: Squad/Parts/Aero/cones/Assets/Cones
[LOG 23:09:39.975] Load DDS texture: Squad/Parts/Aero/cones/Assets/ConesDiffuse
[LOG 23:09:39.983] Load DDS texture: Squad/Parts/Aero/cones/Assets/ConesDiffuse_Orange
[LOG 23:09:39.989] Load DDS texture: Squad/Parts/Aero/cones/Assets/ConesDiffuse_White
[LOG 23:09:39.996] Load DDS texture: Squad/Parts/Aero/cones/Assets/ConesHeat
[LOG 23:09:40.002] Load DDS texture: Squad/Parts/Aero/cones/Assets/ConesHeat_Orange
[LOG 23:09:40.008] Load DDS texture: Squad/Parts/Aero/cones/Assets/ConesHeat_White
[LOG 23:09:40.015] Load DDS texture: Squad/Parts/Aero/cones/Assets/Cones_Heat
[LOG 23:09:40.024] Load Cached PNG Texture: Squad/Parts/Aero/cones/Assets/rocketNoseCones_O
[LOG 23:09:40.030] Load Cached PNG Texture: Squad/Parts/Aero/cones/Assets/rocketNoseCones_O_Normal
[LOG 23:09:40.037] Load DDS texture: Squad/Parts/Aero/cones/Assets/rocketNoseCones_W
[LOG 23:09:40.040] Load DDS texture: Squad/Parts/Aero/cones/Assets/Rockomax_Adapters_diffuse
[LOG 23:09:40.041] Load DDS texture: Squad/Parts/Aero/cones/Assets/Rockomax_Adapters_normal
[LOG 23:09:40.050] Load DDS texture: Squad/Parts/Aero/fairings/AutoTruss
[LOG 23:09:40.059] Load DDS texture: Squad/Parts/Aero/fairings/FairingBase
[LOG 23:09:40.065] Load DDS texture: Squad/Parts/Aero/fairings/FairingBaseNormals
[LOG 23:09:40.072] Load DDS texture: Squad/Parts/Aero/fairings/FairingBaseNormals_bw
[LOG 23:09:40.079] Load DDS texture: Squad/Parts/Aero/fairings/FairingBaseNormals_goldSilver
[LOG 23:09:40.084] Load DDS texture: Squad/Parts/Aero/fairings/FairingBaseNormals_orange
[LOG 23:09:40.090] Load Cached PNG Texture: Squad/Parts/Aero/fairings/FairingBase_black
[LOG 23:09:40.097] Load DDS texture: Squad/Parts/Aero/fairings/FairingBase_bw
[LOG 23:09:40.103] Load DDS texture: Squad/Parts/Aero/fairings/FairingBase_goldDiffuse
[LOG 23:09:40.109] Load DDS texture: Squad/Parts/Aero/fairings/FairingBase_goldSpecular
[LOG 23:09:40.115] Load DDS texture: Squad/Parts/Aero/fairings/FairingBase_orange
[LOG 23:09:40.121] Load DDS texture: Squad/Parts/Aero/fairings/FairingBase_silverDiffuse
[LOG 23:09:40.128] Load DDS texture: Squad/Parts/Aero/fairings/FairingBase_silverSpecular
[LOG 23:09:40.134] Load DDS texture: Squad/Parts/Aero/fairings/fairingsCap
[LOG 23:09:40.140] Load DDS texture: Squad/Parts/Aero/fairings/FairingsMat_silverSpecular
[LOG 23:09:40.147] Load DDS texture: Squad/Parts/Aero/fairings/fairings_diff
[LOG 23:09:40.153] Load DDS texture: Squad/Parts/Aero/fairings/fairings_diff_grey
[LOG 23:09:40.160] Load DDS texture: Squad/Parts/Aero/fairings/fairings_diff_orange
[LOG 23:09:40.167] Load DDS texture: Squad/Parts/Aero/fairings/fairings_grey_normals
[LOG 23:09:40.174] Load DDS texture: Squad/Parts/Aero/fairings/fairings_normals
[LOG 23:09:40.181] Load DDS texture: Squad/Parts/Aero/fairings/fairings_normals_silver
[LOG 23:09:40.188] Load DDS texture: Squad/Parts/Aero/fairings/fairings_orange_normals
[LOG 23:09:40.197] Load DDS texture: Squad/Parts/Aero/fairings/fairings_silverDiffuse
[LOG 23:09:40.204] Load DDS texture: Squad/Parts/Aero/HeatShield/Fairing
[LOG 23:09:40.211] Load DDS texture: Squad/Parts/Aero/HeatShield/heatshield
[LOG 23:09:40.217] Load DDS texture: Squad/Parts/Aero/InflatableHeatShield/HeatShield
[LOG 23:09:40.227] Load DDS texture: Squad/Parts/Aero/InflatableHeatShield/HeatShieldFairing
[LOG 23:09:40.233] Load DDS texture: Squad/Parts/Aero/InflatableHeatShield/HeatShield_NRM
[LOG 23:09:40.241] Load DDS texture: Squad/Parts/Aero/intakeRadialLong/Radial_long
[LOG 23:09:40.248] Load DDS texture: Squad/Parts/Aero/miniIntake/SmallIntake
[LOG 23:09:40.254] Load DDS texture: Squad/Parts/Aero/ramAirIntake/RampIntake
[LOG 23:09:40.261] Load DDS texture: Squad/Parts/Aero/ramAirIntake/RampIntake_Heat
[LOG 23:09:40.269] Load DDS texture: Squad/Parts/Aero/shuttleWings/ShuttleWings
[LOG 23:09:40.275] Load DDS texture: Squad/Parts/Aero/wingletAV-R8/model000
[LOG 23:09:40.284] Load DDS texture: Squad/Parts/Aero/wingletAV-R8/model001
[LOG 23:09:40.290] Load DDS texture: Squad/Parts/Aero/wingletAV-T1/model000
[LOG 23:09:40.297] Load DDS texture: Squad/Parts/Aero/wingletAV-T1/model001
[LOG 23:09:40.306] Load DDS texture: Squad/Parts/Aero/wingletDeltaDeluxe/model000
[LOG 23:09:40.313] Load DDS texture: Squad/Parts/Aero/wings/Wings
[LOG 23:09:40.320] Load DDS texture: Squad/Parts/Cargo/CargoContainers/cargoContainer_diff
[LOG 23:09:40.326] Load DDS texture: Squad/Parts/Cargo/CargoContainers/smallCargoContainer_diffuse
[LOG 23:09:40.334] Load DDS texture: Squad/Parts/Cargo/CargoContainers/smallCargoContainer_nrm
[LOG 23:09:40.342] Load DDS texture: Squad/Parts/Cargo/CargoContainers/smallCargoContainer_specular
[LOG 23:09:40.350] Load DDS texture: Squad/Parts/Cargo/Cylinder/EVAcylinder_diffuse
[LOG 23:09:40.357] Load DDS texture: Squad/Parts/Cargo/Cylinder/EVAcylinder_nrm
[LOG 23:09:40.364] Load DDS texture: Squad/Parts/Cargo/GroundAnchor/groundAnchor_diffuse
[LOG 23:09:40.372] Load DDS texture: Squad/Parts/Cargo/GroundAnchor/groundAnchor_nrm
[LOG 23:09:40.378] Load DDS texture: Squad/Parts/Cargo/Jetpack/EVAjetpack
[LOG 23:09:40.387] Load DDS texture: Squad/Parts/Cargo/Jetpack/EVAjetpackEmmisive
[LOG 23:09:40.393] Load DDS texture: Squad/Parts/Cargo/Jetpack/EVAjetpackNRM
[LOG 23:09:40.402] Load DDS texture: Squad/Parts/Cargo/Parachute/backpack_Diff
[LOG 23:09:40.411] Load DDS texture: Squad/Parts/Cargo/Parachute/backpack_NM
[LOG 23:09:40.418] Load DDS texture: Squad/Parts/Cargo/RepairKit/RepairKit_Diffuse
[LOG 23:09:40.425] Load DDS texture: Squad/Parts/Cargo/RepairKit/RepairKit_Normal
[LOG 23:09:40.432] Load DDS texture: Squad/Parts/Cargo/ScienceKit/ExperimentKit_Material_Diffuse
[LOG 23:09:40.439] Load DDS texture: Squad/Parts/Cargo/ScienceKit/ExperimentKit_Material_Emissive
[LOG 23:09:40.445] Load DDS texture: Squad/Parts/Cargo/ScienceKit/ExperimentKit_Material_Normal
[LOG 23:09:40.452] Load DDS texture: Squad/Parts/Cargo/StorageUnits/Assets/Cargo_Material_Diffuse
[LOG 23:09:40.461] Load DDS texture: Squad/Parts/Cargo/StorageUnits/Assets/Cargo_Material_Normal
[LOG 23:09:40.470] Load DDS texture: Squad/Parts/Command/advancedSasModuleLarge/model000
[LOG 23:09:40.487] Load DDS texture: Squad/Parts/Command/advancedSasModuleLarge/model001
[LOG 23:09:40.497] Load DDS texture: Squad/Parts/Command/cupola/cupola_Emissive
[LOG 23:09:40.506] Load DDS texture: Squad/Parts/Command/cupola/ksp_l_cupola_diff
[LOG 23:09:40.515] Load DDS texture: Squad/Parts/Command/cupola/ksp_l_cupola_normal
[LOG 23:09:40.525] Load DDS texture: Squad/Parts/Command/cupola/window
[LOG 23:09:40.532] Load DDS texture: Squad/Parts/Command/externalCommandSeat/model000
[LOG 23:09:40.541] Load DDS texture: Squad/Parts/Command/hitchhikerStorageContainer/cabin
[LOG 23:09:40.552] Load DDS texture: Squad/Parts/Command/hitchhikerStorageContainer/cabin_Illum
[LOG 23:09:40.558] Load DDS texture: Squad/Parts/Command/hitchhikerStorageContainer/cabin_n
[LOG 23:09:40.560] Load DDS texture: Squad/Parts/Command/hitchhikerStorageContainer/window
[LOG 23:09:40.566] Load DDS texture: Squad/Parts/Command/inlineAdvancedStabilizer/model000
[LOG 23:09:40.585] Load DDS texture: Squad/Parts/Command/inlineAdvancedStabilizer/model001
[LOG 23:09:40.593] Load DDS texture: Squad/Parts/Command/inlineReactionWheel/model000
[LOG 23:09:40.600] Load DDS texture: Squad/Parts/Command/inlineReactionWheel/model001
[LOG 23:09:40.607] Load DDS texture: Squad/Parts/Command/inlineReactionWheel/model002
[LOG 23:09:40.616] Load DDS texture: Squad/Parts/Command/Mk1-2Pod/mk 1-2 external shell Variant-Hatch
[LOG 23:09:40.623] Load DDS texture: Squad/Parts/Command/Mk1-3Pod/M1-3 Pod
[LOG 23:09:40.645] Load DDS texture: Squad/Parts/Command/Mk1-3Pod/M1-3 Pod_GLOW
[LOG 23:09:40.656] Load DDS texture: Squad/Parts/Command/mk1Cockpits/GLOW
[LOG 23:09:40.665] Load DDS texture: Squad/Parts/Command/mk1Cockpits/Mk1Cockpit
[LOG 23:09:40.672] Load DDS texture: Squad/Parts/Command/mk1LanderCan/ksp_s_landerCan_diff
[LOG 23:09:40.687] Load DDS texture: Squad/Parts/Command/mk1LanderCan/ksp_s_landerCan_normal
[LOG 23:09:40.698] Load DDS texture: Squad/Parts/Command/mk1LanderCan/ksp_s_landerCan_psd_illum
[LOG 23:09:40.704] Load DDS texture: Squad/Parts/Command/mk1pod/outer shell
[LOG 23:09:40.713] Load DDS texture: Squad/Parts/Command/mk1pod_v2/Mk1_v2
[LOG 23:09:40.720] Load DDS texture: Squad/Parts/Command/mk1pod_v2/Mk1_v2_GLOW
[LOG 23:09:40.728] Load DDS texture: Squad/Parts/Command/mk1pod_v2/Mk1_v2_GW
[LOG 23:09:40.736] Load DDS texture: Squad/Parts/Command/mk1pod_v2/Mk1_v2_N
[LOG 23:09:40.744] Load DDS texture: Squad/Parts/Command/mk1pod_v2/Mk1_v2_W
[LOG 23:09:40.751] Load DDS texture: Squad/Parts/Command/mk1pod_v2/Mk1_v2_W_N
[LOG 23:09:40.760] Load DDS texture: Squad/Parts/Command/mk2CockpitInline/Cockpit_inline_A
[LOG 23:09:40.767] Load DDS texture: Squad/Parts/Command/mk2CockpitInline/Cockpit_inline_Emissive
[LOG 23:09:40.773] Load DDS texture: Squad/Parts/Command/mk2CockpitInline/Cockpit_inline_normal
[LOG 23:09:40.779] Load DDS texture: Squad/Parts/Command/mk2CockpitStandard/Cockpit
[LOG 23:09:40.789] Load DDS texture: Squad/Parts/Command/mk2CockpitStandard/Cockpit_Lum
[LOG 23:09:40.796] Load DDS texture: Squad/Parts/Command/mk2CockpitStandard/Cockpit_NRM
[LOG 23:09:40.803] Load DDS texture: Squad/Parts/Command/mk2DroneCore/mk2Dronecore
[LOG 23:09:40.810] Load DDS texture: Squad/Parts/Command/mk2LanderCan/Illum
[LOG 23:09:40.816] Load DDS texture: Squad/Parts/Command/mk2LanderCan/ladder
[LOG 23:09:40.823] Load DDS texture: Squad/Parts/Command/mk2LanderCan/outershell
[LOG 23:09:40.839] Load DDS texture: Squad/Parts/Command/mk2LanderCan/outershell_n
[LOG 23:09:40.840] Load DDS texture: Squad/Parts/Command/mk2LanderCan/window
[LOG 23:09:40.848] Load DDS texture: Squad/Parts/Command/mk2LanderCan_v2/Mk2Can
[LOG 23:09:40.860] Load DDS texture: Squad/Parts/Command/mk2LanderCan_v2/Mk2Can_glow
[LOG 23:09:40.867] Load DDS texture: Squad/Parts/Command/mk3CockpitShuttle/Mk3CockpitShuttle
[LOG 23:09:40.877] Load DDS texture: Squad/Parts/Command/mk3CockpitShuttle/Mk3CockpitShuttle_LUM
[LOG 23:09:40.884] Load DDS texture: Squad/Parts/Command/MpoProbe/MpoProbe_diffuse
[LOG 23:09:40.892] Load DDS texture: Squad/Parts/Command/MpoProbe/MpoProbe_nrm
[LOG 23:09:40.899] Load DDS texture: Squad/Parts/Command/MpoProbe/MpoProbe_specular
[LOG 23:09:40.907] Load DDS texture: Squad/Parts/Command/MtmStage/mtmStage_diffuse
[LOG 23:09:40.915] Load DDS texture: Squad/Parts/Command/MtmStage/mtmStage_nrm
[LOG 23:09:40.920] Load DDS texture: Squad/Parts/Command/MtmStage/mtmStage_specular
[LOG 23:09:40.928] Load DDS texture: Squad/Parts/Command/probeCoreCube/QBE_New_diffuse
[LOG 23:09:40.934] Load Cached PNG Texture: Squad/Parts/Command/probeCoreCube/QBE_New_NRM
[LOG 23:09:40.941] Load DDS texture: Squad/Parts/Command/probeCoreCube/QBE_New_specular
[LOG 23:09:40.949] Load DDS texture: Squad/Parts/Command/probeCoreHex/ksp_m_hexProbe_diff
[LOG 23:09:40.966] Load DDS texture: Squad/Parts/Command/probeCoreHex/ksp_m_hexProbe_normal
[LOG 23:09:40.973] Load DDS texture: Squad/Parts/Command/probeCoreHex_v2/hecsDiffuse
[LOG 23:09:40.984] Load DDS texture: Squad/Parts/Command/probeCoreHex_v2/hecsNormal
[LOG 23:09:40.991] Load DDS texture: Squad/Parts/Command/probeCoreOcto2_v2/octoDiffuse
[LOG 23:09:40.997] Load DDS texture: Squad/Parts/Command/probeCoreOcto2_v2/octoNormal
[LOG 23:09:40.998] Load DDS texture: Squad/Parts/Command/probeCoreOcto2_v2/octoSpecular
[LOG 23:09:41.004] Load DDS texture: Squad/Parts/Command/probeCoreOcto_v2/octoDiffuse
[LOG 23:09:41.011] Load DDS texture: Squad/Parts/Command/probeCoreOcto_v2/octoNormal
[LOG 23:09:41.019] Load DDS texture: Squad/Parts/Command/probeCoreOcto_v2/octoSpecular
[LOG 23:09:41.026] Load DDS texture: Squad/Parts/Command/probeRoverBody/model000
[LOG 23:09:41.042] Load DDS texture: Squad/Parts/Command/probeRoverBody/model001
[LOG 23:09:41.049] Load DDS texture: Squad/Parts/Command/probeRoverBody_v2/probeRoverBody_v2_gold_diffuse
[LOG 23:09:41.057] Load Cached PNG Texture: Squad/Parts/Command/probeRoverBody_v2/probeRoverBody_v2_gold_NRM
[LOG 23:09:41.064] Load DDS texture: Squad/Parts/Command/probeRoverBody_v2/probeRoverBody_v2_gold_specular
[LOG 23:09:41.070] Load DDS texture: Squad/Parts/Command/probeRoverBody_v2/probeRoverBody_v2_silver_diffuse
[LOG 23:09:41.078] Load Cached PNG Texture: Squad/Parts/Command/probeRoverBody_v2/probeRoverBody_v2_silver_NRM
[LOG 23:09:41.085] Load DDS texture: Squad/Parts/Command/probeRoverBody_v2/probeRoverBody_v2_silver_specular
[LOG 23:09:41.087] Load DDS texture: Squad/Parts/Command/probeRoverBody_v2/QBE_New_diffuse
[LOG 23:09:41.088] Load DDS texture: Squad/Parts/Command/probeRoverBody_v2/QBE_New_NRM
[LOG 23:09:41.088] Load DDS texture: Squad/Parts/Command/probeRoverBody_v2/QBE_New_specular
[LOG 23:09:41.094] Load DDS texture: Squad/Parts/Command/probeStackLarge/model000
[LOG 23:09:41.101] Load DDS texture: Squad/Parts/Command/probeStackLarge/model001
[LOG 23:09:41.108] Load DDS texture: Squad/Parts/Command/probeStackSmall/model000
[LOG 23:09:41.116] Load DDS texture: Squad/Parts/Command/probeStackSmall/model001
[LOG 23:09:41.125] Load DDS texture: Squad/Parts/Command/probeStackSphere_v2/probeStackSphere_diffuse
[LOG 23:09:41.132] Load DDS texture: Squad/Parts/Command/probeStackSphere_v2/probeStackSphere_normal
[LOG 23:09:41.138] Load DDS texture: Squad/Parts/Command/probeStackSphere_v2/probeStackSphere_specular
[LOG 23:09:41.146] Load Cached PNG Texture: Squad/Parts/CompoundParts/@thumbs/fuelLine_icon0
[LOG 23:09:41.154] Load Cached PNG Texture: Squad/Parts/CompoundParts/@thumbs/fuelLine_icon1
[LOG 23:09:41.167] Load Cached PNG Texture: Squad/Parts/CompoundParts/@thumbs/strutConnector_icon0
[LOG 23:09:41.177] Load Cached PNG Texture: Squad/Parts/CompoundParts/@thumbs/strutConnector_icon1
[LOG 23:09:41.185] Load DDS texture: Squad/Parts/CompoundParts/FuelLine/FTX-2 External Fuel Duct
[LOG 23:09:41.192] Load DDS texture: Squad/Parts/CompoundParts/FuelLine/FTX-2 External Fuel Duct_ESA
[LOG 23:09:41.198] Load DDS texture: Squad/Parts/CompoundParts/strutConnector/EAS-4 Strut Connector
[LOG 23:09:41.204] Load DDS texture: Squad/Parts/CompoundParts/strutConnector/EAS-4 Strut Connector_white
[LOG 23:09:41.211] Load DDS texture: Squad/Parts/Coupling/Assets/Decouplers
[LOG 23:09:41.218] Load DDS texture: Squad/Parts/Coupling/Assets/Decouplers_N
[LOG 23:09:41.227] Load DDS texture: Squad/Parts/Coupling/Assets/Decouplers_whiteYellow
[LOG 23:09:41.234] Load DDS texture: Squad/Parts/Coupling/Assets/Decouplers_whiteYellow_N
[LOG 23:09:41.243] Load DDS texture: Squad/Parts/Electrical/10CSolarPanels/assets/circularSolarPanel_diffuse
[LOG 23:09:41.249] Load DDS texture: Squad/Parts/Electrical/10CSolarPanels/assets/circularSolarPanel_nrm
[LOG 23:09:41.258] Load DDS texture: Squad/Parts/Electrical/10LSolarPanels/assets/retractableSolarPanel_diffuse
[LOG 23:09:41.265] Load DDS texture: Squad/Parts/Electrical/10LSolarPanels/assets/retractableSolarPanel_nrm
[LOG 23:09:41.273] Load DDS texture: Squad/Parts/Electrical/1x6ShroudSolarPanels/model000
[LOG 23:09:41.281] Load DDS texture: Squad/Parts/Electrical/1x6ShroudSolarPanels/model001
[LOG 23:09:41.287] Load DDS texture: Squad/Parts/Electrical/1x6ShroudSolarPanels/model002
[LOG 23:09:41.292] Load DDS texture: Squad/Parts/Electrical/1x6SolarPanels/model000
[LOG 23:09:41.302] Load DDS texture: Squad/Parts/Electrical/1x6SolarPanels/model001
[LOG 23:09:41.308] Load DDS texture: Squad/Parts/Electrical/1x6SolarPanels/model002
[LOG 23:09:41.314] Load DDS texture: Squad/Parts/Electrical/3x2ShroudSolarPanels/model000
[LOG 23:09:41.321] Load DDS texture: Squad/Parts/Electrical/3x2ShroudSolarPanels/model001
[LOG 23:09:41.332] Load DDS texture: Squad/Parts/Electrical/3x2ShroudSolarPanels/model002
[LOG 23:09:41.339] Load DDS texture: Squad/Parts/Electrical/3x2SolarPanels/model000
[LOG 23:09:41.347] Load DDS texture: Squad/Parts/Electrical/3x2SolarPanels/model001
[LOG 23:09:41.358] Load DDS texture: Squad/Parts/Electrical/3x2SolarPanels/model002
[LOG 23:09:41.364] Load DDS texture: Squad/Parts/Electrical/gigantorXlSolarArray/panel
[LOG 23:09:41.369] Load DDS texture: Squad/Parts/Electrical/radialFlatSolarPanel/model000
[LOG 23:09:41.374] Load DDS texture: Squad/Parts/Electrical/RTG/model000
[LOG 23:09:41.382] Load DDS texture: Squad/Parts/Electrical/z-100Battery/model000
[LOG 23:09:41.388] Load DDS texture: Squad/Parts/Electrical/z-1kBattery/model000
[LOG 23:09:41.394] Load DDS texture: Squad/Parts/Electrical/z-1kBattery/model001
[LOG 23:09:41.399] Load DDS texture: Squad/Parts/Electrical/z-200Battery/ksp_m_batteryPack_diff
[LOG 23:09:41.404] Load DDS texture: Squad/Parts/Electrical/z-400Battery/model000
[LOG 23:09:41.410] Load DDS texture: Squad/Parts/Electrical/z-4kBattery/ksp_l_batteryPack_diff
[LOG 23:09:41.434] Load DDS texture: Squad/Parts/Electrical/z-4kBattery/ksp_l_batteryPack_normal
[LOG 23:09:41.443] Load DDS texture: Squad/Parts/Engine/ionEngine/model000
[LOG 23:09:41.448] Load DDS texture: Squad/Parts/Engine/jetEngines/Jet Engines
[LOG 23:09:41.459] Load DDS texture: Squad/Parts/Engine/jetEngines/Jet_Heat
[LOG 23:09:41.465] Load DDS texture: Squad/Parts/Engine/liquidEngine24-77/engine
[LOG 23:09:41.470] Load DDS texture: Squad/Parts/Engine/liquidEngine24-77_v2/Twitch
[LOG 23:09:41.477] Load DDS texture: Squad/Parts/Engine/liquidEngine24-77_v2/Twitch_G
[LOG 23:09:41.484] Load DDS texture: Squad/Parts/Engine/liquidEngine24-77_v2/Twitch_GLOW
[LOG 23:09:41.491] Load DDS texture: Squad/Parts/Engine/liquidEngine48-7S/ksp_m_liquidEngine_diff
[LOG 23:09:41.498] Load DDS texture: Squad/Parts/Engine/liquidEngine48-7S_v2/Spark
[LOG 23:09:41.507] Load DDS texture: Squad/Parts/Engine/liquidEngine48-7S_v2/Spark_Glow
[LOG 23:09:41.515] Load DDS texture: Squad/Parts/Engine/liquidEngineAerospike/Aerospike
[LOG 23:09:41.523] Load DDS texture: Squad/Parts/Engine/liquidEngineAerospike/Aerospike_Heat
[LOG 23:09:41.529] Load DDS texture: Squad/Parts/Engine/liquidEngineLV-1_v2/Assets/Ant_and_Spider_diffuse
[LOG 23:09:41.535] Load DDS texture: Squad/Parts/Engine/liquidEngineLV-1_v2/Assets/Ant_and_Spider_emissive
[LOG 23:09:41.541] Load DDS texture: Squad/Parts/Engine/liquidEngineLV-1_v2/Assets/Ant_and_Spider_normal
[LOG 23:09:41.547] Load DDS texture: Squad/Parts/Engine/liquidEngineLV-1_v2/Assets/Ant_and_Spider_specular
[LOG 23:09:41.554] Load DDS texture: Squad/Parts/Engine/liquidEngineLV-909_v2/Terrier
[LOG 23:09:41.658] Load DDS texture: Squad/Parts/Engine/liquidEngineLV-909_v2/TerrierFairing
[LOG 23:09:41.669] Load DDS texture: Squad/Parts/Engine/liquidEngineLV-909_v2/Terrier_glow
[LOG 23:09:41.676] Load DDS texture: Squad/Parts/Engine/liquidEngineLV-N/model000
[LOG 23:09:41.683] Load DDS texture: Squad/Parts/Engine/liquidEngineLV-N/model001
[LOG 23:09:41.688] Load DDS texture: Squad/Parts/Engine/liquidEngineLV-N/model002
[LOG 23:09:41.693] Load DDS texture: Squad/Parts/Engine/liquidEngineLV-N/model003
[LOG 23:09:41.702] Load DDS texture: Squad/Parts/Engine/liquidEngineLV-T30/model000
[LOG 23:09:41.725] Load DDS texture: Squad/Parts/Engine/liquidEngineLV-T30/model001
[LOG 23:09:41.735] Load DDS texture: Squad/Parts/Engine/liquidEngineLV-T30/model002
[LOG 23:09:41.747] Load DDS texture: Squad/Parts/Engine/liquidEngineLV-T30_v2/Engine_Emissive
[LOG 23:09:41.755] Load DDS texture: Squad/Parts/Engine/liquidEngineLV-T30_v2/Engine_Normal
[LOG 23:09:41.764] Load DDS texture: Squad/Parts/Engine/liquidEngineLV-T30_v2/Fairing
[LOG 23:09:41.771] Load DDS texture: Squad/Parts/Engine/liquidEngineLV-T30_v2/Reliant_v2-shroud_Diffuse
[LOG 23:09:41.780] Load DDS texture: Squad/Parts/Engine/liquidEngineLV-T30_v2/Reliant_v2_Diffuse
[LOG 23:09:41.789] Load DDS texture: Squad/Parts/Engine/liquidEngineLV-T45/model000
[LOG 23:09:41.795] Load DDS texture: Squad/Parts/Engine/liquidEngineLV-T45/model001
[LOG 23:09:41.803] Load DDS texture: Squad/Parts/Engine/liquidEngineLV-T45/model002
[LOG 23:09:41.819] Load DDS texture: Squad/Parts/Engine/liquidEngineLV-T45/model003
[LOG 23:09:41.827] Load DDS texture: Squad/Parts/Engine/liquidEngineLV-T45_v2/Engine_Emissive
[LOG 23:09:41.835] Load DDS texture: Squad/Parts/Engine/liquidEngineLV-T45_v2/Fairing
[LOG 23:09:41.843] Load DDS texture: Squad/Parts/Engine/liquidEngineLV-T45_v2/Swivel_v2_Diffuse
[LOG 23:09:41.852] Load DDS texture: Squad/Parts/Engine/liquidEngineLV-T45_v2/Swivel_v2_Normal
[LOG 23:09:41.860] Load DDS texture: Squad/Parts/Engine/liquidEngineMainsail_v2/mainsail_diffuse
[LOG 23:09:41.869] Load DDS texture: Squad/Parts/Engine/liquidEngineMainsail_v2/mainsail_emissive
[LOG 23:09:41.876] Load DDS texture: Squad/Parts/Engine/liquidEngineMainsail_v2/mainsail_nrm
[LOG 23:09:41.884] Load DDS texture: Squad/Parts/Engine/liquidEngineMainsail_v2/mainsail_specular
[LOG 23:09:41.891] Load DDS texture: Squad/Parts/Engine/liquidEngineMainsail_v2/Shroud
[LOG 23:09:41.899] Load DDS texture: Squad/Parts/Engine/liquidEngineMk55/Thud
[LOG 23:09:41.905] Load DDS texture: Squad/Parts/Engine/liquidEngineMk55/Thud_Heat
[LOG 23:09:41.911] Load DDS texture: Squad/Parts/Engine/liquidEnginePoodle_v2/poodle
[LOG 23:09:41.917] Load DDS texture: Squad/Parts/Engine/liquidEnginePoodle_v2/PoodleShroud
[LOG 23:09:41.924] Load DDS texture: Squad/Parts/Engine/liquidEnginePoodle_v2/poodle_Glow
[LOG 23:09:41.930] Load DDS texture: Squad/Parts/Engine/liquidEnginePoodle_v2/Poodle_SingleBell_Poodle_Diffuse
[LOG 23:09:41.937] Load DDS texture: Squad/Parts/Engine/liquidEnginePoodle_v2/Poodle_SingleBell_Poodle_Emissive
[LOG 23:09:41.944] Load DDS texture: Squad/Parts/Engine/liquidEnginePoodle_v2/Poodle_SingleBell_Poodle_Normal
[LOG 23:09:41.951] Load DDS texture: Squad/Parts/Engine/liquidEngineSkipper_v2/Shroud
[LOG 23:09:41.957] Load DDS texture: Squad/Parts/Engine/liquidEngineSkipper_v2/skipper_v2_diffuse
[LOG 23:09:41.969] Load DDS texture: Squad/Parts/Engine/liquidEngineSkipper_v2/skipper_v2_emissive
[LOG 23:09:41.979] Load DDS texture: Squad/Parts/Engine/liquidEngineSkipper_v2/skipper_v2_normal
[LOG 23:09:41.987] Load DDS texture: Squad/Parts/Engine/liquidEngineSSME/SSME
[LOG 23:09:41.993] Load DDS texture: Squad/Parts/Engine/liquidEngineSSME/SSME_GLOW
[LOG 23:09:42.004] Load DDS texture: Squad/Parts/Engine/liquidEngineSSME/SSME_NRM
[LOG 23:09:42.011] Load DDS texture: Squad/Parts/Engine/MassiveSRB/solid_booster_cm
[LOG 23:09:42.017] Load DDS texture: Squad/Parts/Engine/MassiveSRB/solid_booster_cm_esa
[LOG 23:09:42.023] Load DDS texture: Squad/Parts/Engine/MassiveSRB/solid_booster_em
[LOG 23:09:42.030] Load DDS texture: Squad/Parts/Engine/MassiveSRB/solid_booster_nm
[LOG 23:09:42.037] Load DDS texture: Squad/Parts/Engine/miniJet/SmallJet
[LOG 23:09:42.043] Load DDS texture: Squad/Parts/Engine/OMSEngine/Puff_diffuse
[LOG 23:09:42.049] Load DDS texture: Squad/Parts/Engine/OMSEngine/Puff_emissive
[LOG 23:09:42.057] Load DDS texture: Squad/Parts/Engine/OMSEngine/Puff_normal
[LOG 23:09:42.062] Load DDS texture: Squad/Parts/Engine/OMSEngine/Puff_specular
[LOG 23:09:42.068] Load DDS texture: Squad/Parts/Engine/rapierEngine/rapierDiffuse
[LOG 23:09:42.074] Load DDS texture: Squad/Parts/Engine/rapierEngine/rapieremit
[LOG 23:09:42.081] Load DDS texture: Squad/Parts/Engine/Size1_SRBs/SRB_O
[LOG 23:09:42.087] Load DDS texture: Squad/Parts/Engine/Size1_SRBs/SRB_W
[LOG 23:09:42.093] Load DDS texture: Squad/Parts/Engine/Size1_SRBs/SRB_Y
[LOG 23:09:42.101] Load DDS texture: Squad/Parts/Engine/Size2LFB/Size2LFBEmissive
[LOG 23:09:42.107] Load DDS texture: Squad/Parts/Engine/Size2LFB/twin_nozzle_booster_cm
[LOG 23:09:42.113] Load DDS texture: Squad/Parts/Engine/Size2LFB/twin_nozzle_booster_nm
[LOG 23:09:42.120] Load DDS texture: Squad/Parts/Engine/Size2LFB_v2/Size2LFBEmissive
[LOG 23:09:42.125] Load DDS texture: Squad/Parts/Engine/Size2LFB_v2/twin_nozzle_booster_cm
[LOG 23:09:42.132] Load DDS texture: Squad/Parts/Engine/Size2LFB_v2/twin_nozzle_booster_nm
[LOG 23:09:42.140] Load DDS texture: Squad/Parts/Engine/Size3AdvancedEngine/decoupler_and_adaptor_cm
[LOG 23:09:42.147] Load DDS texture: Squad/Parts/Engine/Size3AdvancedEngine/Size3AdvancedEngineDiffuse
[LOG 23:09:42.153] Load DDS texture: Squad/Parts/Engine/Size3AdvancedEngine/Size3AdvancedEngineEmissive
[LOG 23:09:42.163] Load DDS texture: Squad/Parts/Engine/Size3AdvancedEngine/Size3AdvancedEngineNormal
[LOG 23:09:42.179] Load DDS texture: Squad/Parts/Engine/Size3EngineCluster/ClusterEngineEmit
[LOG 23:09:42.186] Load DDS texture: Squad/Parts/Engine/Size3EngineCluster/four_nozzle_engine_cm
[LOG 23:09:42.192] Load DDS texture: Squad/Parts/Engine/Size3EngineCluster/four_nozzle_engine_nm
[LOG 23:09:42.199] Load DDS texture: Squad/Parts/Engine/solidBoosterBACC/model000
[LOG 23:09:42.209] Load DDS texture: Squad/Parts/Engine/solidBoosterBACC/model001
[LOG 23:09:42.216] Load DDS texture: Squad/Parts/Engine/solidBoosterBACC/model002
[LOG 23:09:42.223] Load DDS texture: Squad/Parts/Engine/solidBoosterRT-5/RT5
[LOG 23:09:42.239] Load DDS texture: Squad/Parts/Engine/solidBoosterS2-17/solidBoosterS2-17_diffuse
[LOG 23:09:42.252] Load DDS texture: Squad/Parts/Engine/solidBoosterS2-17/solidBoosterS2-17_emissive
[LOG 23:09:42.264] Load DDS texture: Squad/Parts/Engine/solidBoosterS2-17/solidBoosterS2-17_normal
[LOG 23:09:42.285] Load DDS texture: Squad/Parts/Engine/solidBoosterS2-33/solidBoosterS2-33_diffuse
[LOG 23:09:42.323] Load DDS texture: Squad/Parts/Engine/solidBoosterS2-33/solidBoosterS2-33_emissive
[LOG 23:09:42.345] Load DDS texture: Squad/Parts/Engine/solidBoosterS2-33/solidBoosterS2-33_normal
[LOG 23:09:42.363] Load DDS texture: Squad/Parts/Engine/solidBoosterSep/model000
[LOG 23:09:42.363] Load DDS texture: Squad/Parts/Engine/solidBoosterSep/motor
[LOG 23:09:42.368] Load DDS texture: Squad/Parts/Engine/SolidBoostersF/Assets/SolidBoosterF3S0_diffuse
[LOG 23:09:42.376] Load DDS texture: Squad/Parts/Engine/SolidBoostersF/Assets/SolidBoosterF3S0_emissive
[LOG 23:09:42.382] Load DDS texture: Squad/Parts/Engine/SolidBoostersF/Assets/SolidBoosterF3S0_normal
[LOG 23:09:42.388] Load DDS texture: Squad/Parts/FuelTank/adapterTanks/Mk3Adapters
[LOG 23:09:42.399] Load DDS texture: Squad/Parts/FuelTank/drainTankFTE-1/fuelValve_diffuse
[LOG 23:09:42.405] Load DDS texture: Squad/Parts/FuelTank/drainTankFTE-1/fuelValve_nrm
[LOG 23:09:42.413] Load DDS texture: Squad/Parts/FuelTank/FoilTanks/RadialTanks
[LOG 23:09:42.421] Load DDS texture: Squad/Parts/FuelTank/FoilTanks/RadialTanksGold_specular
[LOG 23:09:42.428] Load DDS texture: Squad/Parts/FuelTank/FoilTanks/RadialTanksSilver_specular
[LOG 23:09:42.436] Load DDS texture: Squad/Parts/FuelTank/FoilTanks/RadialTanks_N
[LOG 23:09:42.443] Load DDS texture: Squad/Parts/FuelTank/FoilTanks/RadialTanks_silver
[LOG 23:09:42.451] Load DDS texture: Squad/Parts/FuelTank/fuelTankOscarB/model000
[LOG 23:09:42.458] Load DDS texture: Squad/Parts/FuelTank/fuelTankOscarB/model001
[LOG 23:09:42.464] Load DDS texture: Squad/Parts/FuelTank/fuelTankOscarB/tank
[LOG 23:09:42.469] Load DDS texture: Squad/Parts/FuelTank/fuelTankOscarB/tank_n
[LOG 23:09:42.475] Load DDS texture: Squad/Parts/FuelTank/miniFuselage/Fuselage
[LOG 23:09:42.482] Load DDS texture: Squad/Parts/FuelTank/mk2Adapters/mk2adapters1m
[LOG 23:09:42.489] Load DDS texture: Squad/Parts/FuelTank/mk2FuselageLong/mk2Fuselage
[LOG 23:09:42.494] Load DDS texture: Squad/Parts/FuelTank/mk2FuselageShort/mk2FuselageShort
[LOG 23:09:42.502] Load DDS texture: Squad/Parts/FuelTank/mk3Fuselage/Mk3Fuselage
[LOG 23:09:42.509] Load DDS texture: Squad/Parts/FuelTank/mk3Fuselage/Mk3Fuselage_LUM
[LOG 23:09:42.517] Load DDS texture: Squad/Parts/FuelTank/RCSFuelTankR1/RCSFuelTankR1_01
[LOG 23:09:42.523] Load DDS texture: Squad/Parts/FuelTank/RCSFuelTankR1/RCSFuelTankR1_02
[LOG 23:09:42.531] Load DDS texture: Squad/Parts/FuelTank/RCSFuelTankR1/RCSFuelTankR1_N
[LOG 23:09:42.538] Load DDS texture: Squad/Parts/FuelTank/RCSFuelTankR10/ksp_m_rcsTank_diff
[LOG 23:09:42.556] Load DDS texture: Squad/Parts/FuelTank/RCSFuelTankR10/ksp_m_rcsTank_normal
[LOG 23:09:42.562] Load DDS texture: Squad/Parts/FuelTank/RCSFuelTankR25/FL-R25 RCS Fuel Tank_D
[LOG 23:09:42.573] Load DDS texture: Squad/Parts/FuelTank/RCSFuelTankR25/FL-R25 RCS Fuel Tank_N
[LOG 23:09:42.580] Load DDS texture: Squad/Parts/FuelTank/RCSTankRadial/model000
[LOG 23:09:42.586] Load DDS texture: Squad/Parts/FuelTank/RCStankRadialLong/ksp_r_rcsCylTank_diff
[LOG 23:09:42.593] Load DDS texture: Squad/Parts/FuelTank/RockomaxTanks/Assets/rockomax_16 [AlbedoM] BW
[LOG 23:09:42.610] Load DDS texture: Squad/Parts/FuelTank/RockomaxTanks/Assets/rockomax_16 [AlbedoM] ESA
[LOG 23:09:42.619] Load DDS texture: Squad/Parts/FuelTank/RockomaxTanks/Assets/rockomax_16 [AlbedoM] O
[LOG 23:09:42.627] Load DDS texture: Squad/Parts/FuelTank/RockomaxTanks/Assets/rockomax_16 [Normal] BW
[LOG 23:09:42.637] Load DDS texture: Squad/Parts/FuelTank/RockomaxTanks/Assets/rockomax_16 [Normal]ESA
[LOG 23:09:42.646] Load DDS texture: Squad/Parts/FuelTank/RockomaxTanks/Assets/rockomax_16 [Normal]O
[LOG 23:09:42.653] Load DDS texture: Squad/Parts/FuelTank/RockomaxTanks/Assets/rockomax_32 [AlbedoM] ESA
[LOG 23:09:42.661] Load DDS texture: Squad/Parts/FuelTank/RockomaxTanks/Assets/rockomax_32 [Normal]ESA
[LOG 23:09:42.667] Load DDS texture: Squad/Parts/FuelTank/Size1_Tanks/125Tanks_BW
[LOG 23:09:42.675] Load DDS texture: Squad/Parts/FuelTank/Size1_Tanks/125Tanks_D
[LOG 23:09:42.682] Load DDS texture: Squad/Parts/FuelTank/Size1_Tanks/125Tanks_N
[LOG 23:09:42.690] Load DDS texture: Squad/Parts/FuelTank/Size1_Tanks/125Tanks_O
[LOG 23:09:42.698] Load DDS texture: Squad/Parts/FuelTank/Size1_Tanks/125Tanks_W
[LOG 23:09:42.704] Load DDS texture: Squad/Parts/FuelTank/Size3Tanks/fueltTanks_cm
[LOG 23:09:42.711] Load Cached PNG Texture: Squad/Parts/FuelTank/Size3Tanks/Size3Tanks
[LOG 23:09:42.719] Load Cached PNG Texture: Squad/Parts/FuelTank/Size3Tanks/Size3Tanks_Norm
[LOG 23:09:42.725] Load Cached PNG Texture: Squad/Parts/FuelTank/Size3Tanks/Size3Tanks_Orange
[LOG 23:09:42.733] Load Cached PNG Texture: Squad/Parts/FuelTank/Size3Tanks/Size3Tanks_Orange_Norm
[LOG 23:09:42.739] Load DDS texture: Squad/Parts/FuelTank/xenonTank/model000
[LOG 23:09:42.745] Load DDS texture: Squad/Parts/FuelTank/xenonTank/model001
[LOG 23:09:42.752] Load DDS texture: Squad/Parts/FuelTank/xenonTankLarge/tank
[LOG 23:09:42.759] Load DDS texture: Squad/Parts/FuelTank/xenonTankRadial/ksp_r_xenonTank_diff
[LOG 23:09:42.764] Load DDS texture: Squad/Parts/Misc/AsteroidDay/CamSat
[LOG 23:09:42.778] Load DDS texture: Squad/Parts/Misc/AsteroidDay/CamSat_glow
[LOG 23:09:42.785] Load DDS texture: Squad/Parts/Misc/AsteroidDay/CamSat_N_NRM
[LOG 23:09:42.795] Load DDS texture: Squad/Parts/Misc/AsteroidDay/default
[LOG 23:09:42.804] Load DDS texture: Squad/Parts/Misc/AsteroidDay/hecsDiffuse
[LOG 23:09:42.810] Load DDS texture: Squad/Parts/Misc/AsteroidDay/hecsNormal
[LOG 23:09:42.818] Load DDS texture: Squad/Parts/Misc/AsteroidDay/hecsSpecular
[LOG 23:09:42.824] Load DDS texture: Squad/Parts/Misc/AsteroidDay/JumboHexProbe
[LOG 23:09:42.830] Load DDS texture: Squad/Parts/Misc/AsteroidDay/JumboHexProbe_NORM_NRM
[LOG 23:09:42.837] Load DDS texture: Squad/Parts/Resources/FuelCell/FCLamp
[LOG 23:09:42.842] Load DDS texture: Squad/Parts/Resources/FuelCell/FuelCellRack
[LOG 23:09:42.848] Load DDS texture: Squad/Parts/Resources/FuelCell/fuellcell
[LOG 23:09:42.854] Load DDS texture: Squad/Parts/Resources/ISRU/Processor_Large
[LOG 23:09:42.859] Load DDS texture: Squad/Parts/Resources/LargeTank/ksp_l_resourceContainer_diff
[LOG 23:09:42.865] Load DDS texture: Squad/Parts/Resources/LargeTank/ksp_l_resourceContainer_norm
[LOG 23:09:42.872] Load DDS texture: Squad/Parts/Resources/MiniDrill/DustParticle
[LOG 23:09:42.878] Load DDS texture: Squad/Parts/Resources/MiniDrill/ksp_r_rockProbe_diff
[LOG 23:09:42.884] Load DDS texture: Squad/Parts/Resources/MiniDrill/RockParticle
[LOG 23:09:42.890] Load DDS texture: Squad/Parts/Resources/MiniISRU/ksp_s_processorSmall_diff
[LOG 23:09:42.900] Load DDS texture: Squad/Parts/Resources/OrbitalScanner/detector
[LOG 23:09:42.912] Load DDS texture: Squad/Parts/Resources/RadialDrill/DustParticle
[LOG 23:09:42.918] Load DDS texture: Squad/Parts/Resources/RadialDrill/RockParticle
[LOG 23:09:42.927] Load DDS texture: Squad/Parts/Resources/RadialDrill/TriBitDrill
[LOG 23:09:42.934] Load DDS texture: Squad/Parts/Resources/RadialTank/ksp_r_resourceContainer_psd_2
[LOG 23:09:42.946] Load DDS texture: Squad/Parts/Resources/SmallTank/ksp_s_resourceContainer_diff
[LOG 23:09:42.954] Load DDS texture: Squad/Parts/Resources/SmallTank/ksp_s_resourceContainer_normal
[LOG 23:09:42.963] Load DDS texture: Squad/Parts/Resources/SurfaceScanner/ksp_r_samplerAir_diff
[LOG 23:09:42.970] Load DDS texture: Squad/Parts/Resources/SurveyScanner/dish
[LOG 23:09:42.977] Load DDS texture: Squad/Parts/Resources/SurveyScanner/dish_n
[LOG 23:09:42.983] Load DDS texture: Squad/Parts/Science/AtmosphereSensor/ksp_r_hydroscoop_diff
[LOG 23:09:42.990] Load DDS texture: Squad/Parts/Science/GooExperiment/GooExperiment
[LOG 23:09:42.996] Load DDS texture: Squad/Parts/Science/LargeCrewedLab/Large_Crewed_Lab
[LOG 23:09:43.002] Load DDS texture: Squad/Parts/Science/LargeCrewedLab/Large_Crewed_Lab_glow
[LOG 23:09:43.003] Load DDS texture: Squad/Parts/Science/LargeCrewedLab/window
[LOG 23:09:43.010] Load DDS texture: Squad/Parts/Science/Magnetometer/Magnetometer_diffuse
[LOG 23:09:43.016] Load DDS texture: Squad/Parts/Science/Magnetometer/Magnetometer_nrm
[LOG 23:09:43.022] Load DDS texture: Squad/Parts/Science/MaterialBay/science_module_small
[LOG 23:09:43.029] Load DDS texture: Squad/Parts/Science/MaterialBay/science_module_small_emit
[LOG 23:09:43.036] Load DDS texture: Squad/Parts/Science/MaterialBay/science_module_small_nrm
[LOG 23:09:43.043] Load DDS texture: Squad/Parts/Science/MaterialBay/wires
[LOG 23:09:43.049] Load DDS texture: Squad/Parts/Science/ScienceBox/Container
[LOG 23:09:43.055] Load DDS texture: Squad/Parts/Science/sensorAccelerometer/model000
[LOG 23:09:43.060] Load DDS texture: Squad/Parts/Science/sensorBarometer/model000
[LOG 23:09:43.067] Load DDS texture: Squad/Parts/Science/sensorGravimeter/model000
[LOG 23:09:43.073] Load DDS texture: Squad/Parts/Science/sensorThermometer/model000
[LOG 23:09:43.079] Load DDS texture: Squad/Parts/Structural/FLAdapters/Assets/FLA-Adapters_diffuse
[LOG 23:09:43.087] Load DDS texture: Squad/Parts/Structural/FLAdapters/Assets/FLA-Adapters_diffuse_O
[LOG 23:09:43.094] Load DDS texture: Squad/Parts/Structural/FLAdapters/Assets/FLA-Adapters_normal
[LOG 23:09:43.101] Load DDS texture: Squad/Parts/Structural/FLAdapters/Assets/FLA-Adapters_normal_O
[LOG 23:09:43.107] Load DDS texture: Squad/Parts/Structural/mk1Parts/Mk1Structural
[LOG 23:09:43.114] Load DDS texture: Squad/Parts/Structural/mk1Parts/Mk1StructuralHeat
[LOG 23:09:43.121] Load Cached PNG Texture: Squad/Parts/Structural/mk1Parts/@thumbs/MK1Fuselage_icon
[LOG 23:09:43.129] Load DDS texture: Squad/Parts/Structural/Size3To2Adapter_v2/Size2to3_BW_Diffuse
[LOG 23:09:43.135] Load DDS texture: Squad/Parts/Structural/Size3To2Adapter_v2/Size2to3_DUMMY_NRM
[LOG 23:09:43.143] Load DDS texture: Squad/Parts/Structural/Size3To2Adapter_v2/Size2to3_O_Diffuse
[LOG 23:09:43.152] Load DDS texture: Squad/Parts/Structural/Size3To2Adapter_v2/Size2to3_W_Diffuse
[LOG 23:09:43.163] Load DDS texture: Squad/Parts/Structural/Size3To2Adapter_v2/Size2to3_W_NRM
[LOG 23:09:43.171] Load DDS texture: Squad/Parts/Structural/stackAdapters/Assets/stackAdapters_diffuse
[LOG 23:09:43.177] Load DDS texture: Squad/Parts/Structural/stackAdapters/Assets/stackAdapters_diffuse_Dark
[LOG 23:09:43.184] Load DDS texture: Squad/Parts/Structural/stackAdapters/Assets/stackAdapters_diffuse_Orange
[LOG 23:09:43.191] Load DDS texture: Squad/Parts/Structural/stackAdapters/Assets/stackAdapters_normal
[LOG 23:09:43.197] Load DDS texture: Squad/Parts/Structural/stackAdapters/Assets/stackAdapters_normal_Orange
[LOG 23:09:43.204] Load DDS texture: Squad/Parts/Structural/stationHub/model000
[LOG 23:09:43.212] Load DDS texture: Squad/Parts/Structural/stationHub/model001
[LOG 23:09:43.218] Load DDS texture: Squad/Parts/Structural/structuralIBeam200/model000
[LOG 23:09:43.224] Load DDS texture: Squad/Parts/Structural/structuralIBeam200Pocket/model000
[LOG 23:09:43.230] Load DDS texture: Squad/Parts/Structural/structuralIBeam650/model000
[LOG 23:09:43.237] Load DDS texture: Squad/Parts/Structural/structuralMicronode/model000
[LOG 23:09:43.242] Load DDS texture: Squad/Parts/Structural/structuralPanel1x1/model000
[LOG 23:09:43.257] Load DDS texture: Squad/Parts/Structural/structuralPanel1x1/model001
[LOG 23:09:43.263] Load DDS texture: Squad/Parts/Structural/structuralPanel2x2/model000
[LOG 23:09:43.277] Load DDS texture: Squad/Parts/Structural/structuralPanel2x2/model001
[LOG 23:09:43.285] Load DDS texture: Squad/Parts/Structural/structuralPylons/Pylons
[LOG 23:09:43.291] Load DDS texture: Squad/Parts/Structural/strutCubicOcto/cubestrut
[LOG 23:09:43.298] Load DDS texture: Squad/Parts/Structural/strutOcto/model000
[LOG 23:09:43.304] Load DDS texture: Squad/Parts/Structural/trussGirderAdapter/model000
[LOG 23:09:43.311] Load DDS texture: Squad/Parts/Structural/trussGirderAdapter/model001
[LOG 23:09:43.317] Load DDS texture: Squad/Parts/Structural/trussGirderL/model000
[LOG 23:09:43.322] Load DDS texture: Squad/Parts/Structural/trussGirderXL/model000
[LOG 23:09:43.331] Load DDS texture: Squad/Parts/Thermal/FoldingRadiators/radiator
[LOG 23:09:43.339] Load DDS texture: Squad/Parts/Thermal/FoldingRadiators/radiator_N_NRM
[LOG 23:09:43.347] Load DDS texture: Squad/Parts/Thermal/RadiatorPanels/radPanel
[LOG 23:09:43.353] Load DDS texture: Squad/Parts/Thermal/RadiatorPanels/radPanel_N_NRM
[LOG 23:09:43.366] Load DDS texture: Squad/Parts/Utility/commDish88-88/comm_dish_array
[LOG 23:09:43.373] Load DDS texture: Squad/Parts/Utility/commDish88-88/comm_dish_v2_diff
[LOG 23:09:43.380] Load DDS texture: Squad/Parts/Utility/commDish88-88/model000
[LOG 23:09:43.385] Load DDS texture: Squad/Parts/Utility/commsAntennaDTS-M1/mediumDishAntenna
[LOG 23:09:43.393] Load DDS texture: Squad/Parts/Utility/commsAntennaDTS-M1/mediumDishAntenna_Emit
[LOG 23:09:43.400] Load DDS texture: Squad/Parts/Utility/commsDish16/model000
[LOG 23:09:43.408] Load DDS texture: Squad/Parts/Utility/decouplerRadialHDM/model000
[LOG 23:09:43.417] Load DDS texture: Squad/Parts/Utility/decouplerRadialTT-38K/model000
[LOG 23:09:43.426] Load DDS texture: Squad/Parts/Utility/decouplerRadialTT-38K/model001
[LOG 23:09:43.432] Load DDS texture: Squad/Parts/Utility/decouplerRadialTT-70/model000
[LOG 23:09:43.439] Load DDS texture: Squad/Parts/Utility/DirectAntennas/MiniAntenna
[LOG 23:09:43.445] Load DDS texture: Squad/Parts/Utility/dockingPort/Arrow Pointer
[LOG 23:09:43.453] Load DDS texture: Squad/Parts/Utility/dockingPort/DockingPorts_Clampotron_Diffuse
[LOG 23:09:43.461] Load DDS texture: Squad/Parts/Utility/dockingPort/DockingPorts_Clampotron_Emissive
[LOG 23:09:43.468] Load DDS texture: Squad/Parts/Utility/dockingPort/DockingPorts_Clampotron_Normal
[LOG 23:09:43.471] Load DDS texture: Squad/Parts/Utility/dockingPortInline/Arrow Pointer
[LOG 23:09:43.478] Load DDS texture: Squad/Parts/Utility/dockingPortInline/ClampotronLinear_ClampotronLinear_Diffuse
[LOG 23:09:43.490] Load DDS texture: Squad/Parts/Utility/dockingPortInline/ClampotronLinear_ClampotronLinear_Emissive
[LOG 23:09:43.499] Load DDS texture: Squad/Parts/Utility/dockingPortInline/ClampotronLinear_ClampotronLinear_Normal
[LOG 23:09:43.507] Load DDS texture: Squad/Parts/Utility/dockingPortInline/DockingPorts_Clampotron_Diffuse
[LOG 23:09:43.519] Load DDS texture: Squad/Parts/Utility/dockingPortInline/DockingPorts_Clampotron_Emissive
[LOG 23:09:43.529] Load DDS texture: Squad/Parts/Utility/dockingPortInline/DockingPorts_Clampotron_Normal
[LOG 23:09:43.531] Load DDS texture: Squad/Parts/Utility/dockingPortJr/Arrow Pointer
[LOG 23:09:43.540] Load DDS texture: Squad/Parts/Utility/dockingPortJr/DockingPorts_ClampotronJR_Diffuse
[LOG 23:09:43.548] Load DDS texture: Squad/Parts/Utility/dockingPortJr/DockingPorts_ClampotronJR_Normal
[LOG 23:09:43.555] Load DDS texture: Squad/Parts/Utility/dockingPortJr/model000
[LOG 23:09:43.556] Load DDS texture: Squad/Parts/Utility/dockingPortShielded/Arrow Pointer
[LOG 23:09:43.563] Load DDS texture: Squad/Parts/Utility/dockingPortShielded/Clamp-O-Tron Shielded Docking Port_ClampotronShielded_Diffuse
[LOG 23:09:43.575] Load DDS texture: Squad/Parts/Utility/dockingPortShielded/Clamp-O-Tron Shielded Docking Port_ClampotronShielded_Normal
[LOG 23:09:43.583] Load DDS texture: Squad/Parts/Utility/dockingPortShielded/DockingPorts_Clampotron_Diffuse
[LOG 23:09:43.591] Load DDS texture: Squad/Parts/Utility/dockingPortShielded/DockingPorts_Clampotron_Emissive
[LOG 23:09:43.598] Load DDS texture: Squad/Parts/Utility/dockingPortShielded/DockingPorts_Clampotron_Normal
[LOG 23:09:43.601] Load DDS texture: Squad/Parts/Utility/dockingPortSr/Arrow Pointer
[LOG 23:09:43.612] Load DDS texture: Squad/Parts/Utility/dockingPortSr/ClampotronSr_ClampotronSr_Diffuse
[LOG 23:09:43.620] Load DDS texture: Squad/Parts/Utility/dockingPortSr/ClampotronSr_ClampotronSr_Diffuse_gray
[LOG 23:09:43.628] Load DDS texture: Squad/Parts/Utility/dockingPortSr/ClampotronSr_ClampotronSr_Emissive
[LOG 23:09:43.635] Load DDS texture: Squad/Parts/Utility/dockingPortSr/ClampotronSr_ClampotronSr_Normal
[LOG 23:09:43.646] Load Cached PNG Texture: Squad/Parts/Utility/Fireworks/Assets/fireworks_launcher_big 1
[LOG 23:09:43.658] Load Cached PNG Texture: Squad/Parts/Utility/Fireworks/Assets/fireworks_launcher_big
[LOG 23:09:43.665] Load Cached PNG Texture: Squad/Parts/Utility/flags/backgroundTextures/dark_background
[LOG 23:09:43.673] Load Cached PNG Texture: Squad/Parts/Utility/flags/backgroundTextures/orange_background
[LOG 23:09:43.679] Load Cached PNG Texture: Squad/Parts/Utility/flags/backgroundTextures/white_background
[LOG 23:09:43.687] Load DDS texture: Squad/Parts/Utility/GrapplingDevice/grabberDiffuse
[LOG 23:09:43.693] Load DDS texture: Squad/Parts/Utility/GrapplingDevice/grabberDiffuse_dark
[LOG 23:09:43.698] Load DDS texture: Squad/Parts/Utility/GrapplingDevice/grabberNRM
[LOG 23:09:43.699] Load DDS texture: Squad/Parts/Utility/GrapplingDevice/window
[LOG 23:09:43.705] Load DDS texture: Squad/Parts/Utility/ladderRadial/model000
[LOG 23:09:43.710] Load DDS texture: Squad/Parts/Utility/ladderTelescopic/model000
[LOG 23:09:43.715] Load DDS texture: Squad/Parts/Utility/ladderTelescopic/model001
[LOG 23:09:43.722] Load DDS texture: Squad/Parts/Utility/ladderTelescopic/model002
[LOG 23:09:43.728] Load DDS texture: Squad/Parts/Utility/ladderTelescopicBay/model000
[LOG 23:09:43.734] Load DDS texture: Squad/Parts/Utility/ladderTelescopicBay/model001
[LOG 23:09:43.741] Load DDS texture: Squad/Parts/Utility/landingLegLT-1/ksp_r_landingStrut_diff
[LOG 23:09:43.747] Load DDS texture: Squad/Parts/Utility/landingLegLT-2/landingLeg
[LOG 23:09:43.755] Load DDS texture: Squad/Parts/Utility/landingLegLT-5/leg
[LOG 23:09:43.763] Load DDS texture: Squad/Parts/Utility/landingLegLT-5/model000
[LOG 23:09:43.772] Load DDS texture: Squad/Parts/Utility/launchClamp1/model000
[LOG 23:09:43.778] Load DDS texture: Squad/Parts/Utility/launchClamp1/model001
[LOG 23:09:43.785] Load DDS texture: Squad/Parts/Utility/launchEscapeSystem/LES_Diffuse
[LOG 23:09:43.793] Load DDS texture: Squad/Parts/Utility/Lights/Assets/Lights_Attacheable_Lights_Diffuse
[LOG 23:09:43.799] Load DDS texture: Squad/Parts/Utility/Lights/Assets/Lights_Attacheable_Lights_Diffuse_white
[LOG 23:09:43.807] Load DDS texture: Squad/Parts/Utility/Lights/Assets/Lights_Attacheable_Lights_Emissive
[LOG 23:09:43.814] Load DDS texture: Squad/Parts/Utility/Lights/Assets/Lights_Attacheable_Lights_Normal
[LOG 23:09:43.821] Load DDS texture: Squad/Parts/Utility/Lights/Assets/Lights_Rectangle_Light_Diffuse
[LOG 23:09:43.835] Load DDS texture: Squad/Parts/Utility/Lights/Assets/Lights_Rectangle_Light_Diffuse_white
[LOG 23:09:43.843] Load DDS texture: Squad/Parts/Utility/Lights/Assets/Lights_Rectangle_Light_Emissive
[LOG 23:09:43.855] Load DDS texture: Squad/Parts/Utility/Lights/Assets/Lights_Rectangle_Light_Normal
[LOG 23:09:43.864] Load DDS texture: Squad/Parts/Utility/Lights/Assets/Lights_Worklights_Diffuse
[LOG 23:09:43.871] Load DDS texture: Squad/Parts/Utility/Lights/Assets/Lights_Worklights_Emissive
[LOG 23:09:43.877] Load DDS texture: Squad/Parts/Utility/Lights/Assets/Lights_Worklights_Normal
[LOG 23:09:43.884] Load DDS texture: Squad/Parts/Utility/Lights/Assets/Spotlight_Attacheable_Lights_Diffuse
[LOG 23:09:43.891] Load DDS texture: Squad/Parts/Utility/Lights/Assets/Spotlight_Attacheable_Lights_Diffuse_white
[LOG 23:09:43.896] Load DDS texture: Squad/Parts/Utility/Lights/Assets/Spotlight_Attacheable_Lights_Emissive
[LOG 23:09:43.902] Load DDS texture: Squad/Parts/Utility/Lights/Assets/Spotlight_Attacheable_Lights_Normal
[LOG 23:09:43.908] Load DDS texture: Squad/Parts/Utility/linearVernorRCS/Assets/linear_vernor_diffuse
[LOG 23:09:43.914] Load DDS texture: Squad/Parts/Utility/linearVernorRCS/Assets/linear_vernor_emissive
[LOG 23:09:43.924] Load DDS texture: Squad/Parts/Utility/linearVernorRCS/Assets/linear_vernor_normalDummy
[LOG 23:09:43.931] Load DDS texture: Squad/Parts/Utility/linearVernorRCS/Assets/linear_vernor_specular
[LOG 23:09:43.937] Load DDS texture: Squad/Parts/Utility/mk2CargoBay/mk2CargoBay
[LOG 23:09:43.945] Load DDS texture: Squad/Parts/Utility/mk2CrewCabin/mk2CrewCabin
[LOG 23:09:43.953] Load DDS texture: Squad/Parts/Utility/mk2CrewCabin/mk2CrewCabin_LUM
[LOG 23:09:43.954] Load DDS texture: Squad/Parts/Utility/mk2DockingPort/Arrow Pointer
[LOG 23:09:43.961] Load DDS texture: Squad/Parts/Utility/mk2DockingPort/Mk2Clampotron_Caps_Diffuse
[LOG 23:09:43.967] Load DDS texture: Squad/Parts/Utility/mk2DockingPort/Mk2Clampotron_Caps_Emmisive
[LOG 23:09:43.975] Load DDS texture: Squad/Parts/Utility/mk2DockingPort/Mk2Clampotron_Caps_Normal
[LOG 23:09:43.984] Load DDS texture: Squad/Parts/Utility/mk2DockingPort/Mk2Clampotron_Mk2Clampotron_Diffuse
[LOG 23:09:43.993] Load DDS texture: Squad/Parts/Utility/mk2DockingPort/Mk2Clampotron_Mk2Clampotron_Emissive
[LOG 23:09:44.002] Load DDS texture: Squad/Parts/Utility/mk2DockingPort/Mk2Clampotron_Mk2Clampotron_Normal
[LOG 23:09:44.012] Load DDS texture: Squad/Parts/Utility/mk2DockingPort/mk2DockingPort
[LOG 23:09:44.018] Load DDS texture: Squad/Parts/Utility/mk3CargoBay/Mk3CargoBay
[LOG 23:09:44.026] Load DDS texture: Squad/Parts/Utility/parachuteMk1/model000
[LOG 23:09:44.035] Load DDS texture: Squad/Parts/Utility/parachuteMk1/model001
[LOG 23:09:44.042] Load DDS texture: Squad/Parts/Utility/parachuteMk12-R/model000
[LOG 23:09:44.049] Load DDS texture: Squad/Parts/Utility/parachuteMk12-R/model001
[LOG 23:09:44.057] Load DDS texture: Squad/Parts/Utility/parachuteMk16-XL/model000
[LOG 23:09:44.065] Load DDS texture: Squad/Parts/Utility/parachuteMk16-XL/model001
[LOG 23:09:44.071] Load DDS texture: Squad/Parts/Utility/parachuteMk2-R/model000
[LOG 23:09:44.078] Load DDS texture: Squad/Parts/Utility/parachuteMk2-R/model001
[LOG 23:09:44.084] Load DDS texture: Squad/Parts/Utility/parachuteMk25/model000
[LOG 23:09:44.092] Load DDS texture: Squad/Parts/Utility/parachuteMk25/model001
[LOG 23:09:44.108] Load DDS texture: Squad/Parts/Utility/radialAttachmentPoint/model000
[LOG 23:09:44.114] Load DDS texture: Squad/Parts/Utility/radialAttachmentPoint/model001
[LOG 23:09:44.123] Load DDS texture: Squad/Parts/Utility/rcsBlockRV-105_v2/rcsBlock_diffuse
[LOG 23:09:44.123] Load DDS texture: Squad/Parts/Utility/rcsBlockRV-105_v2/rcsThrusterBlock_normal
[LOG 23:09:44.130] Load DDS texture: Squad/Parts/Utility/rcsBlockRV-105_v2/rcsThruster_emissive
[LOG 23:09:44.137] Load DDS texture: Squad/Parts/Utility/rcsBlockRV-105_v2/rcsThruster_specular
[LOG 23:09:44.143] Load DDS texture: Squad/Parts/Utility/rcsBlockRV-105_v2/RCS_Block_Diffuse
[LOG 23:09:44.149] Load DDS texture: Squad/Parts/Utility/rcsBlockRV-105_v2/RCS_Block_Emissive
[LOG 23:09:44.162] Load DDS texture: Squad/Parts/Utility/rcsBlockRV-105_v2/RCS_Block_Normal
[LOG 23:09:44.170] Load DDS texture: Squad/Parts/Utility/rcsBlockRV-105_v2/RCS_Block_Specular
[LOG 23:09:44.176] Load DDS texture: Squad/Parts/Utility/rcsSmallLinear/Assets/RCS_Linear_Base_Diffuse
[LOG 23:09:44.182] Load DDS texture: Squad/Parts/Utility/rcsSmallLinear/Assets/RCS_Linear_Diffuse
[LOG 23:09:44.187] Load DDS texture: Squad/Parts/Utility/rcsSmallLinear/Assets/RCS_Linear_Emissive
[LOG 23:09:44.194] Load DDS texture: Squad/Parts/Utility/rcsSmallLinear/Assets/RCS_Linear_Normal
[LOG 23:09:44.202] Load DDS texture: Squad/Parts/Utility/rcsSmallLinear/Assets/RCS_Linear_Specular
[LOG 23:09:44.207] Load DDS texture: Squad/Parts/Utility/RelayAntennas/DishAntenna
[LOG 23:09:44.213] Load DDS texture: Squad/Parts/Utility/RelayAntennas/MiniAntenna
[LOG 23:09:44.219] Load DDS texture: Squad/Parts/Utility/rockomaxAdapters/Assets/Rockomax_Adapters_diffuse
[LOG 23:09:44.228] Load DDS texture: Squad/Parts/Utility/rockomaxAdapters/Assets/Rockomax_Adapters_diffuse_O
[LOG 23:09:44.236] Load DDS texture: Squad/Parts/Utility/rockomaxAdapters/Assets/Rockomax_Adapters_diffuse_W
[LOG 23:09:44.243] Load DDS texture: Squad/Parts/Utility/rockomaxAdapters/Assets/Rockomax_Adapters_normal
[LOG 23:09:44.249] Load DDS texture: Squad/Parts/Utility/rockomaxAdapters/Assets/Rockomax_Adapters_normal_O
[LOG 23:09:44.255] Load DDS texture: Squad/Parts/Utility/ServiceBay/ServiceBay
[LOG 23:09:44.262] Load Cached PNG Texture: Squad/Parts/Utility/ServiceBay_v2/Assets/Scratch
[LOG 23:09:44.270] Load Cached PNG Texture: Squad/Parts/Utility/ServiceBay_v2/Assets/ServiceBay_bump
[LOG 23:09:44.277] Load Cached PNG Texture: Squad/Parts/Utility/ServiceBay_v2/Assets/ServiceBay_v2
[LOG 23:09:44.283] Load DDS texture: Squad/Parts/Utility/smallClaw/grabberSmallDiffuse
[LOG 23:09:44.292] Load DDS texture: Squad/Parts/Utility/smallClaw/grabberSmallDiffuseDark
[LOG 23:09:44.297] Load DDS texture: Squad/Parts/Utility/smallClaw/grabberSmallNRM
[LOG 23:09:44.298] Load DDS texture: Squad/Parts/Utility/smallClaw/window
[LOG 23:09:44.305] Load DDS texture: Squad/Parts/Utility/spotLightMk1/light1
[LOG 23:09:44.312] Load DDS texture: Squad/Parts/Utility/spotLightMk1/light1_em
[LOG 23:09:44.318] Load DDS texture: Squad/Parts/Utility/spotLightMk1_v2/spotLightMk1_Diffuse
[LOG 23:09:44.328] Load DDS texture: Squad/Parts/Utility/spotLightMk1_v2/spotLightMk1_Diffuse_white
[LOG 23:09:44.333] Load DDS texture: Squad/Parts/Utility/spotLightMk1_v2/spotLightMk1_Emissive
[LOG 23:09:44.345] Load DDS texture: Squad/Parts/Utility/spotLightMk1_v2/spotLightMk1_Normal
[LOG 23:09:44.351] Load DDS texture: Squad/Parts/Utility/spotLightMk2/light2
[LOG 23:09:44.357] Load DDS texture: Squad/Parts/Utility/spotLightMk2/light2_em
[LOG 23:09:44.363] Load DDS texture: Squad/Parts/Utility/spotLightMk2_v2/spotLightMk2_Diffuse
[LOG 23:09:44.371] Load DDS texture: Squad/Parts/Utility/spotLightMk2_v2/spotLightMk2_Diffuse_white
[LOG 23:09:44.377] Load DDS texture: Squad/Parts/Utility/spotLightMk2_v2/spotLightMk2_Emissive
[LOG 23:09:44.383] Load DDS texture: Squad/Parts/Utility/spotLightMk2_v2/spotLightMk2_Normal
[LOG 23:09:44.388] Load DDS texture: Squad/Parts/Utility/stackCouplers/Assets/stackCouplersDiffuse
[LOG 23:09:44.398] Load DDS texture: Squad/Parts/Utility/stackCouplers/Assets/stackCouplersDiffuse_Dark
[LOG 23:09:44.405] Load DDS texture: Squad/Parts/Utility/stackCouplers/Assets/stackCouplersDiffuse_Orange
[LOG 23:09:44.412] Load DDS texture: Squad/Parts/Utility/stackCouplers/Assets/stackCouplers_NRM
[LOG 23:09:44.419] Load DDS texture: Squad/Parts/Utility/stackCouplers/Assets/stackCouplers_Orange_NRM
[LOG 23:09:44.426] Load DDS texture: Squad/Parts/Wheel/LandingGear/Flare
[LOG 23:09:44.433] Load DDS texture: Squad/Parts/Wheel/LandingGear/LandingGear
[LOG 23:09:44.444] Load DDS texture: Squad/Parts/Wheel/LandingGear/LandingGear_Emissive
[LOG 23:09:44.451] Load DDS texture: Squad/Parts/Wheel/roverWheelM1/model000
[LOG 23:09:44.458] Load DDS texture: Squad/Parts/Wheel/roverWheelM1/roverwheel1
[LOG 23:09:44.465] Load DDS texture: Squad/Parts/Wheel/roverWheelS2/model000
[LOG 23:09:44.470] Load DDS texture: Squad/Parts/Wheel/roverWheelS2/model001
[LOG 23:09:44.475] Load DDS texture: Squad/Parts/Wheel/roverWheelS2/roverwheel2
[LOG 23:09:44.522] Load DDS texture: Squad/Parts/Wheel/roverWheelS2/roverwheel2_n
[LOG 23:09:44.530] Load DDS texture: Squad/Parts/Wheel/roverWheelTR-2L/ksp_r_medWheel_diff
[LOG 23:09:44.537] Load DDS texture: Squad/Parts/Wheel/roverWheelTR-2L/ksp_r_medWheel_normal
[LOG 23:09:44.543] Load DDS texture: Squad/Parts/Wheel/roverWheelTR-2L/ksp_r_medWheel_wheel_diff
[LOG 23:09:44.553] Load DDS texture: Squad/Parts/Wheel/roverWheelTR-2L/ksp_r_medWheel_wheel_normal
[LOG 23:09:44.564] Load DDS texture: Squad/Parts/Wheel/roverWheelXL3/mount
[LOG 23:09:44.572] Load DDS texture: Squad/Parts/Wheel/roverWheelXL3/mount_n
[LOG 23:09:44.579] Load DDS texture: Squad/Parts/Wheel/roverWheelXL3/wheel
[LOG 23:09:44.593] Load DDS texture: Squad/Parts/Wheel/roverWheelXL3/wheel_n
[LOG 23:09:44.606] Load DDS texture: Squad/Props/AltimeterThreeHands/model000
[LOG 23:09:44.613] Load DDS texture: Squad/Props/AltimeterThreeHands/model001
[LOG 23:09:44.619] Load DDS texture: Squad/Props/AtmosphereDepth/model000
[LOG 23:09:44.625] Load DDS texture: Squad/Props/AtmosphereDepth/model001
[LOG 23:09:44.632] Load DDS texture: Squad/Props/AxisIndicator/model000
[LOG 23:09:44.638] Load DDS texture: Squad/Props/buttonsGeneric/ButtonsAndSwitches
[LOG 23:09:44.643] Load DDS texture: Squad/Props/ButtonSquare/model000
[LOG 23:09:44.649] Load DDS texture: Squad/Props/circularButton/model000
[LOG 23:09:44.655] Load DDS texture: Squad/Props/Compass/model000
[LOG 23:09:44.665] Load DDS texture: Squad/Props/directionalKnob/model000
[LOG 23:09:44.674] Load DDS texture: Squad/Props/directionalKnob2/model000
[LOG 23:09:44.681] Load DDS texture: Squad/Props/IndicatorPanel/model000
[LOG 23:09:44.687] Load DDS texture: Squad/Props/IndicatorPanel/model001
[LOG 23:09:44.693] Load DDS texture: Squad/Props/IVANavBall/Arrows8dir
[LOG 23:09:44.701] Load DDS texture: Squad/Props/IVANavBall/IVANavBall
[LOG 23:09:44.709] Load DDS texture: Squad/Props/IVANavBall/IVANavBall_Glow
[LOG 23:09:44.715] Load DDS texture: Squad/Props/IVANavBall/ManeuverNode_vectors
[LOG 23:09:44.723] Load DDS texture: Squad/Props/IVANavBall/navball2
[LOG 23:09:44.730] Load DDS texture: Squad/Props/IVANavBall/navBall_DV_IVA
[LOG 23:09:44.736] Load DDS texture: Squad/Props/IVANavBall/navBall_vectors_IVA
[LOG 23:09:44.743] Load Cached PNG Texture: Squad/Props/IVANavBallNoBase/Arrows8dir
[LOG 23:09:44.749] Load Cached PNG Texture: Squad/Props/IVANavBallNoBase/IVANavBall
[LOG 23:09:44.755] Load Cached PNG Texture: Squad/Props/IVANavBallNoBase/ManeuverNode_vectors
[LOG 23:09:44.761] Load Cached PNG Texture: Squad/Props/IVANavBallNoBase/navball2
[LOG 23:09:44.768] Load Cached PNG Texture: Squad/Props/IVANavBallNoBase/navBall_DV_IVA
[LOG 23:09:44.773] Load Cached PNG Texture: Squad/Props/IVANavBallNoBase/navBall_vectors_IVA
[LOG 23:09:44.780] Load DDS texture: Squad/Props/ledPanelSpeed/circularButton
[LOG 23:09:44.785] Load DDS texture: Squad/Props/ledPanelSpeed/ledPanel
[LOG 23:09:44.791] Load DDS texture: Squad/Props/Monitor/Emissives
[LOG 23:09:44.797] Load DDS texture: Squad/Props/Monitor/Emissives_glow
[LOG 23:09:44.803] Load DDS texture: Squad/Props/Monitor/Monitor
[LOG 23:09:44.809] Load DDS texture: Squad/Props/NavBall/GaugeGee
[LOG 23:09:44.815] Load DDS texture: Squad/Props/NavBall/GaugeThrottle
[LOG 23:09:44.820] Load DDS texture: Squad/Props/NavBall/model000
[LOG 23:09:44.826] Load DDS texture: Squad/Props/NavBall/model001
[LOG 23:09:44.834] Load DDS texture: Squad/Props/NavBall/model002
[LOG 23:09:44.841] Load DDS texture: Squad/Props/NavBall/model003
[LOG 23:09:44.847] Load DDS texture: Squad/Props/PropsGeneric/propsGeneric
[LOG 23:09:44.854] Load DDS texture: Squad/Props/pullSwitch/model000
[LOG 23:09:44.860] Load DDS texture: Squad/Props/pullSwitch/model001
[LOG 23:09:44.865] Load DDS texture: Squad/Props/radarAltitude/model000
[LOG 23:09:44.871] Load DDS texture: Squad/Props/squareButton/model000
[LOG 23:09:44.877] Load DDS texture: Squad/Props/standingSwitch/model000
[LOG 23:09:44.883] Load DDS texture: Squad/Props/standingSwitch/model001
[LOG 23:09:44.891] Load DDS texture: Squad/Props/switch/model000
[LOG 23:09:44.898] Load DDS texture: Squad/Props/switchGuard/model000
[LOG 23:09:44.905] Load DDS texture: Squad/Props/switchWithGuards/model000
[LOG 23:09:44.911] Load DDS texture: Squad/Props/switchWithGuards/model001
[LOG 23:09:44.917] Load DDS texture: Squad/Props/switchWithGuards/model002
[LOG 23:09:44.923] Load DDS texture: Squad/Props/throttle/model000
[LOG 23:09:44.928] Load DDS texture: Squad/Props/throttle/model001
[LOG 23:09:44.935] Load DDS texture: Squad/Props/VSI/model000
[LOG 23:09:44.935] Load DDS texture: Squad/Spaces/crewCabinInternals/model000
[LOG 23:09:44.943] Load DDS texture: Squad/Spaces/crewCabinInternals/model001
[LOG 23:09:44.949] Load DDS texture: Squad/Spaces/crewCabinInternals/model002
[LOG 23:09:44.956] Load DDS texture: Squad/Spaces/crewCabinInternals/model003
[LOG 23:09:44.957] Load DDS texture: Squad/Spaces/crewCabinInternals/model004
[LOG 23:09:44.962] Load DDS texture: Squad/Spaces/crewCabinInternals/model005
[LOG 23:09:44.971] Load DDS texture: Squad/Spaces/cupolaInternal/ksp_l_cupola_internal_diff
[LOG 23:09:44.979] Load DDS texture: Squad/Spaces/cupolaInternal/ksp_l_cupola_internal_normal
[LOG 23:09:44.985] Load DDS texture: Squad/Spaces/cupolaInternal/ksp_l_cupola_internal_windows_alpha
[LOG 23:09:44.994] Load DDS texture: Squad/Spaces/cupolaInternal/pilot Seat
[LOG 23:09:45.001] Load DDS texture: Squad/Spaces/GenericSpace1/model000
[LOG 23:09:45.007] Load DDS texture: Squad/Spaces/GenericSpace1/model001
[LOG 23:09:45.014] Load DDS texture: Squad/Spaces/GenericSpace1/model002
[LOG 23:09:45.020] Load DDS texture: Squad/Spaces/GenericSpace1/model003
[LOG 23:09:45.029] Load DDS texture: Squad/Spaces/GenericSpace1/model004
[LOG 23:09:45.035] Load DDS texture: Squad/Spaces/GenericSpace1/model005
[LOG 23:09:45.043] Load DDS texture: Squad/Spaces/GenericSpace3/model000
[LOG 23:09:45.052] Load DDS texture: Squad/Spaces/GenericSpace3/model001
[LOG 23:09:45.059] Load DDS texture: Squad/Spaces/GenericSpace3/model002
[LOG 23:09:45.066] Load DDS texture: Squad/Spaces/GenericSpace3/model003
[LOG 23:09:45.072] Load DDS texture: Squad/Spaces/GenericSpace3/model004
[LOG 23:09:45.078] Load DDS texture: Squad/Spaces/GenericSpace3/model005
[LOG 23:09:45.084] Load DDS texture: Squad/Spaces/GenericSpace3/model006
[LOG 23:09:45.091] Load DDS texture: Squad/Spaces/GenericSpace3/model007
[LOG 23:09:45.097] Load DDS texture: Squad/Spaces/landerCabinInternals/model000
[LOG 23:09:45.104] Load DDS texture: Squad/Spaces/landerCabinInternals/model001
[LOG 23:09:45.110] Load DDS texture: Squad/Spaces/landerCabinInternals/model002
[LOG 23:09:45.117] Load DDS texture: Squad/Spaces/landerCabinInternals/model003
[LOG 23:09:45.124] Load DDS texture: Squad/Spaces/landerCabinInternals/model004
[LOG 23:09:45.133] Load DDS texture: Squad/Spaces/landerCabinInternals/model005
[LOG 23:09:45.141] Load DDS texture: Squad/Spaces/landerCabinInternals/model006
[LOG 23:09:45.143] Load DDS texture: Squad/Spaces/landerCabinInternals/model007
[LOG 23:09:45.149] Load DDS texture: Squad/Spaces/landerCabinSmallInternal/ksp_s_landerCan_internal_diff
[LOG 23:09:45.158] Load DDS texture: Squad/Spaces/landerCabinSmallInternal/ksp_s_landerCan_internal_normal
[LOG 23:09:45.164] Load DDS texture: Squad/Spaces/landerCabinSmallInternal/ksp_s_landerCan_internal_window_alpha
[LOG 23:09:45.171] Load DDS texture: Squad/Spaces/landerCabinSmallInternal/pilot Seat
[LOG 23:09:45.178] Load DDS texture: Squad/Spaces/LargeCrewedLabInternals/Glass
[LOG 23:09:45.185] Load DDS texture: Squad/Spaces/LargeCrewedLabInternals/MPL_Int
[LOG 23:09:45.191] Load DDS texture: Squad/Spaces/LargeCrewedLabInternals/MPL_Int_n_NRM
[LOG 23:09:45.199] Load DDS texture: Squad/Spaces/Mk1-3/Mk1_3_IvaProps_Diffuse
[LOG 23:09:45.208] Load DDS texture: Squad/Spaces/Mk1-3/Mk1_3_IvaProps_Normal
[LOG 23:09:45.217] Load DDS texture: Squad/Spaces/Mk1-3/Mk1_3_IvaShell_Diffuse
[LOG 23:09:45.224] Load DDS texture: Squad/Spaces/Mk1-3/Mk1_3_IvaShell_Emissive
[LOG 23:09:45.232] Load DDS texture: Squad/Spaces/Mk1-3/Mk1_3_IvaShell_Normal
[LOG 23:09:45.239] Load DDS texture: Squad/Spaces/Mk1-3/pilot Seat
[LOG 23:09:45.246] Load DDS texture: Squad/Spaces/mk1CabinInternal/Cabin_Lightmap
[LOG 23:09:45.254] Load DDS texture: Squad/Spaces/mk1CabinInternal/CockpitGeneric
[LOG 23:09:45.270] Load DDS texture: Squad/Spaces/mk1CabinInternal/CockpitGeneric_NRM
[LOG 23:09:45.271] Load DDS texture: Squad/Spaces/mk1CockpitInternal/CockpitGeneric
[LOG 23:09:45.272] Load DDS texture: Squad/Spaces/mk1CockpitInternal/CockpitGeneric_NRM
[LOG 23:09:45.281] Load DDS texture: Squad/Spaces/mk1CockpitInternal/IVAMAP
[LOG 23:09:45.287] Load DDS texture: Squad/Spaces/mk1CockpitInternal/Windows
[LOG 23:09:45.294] Load DDS texture: Squad/Spaces/mk1InlineInternal/Canopy
[LOG 23:09:45.295] Load DDS texture: Squad/Spaces/mk1InlineInternal/CockpitGeneric
[LOG 23:09:45.296] Load DDS texture: Squad/Spaces/mk1InlineInternal/CockpitGeneric_NRM
[LOG 23:09:45.302] Load DDS texture: Squad/Spaces/mk1InlineInternal/Mk1Inline_Lightmap
[LOG 23:09:45.310] Load DDS texture: Squad/Spaces/mk1PodCockpit/model000
[LOG 23:09:45.315] Load DDS texture: Squad/Spaces/mk1PodCockpit/model001
[LOG 23:09:45.323] Load DDS texture: Squad/Spaces/mk1PodCockpit/model002
[LOG 23:09:45.329] Load DDS texture: Squad/Spaces/mk1PodCockpit/model003
[LOG 23:09:45.336] Load DDS texture: Squad/Spaces/mk1PodCockpit/model004
[LOG 23:09:45.348] Load DDS texture: Squad/Spaces/mk1PodCockpit/model005
[LOG 23:09:45.355] Load DDS texture: Squad/Spaces/mk1PodCockpit/model006
[LOG 23:09:45.356] Load DDS texture: Squad/Spaces/mk1PodCockpit/model007
[LOG 23:09:45.363] Load DDS texture: Squad/Spaces/mk1pod_IVA/mk1pod_iva_props_diffuse
[LOG 23:09:45.373] Load DDS texture: Squad/Spaces/mk1pod_IVA/mk1pod_iva_props_emissive
[LOG 23:09:45.382] Load DDS texture: Squad/Spaces/mk1pod_IVA/mk1pod_iva_props_normal
[LOG 23:09:45.390] Load DDS texture: Squad/Spaces/mk1pod_IVA/mk1pod_iva_shell_diffuse
[LOG 23:09:45.400] Load DDS texture: Squad/Spaces/mk1pod_IVA/mk1pod_iva_shell_normal
[LOG 23:09:45.407] Load MBM texture: Squad/Spaces/mk1pod_IVA/pilot Seat
[LOG 23:09:45.439] Load DDS texture: Squad/Spaces/mk2CockpitStandardInternal/CargoBagA
[LOG 23:09:45.439] Load DDS texture: Squad/Spaces/mk2CockpitStandardInternal/Mk2StandardIVA
[LOG 23:09:45.439] Load DDS texture: Squad/Spaces/mk2CockpitStandardInternal/Pilotseat
[LOG 23:09:45.439] Load DDS texture: Squad/Spaces/mk2CockpitStandardInternal/Windows
[LOG 23:09:45.443] Load DDS texture: Squad/Spaces/Mk2CrewCabinInternal/CargoBagA
[LOG 23:09:45.450] Load DDS texture: Squad/Spaces/Mk2CrewCabinInternal/Glass
[LOG 23:09:45.455] Load DDS texture: Squad/Spaces/Mk2CrewCabinInternal/Mk2StandardIVA
[LOG 23:09:45.462] Load DDS texture: Squad/Spaces/Mk2CrewCabinInternal/Pilotseat
[LOG 23:09:45.469] Load DDS texture: Squad/Spaces/mk2InlineInternal/CockpitGeneric
[LOG 23:09:45.475] Load DDS texture: Squad/Spaces/mk2InlineInternal/CockpitGeneric_NRM
[LOG 23:09:45.481] Load DDS texture: Squad/Spaces/mk2InlineInternal/Mk2InlineLightmap
[LOG 23:09:45.488] Load DDS texture: Squad/Spaces/mk2InlineInternal/propsGeneric
[LOG 23:09:45.496] Load DDS texture: Squad/Spaces/mk2LanderCanInternal/mk2LanderCan_props_diffuse
[LOG 23:09:45.503] Load DDS texture: Squad/Spaces/mk2LanderCanInternal/mk2LanderCan_props_normal
[LOG 23:09:45.513] Load DDS texture: Squad/Spaces/mk2LanderCanInternal/mk2LanderCan_shell_diffuse
[LOG 23:09:45.524] Load DDS texture: Squad/Spaces/mk2LanderCanInternal/mk2LanderCan_shell_normal
[LOG 23:09:45.531] Load MBM texture: Squad/Spaces/mk2LanderCanInternal/pilot Seat
[LOG 23:09:45.561] Load DDS texture: Squad/Spaces/MK3CockpitInternal/Glass
[LOG 23:09:45.561] Load DDS texture: Squad/Spaces/MK3CockpitInternal/Mk2StandardIVA
[LOG 23:09:45.562] Load DDS texture: Squad/Spaces/MK3_CrewCab_Int/Glass
[LOG 23:09:45.562] Load DDS texture: Squad/Spaces/MK3_CrewCab_Int/GlassMK3CC
[LOG 23:09:45.567] Load DDS texture: Squad/Spaces/MK3_CrewCab_Int/Mk2StandardIVA
[LOG 23:09:45.573] Load DDS texture: Squad/Spaces/MK3_CrewCab_Int/MK3_CrewCab_Int
[LOG 23:09:45.581] Load DDS texture: Squad/Spaces/MK3_CrewCab_Int/MK3_CrewCab_Int_n
[LOG 23:09:45.589] Load DDS texture: Squad/Spaces/MK3_CrewCab_Int/Pilotseat
[LOG 23:09:45.595] Load DDS texture: Squad/Spaces/Placeholder/PlaceholderIVA
[LOG 23:09:45.603] Load DDS texture: Squad/Spaces/PodCockpit/model000
[LOG 23:09:45.609] Load DDS texture: Squad/Spaces/PodCockpit/model001
[LOG 23:09:45.618] Load DDS texture: Squad/Spaces/PodCockpit/model002
[LOG 23:09:45.624] Load DDS texture: Squad/Spaces/PodCockpit/model003
[LOG 23:09:45.631] Load DDS texture: Squad/Spaces/PodCockpit/model004
[LOG 23:09:45.638] Load DDS texture: Squad/Spaces/PodCockpit/model005
[LOG 23:09:45.646] Load DDS texture: Squad/Spaces/PodCockpit/model006
[LOG 23:09:45.652] Load DDS texture: Squad/Spaces/PodCockpit/model007
[LOG 23:09:45.659] Load DDS texture: Squad/Spaces/sharedAssets/CockpitGeneric
[LOG 23:09:45.665] Load DDS texture: Squad/Spaces/sharedAssets/CockpitGeneric_NRM
[LOG 23:09:45.672] Load Cached PNG Texture: Squad/Strategies/Icons/AggressiveNegotiations
[LOG 23:09:45.679] Load Cached PNG Texture: Squad/Strategies/Icons/AppreciationCampaign
[LOG 23:09:45.687] Load Cached PNG Texture: Squad/Strategies/Icons/BailOutGrant
[LOG 23:09:45.693] Load Cached PNG Texture: Squad/Strategies/Icons/FundraisingCampaign
[LOG 23:09:45.699] Load Cached PNG Texture: Squad/Strategies/Icons/LeadershipInitiative
[LOG 23:09:45.705] Load Cached PNG Texture: Squad/Strategies/Icons/OpenSourceTechProgram
[LOG 23:09:45.712] Load Cached PNG Texture: Squad/Strategies/Icons/OutsourcedResearch
[LOG 23:09:45.718] Load Cached PNG Texture: Squad/Strategies/Icons/PatentsLicensing
[LOG 23:09:45.723] Load Cached PNG Texture: Squad/Strategies/Icons/RecoveryTransponderFitting
[LOG 23:09:45.730] Load Cached PNG Texture: Squad/Strategies/Icons/ResearchRightsSellOut
[LOG 23:09:45.739] Load Cached PNG Texture: Squad/Strategies/Icons/UnpaidResearchProgram
[LOG 23:09:45.746] Load Cached PNG Texture: Squad/Tutorials/ChuteColors
[LOG 23:09:45.756] Load DDS texture: Squad/Tutorials/EditorCoM
[LOG 23:09:45.762] Load Cached PNG Texture: Squad/Tutorials/EditorSnap
[LOG 23:09:45.768] Load Cached PNG Texture: Squad/Tutorials/EditorSnap4x
[LOG 23:09:45.776] Load Cached PNG Texture: Squad/Tutorials/EditorSymm
[LOG 23:09:45.784] Load Cached PNG Texture: Squad/Tutorials/StagingStack
[LOG 23:09:45.784] Load PNG texture: Squad/Tutorials/YPRDiagram
[WRN 23:09:45.785] Texture isn't eligible for DXT compression, width and height must be multiples of 4
[LOG 23:09:45.792] Load Cached PNG Texture: SquadExpansion/MakingHistory/Banners/Fail/default
[LOG 23:09:45.797] Load Cached PNG Texture: SquadExpansion/MakingHistory/Banners/Fail/fail01
[LOG 23:09:45.806] Load Cached PNG Texture: SquadExpansion/MakingHistory/Banners/Fail/fail02
[LOG 23:09:45.806] Load PNG texture: SquadExpansion/MakingHistory/Banners/Menu/default
[WRN 23:09:45.809] Texture isn't eligible for DXT compression, width and height must be multiples of 4
[LOG 23:09:45.810] Load PNG texture: SquadExpansion/MakingHistory/Banners/Menu/MBanner_01
[WRN 23:09:45.813] Texture isn't eligible for DXT compression, width and height must be multiples of 4
[LOG 23:09:45.813] Load PNG texture: SquadExpansion/MakingHistory/Banners/Menu/MBanner_02
[WRN 23:09:45.817] Texture isn't eligible for DXT compression, width and height must be multiples of 4
[LOG 23:09:45.817] Load PNG texture: SquadExpansion/MakingHistory/Banners/Menu/MBanner_03
[WRN 23:09:45.820] Texture isn't eligible for DXT compression, width and height must be multiples of 4
[LOG 23:09:45.820] Load Cached PNG Texture: SquadExpansion/MakingHistory/Banners/Success/default
[LOG 23:09:45.821] Load Cached PNG Texture: SquadExpansion/MakingHistory/Banners/Success/success01
[LOG 23:09:45.829] Load Cached PNG Texture: SquadExpansion/MakingHistory/Banners/Success/success02
[LOG 23:09:45.835] Load Cached PNG Texture: SquadExpansion/MakingHistory/Missions/Acapello 13/Banners/Fail/fail01
[LOG 23:09:45.835] Load PNG texture: SquadExpansion/MakingHistory/Missions/Acapello 13/Banners/Menu/Mun
[WRN 23:09:45.839] Texture isn't eligible for DXT compression, width and height must be multiples of 4
[LOG 23:09:45.843] Load Cached PNG Texture: SquadExpansion/MakingHistory/Missions/Acapello 13/Banners/Success/success01
[LOG 23:09:45.853] Load Cached PNG Texture: SquadExpansion/MakingHistory/Missions/Acapello 15/Banners/Fail/default
[LOG 23:09:45.861] Load Cached PNG Texture: SquadExpansion/MakingHistory/Missions/Acapello 15/Banners/Fail/fail02
[LOG 23:09:45.862] Load PNG texture: SquadExpansion/MakingHistory/Missions/Acapello 15/Banners/Menu/default
[WRN 23:09:45.864] Texture isn't eligible for DXT compression, width and height must be multiples of 4
[LOG 23:09:45.869] Load Cached PNG Texture: SquadExpansion/MakingHistory/Missions/Acapello 15/Banners/Success/default
[LOG 23:09:45.876] Load Cached PNG Texture: SquadExpansion/MakingHistory/Missions/Blue Mun/Banners/Fail/fail01
[LOG 23:09:45.877] Load PNG texture: SquadExpansion/MakingHistory/Missions/Blue Mun/Banners/Menu/default
[WRN 23:09:45.879] Texture isn't eligible for DXT compression, width and height must be multiples of 4
[LOG 23:09:45.885] Load Cached PNG Texture: SquadExpansion/MakingHistory/Missions/Blue Mun/Banners/Success/success02
[LOG 23:09:45.893] Load Cached PNG Texture: SquadExpansion/MakingHistory/Missions/Dawn of the Space Age/Banners/Fail/default
[LOG 23:09:45.893] Load PNG texture: SquadExpansion/MakingHistory/Missions/Dawn of the Space Age/Banners/Menu/default
[WRN 23:09:45.896] Texture isn't eligible for DXT compression, width and height must be multiples of 4
[LOG 23:09:45.900] Load Cached PNG Texture: SquadExpansion/MakingHistory/Missions/Dawn of the Space Age/Banners/Success/default
[LOG 23:09:45.908] Load Cached PNG Texture: SquadExpansion/MakingHistory/Missions/Meet Me in Zero G/Banners/Fail/default
[LOG 23:09:45.920] Load Cached PNG Texture: SquadExpansion/MakingHistory/Missions/Meet Me in Zero G/Banners/Fail/fail01
[LOG 23:09:45.920] Load PNG texture: SquadExpansion/MakingHistory/Missions/Meet Me in Zero G/Banners/Menu/default
[WRN 23:09:45.922] Texture isn't eligible for DXT compression, width and height must be multiples of 4
[LOG 23:09:45.931] Load Cached PNG Texture: SquadExpansion/MakingHistory/Missions/Meet Me in Zero G/Banners/Success/default
[LOG 23:09:45.941] Load Cached PNG Texture: SquadExpansion/MakingHistory/Missions/Meet Me in Zero G/Banners/Success/success02
[LOG 23:09:45.951] Load Cached PNG Texture: SquadExpansion/MakingHistory/Missions/Munar 1/Banners/Fail/default
[LOG 23:09:45.957] Load Cached PNG Texture: SquadExpansion/MakingHistory/Missions/Munar 1/Banners/Fail/fail02
[LOG 23:09:45.958] Load PNG texture: SquadExpansion/MakingHistory/Missions/Munar 1/Banners/Menu/default
[WRN 23:09:45.961] Texture isn't eligible for DXT compression, width and height must be multiples of 4
[LOG 23:09:45.965] Load Cached PNG Texture: SquadExpansion/MakingHistory/Missions/Munar 1/Banners/Success/default
[LOG 23:09:45.973] Load Cached PNG Texture: SquadExpansion/MakingHistory/Missions/Munar 1/Banners/Success/success01
[LOG 23:09:45.982] Load Cached PNG Texture: SquadExpansion/MakingHistory/Missions/Sally-Hut 1/Banners/Fail/default
[LOG 23:09:45.989] Load Cached PNG Texture: SquadExpansion/MakingHistory/Missions/Sally-Hut 1/Banners/Fail/fail01
[LOG 23:09:45.996] Load Cached PNG Texture: SquadExpansion/MakingHistory/Missions/Sally-Hut 1/Banners/Menu/bannerSatellite
[LOG 23:09:46.003] Load Cached PNG Texture: SquadExpansion/MakingHistory/Missions/Sally-Hut 1/Banners/Success/default
[LOG 23:09:46.009] Load Cached PNG Texture: SquadExpansion/MakingHistory/Missions/Sally-Hut 1/Banners/Success/success02
[LOG 23:09:46.017] Load Cached PNG Texture: SquadExpansion/MakingHistory/Missions/To the Mun Via Minmus/Banners/Fail/fail02
[LOG 23:09:46.017] Load PNG texture: SquadExpansion/MakingHistory/Missions/To the Mun Via Minmus/Banners/Menu/MissionBannerKerbin
[WRN 23:09:46.019] Texture isn't eligible for DXT compression, width and height must be multiples of 4
[LOG 23:09:46.025] Load Cached PNG Texture: SquadExpansion/MakingHistory/Missions/To the Mun Via Minmus/Banners/Success/success01
[LOG 23:09:46.033] Load Cached PNG Texture: SquadExpansion/MakingHistory/Missions/Trouble in the Void/Banners/Fail/fail01
[LOG 23:09:46.033] Load PNG texture: SquadExpansion/MakingHistory/Missions/Trouble in the Void/Banners/Menu/default
[WRN 23:09:46.036] Texture isn't eligible for DXT compression, width and height must be multiples of 4
[LOG 23:09:46.040] Load Cached PNG Texture: SquadExpansion/MakingHistory/Missions/Trouble in the Void/Banners/Success/success02
[LOG 23:09:46.048] Load Cached PNG Texture: SquadExpansion/MakingHistory/Missions/Ziggy Kerman and the Spiders from Duna/Banners/Fail/fail02
[LOG 23:09:46.056] Load Cached PNG Texture: SquadExpansion/MakingHistory/Missions/Ziggy Kerman and the Spiders from Duna/Banners/Menu/bannerSatellite
[LOG 23:09:46.062] Load Cached PNG Texture: SquadExpansion/MakingHistory/Missions/Ziggy Kerman and the Spiders from Duna/Banners/Success/success01
[LOG 23:09:46.069] Load Cached PNG Texture: SquadExpansion/MakingHistory/Parts/@thumbs/Decoupler.1p5_icon0
[LOG 23:09:46.080] Load Cached PNG Texture: SquadExpansion/MakingHistory/Parts/@thumbs/Decoupler.1p5_icon1
[LOG 23:09:46.104] Load Cached PNG Texture: SquadExpansion/MakingHistory/Parts/@thumbs/EquiTriangle0_icon0
[LOG 23:09:46.115] Load Cached PNG Texture: SquadExpansion/MakingHistory/Parts/@thumbs/EquiTriangle0_icon1
[LOG 23:09:46.123] Load Cached PNG Texture: SquadExpansion/MakingHistory/Parts/@thumbs/EquiTriangle0_icon2
[LOG 23:09:46.133] Load Cached PNG Texture: SquadExpansion/MakingHistory/Parts/@thumbs/EquiTriangle0_icon3
[LOG 23:09:46.147] Load Cached PNG Texture: SquadExpansion/MakingHistory/Parts/@thumbs/EquiTriangle1p5_icon0
[LOG 23:09:46.157] Load Cached PNG Texture: SquadExpansion/MakingHistory/Parts/@thumbs/EquiTriangle1p5_icon1
[LOG 23:09:46.164] Load Cached PNG Texture: SquadExpansion/MakingHistory/Parts/@thumbs/EquiTriangle1p5_icon2
[LOG 23:09:46.172] Load Cached PNG Texture: SquadExpansion/MakingHistory/Parts/@thumbs/EquiTriangle1p5_icon3
[LOG 23:09:46.178] Load Cached PNG Texture: SquadExpansion/MakingHistory/Parts/@thumbs/EquiTriangle1_icon0
[LOG 23:09:46.189] Load Cached PNG Texture: SquadExpansion/MakingHistory/Parts/@thumbs/EquiTriangle1_icon1
[LOG 23:09:46.198] Load Cached PNG Texture: SquadExpansion/MakingHistory/Parts/@thumbs/EquiTriangle1_icon2
[LOG 23:09:46.222] Load Cached PNG Texture: SquadExpansion/MakingHistory/Parts/@thumbs/EquiTriangle1_icon3
[LOG 23:09:46.234] Load Cached PNG Texture: SquadExpansion/MakingHistory/Parts/@thumbs/EquiTriangle2_icon0
[LOG 23:09:46.247] Load Cached PNG Texture: SquadExpansion/MakingHistory/Parts/@thumbs/EquiTriangle2_icon1
[LOG 23:09:46.260] Load Cached PNG Texture: SquadExpansion/MakingHistory/Parts/@thumbs/EquiTriangle2_icon2
[LOG 23:09:46.267] Load Cached PNG Texture: SquadExpansion/MakingHistory/Parts/@thumbs/EquiTriangle2_icon3
[LOG 23:09:46.277] Load Cached PNG Texture: SquadExpansion/MakingHistory/Parts/@thumbs/HeatShield1p5_icon
[LOG 23:09:46.283] Load Cached PNG Texture: SquadExpansion/MakingHistory/Parts/@thumbs/InflatableAirlock_icon
[LOG 23:09:46.301] Load Cached PNG Texture: SquadExpansion/MakingHistory/Parts/@thumbs/LiquidEngineRV-1_icon
[LOG 23:09:46.310] Load Cached PNG Texture: SquadExpansion/MakingHistory/Parts/@thumbs/monopropMiniSphere_icon
[LOG 23:09:46.318] Load Cached PNG Texture: SquadExpansion/MakingHistory/Parts/@thumbs/Panel0_icon0
[LOG 23:09:46.330] Load Cached PNG Texture: SquadExpansion/MakingHistory/Parts/@thumbs/Panel0_icon1
[LOG 23:09:46.337] Load Cached PNG Texture: SquadExpansion/MakingHistory/Parts/@thumbs/Panel0_icon2
[LOG 23:09:46.346] Load Cached PNG Texture: SquadExpansion/MakingHistory/Parts/@thumbs/Panel0_icon3
[LOG 23:09:46.352] Load Cached PNG Texture: SquadExpansion/MakingHistory/Parts/@thumbs/Panel1p5_icon0
[LOG 23:09:46.364] Load Cached PNG Texture: SquadExpansion/MakingHistory/Parts/@thumbs/Panel1p5_icon1
[LOG 23:09:46.370] Load Cached PNG Texture: SquadExpansion/MakingHistory/Parts/@thumbs/Panel1p5_icon2
[LOG 23:09:46.377] Load Cached PNG Texture: SquadExpansion/MakingHistory/Parts/@thumbs/Panel1p5_icon3
[LOG 23:09:46.385] Load Cached PNG Texture: SquadExpansion/MakingHistory/Parts/@thumbs/Panel1_icon0
[LOG 23:09:46.391] Load Cached PNG Texture: SquadExpansion/MakingHistory/Parts/@thumbs/Panel1_icon1
[LOG 23:09:46.399] Load Cached PNG Texture: SquadExpansion/MakingHistory/Parts/@thumbs/Panel1_icon2
[LOG 23:09:46.405] Load Cached PNG Texture: SquadExpansion/MakingHistory/Parts/@thumbs/Panel1_icon3
[LOG 23:09:46.411] Load Cached PNG Texture: SquadExpansion/MakingHistory/Parts/@thumbs/roverWheelM1-F_icon0
[LOG 23:09:46.419] Load Cached PNG Texture: SquadExpansion/MakingHistory/Parts/@thumbs/roverWheelM1-F_icon1
[LOG 23:09:46.426] Load Cached PNG Texture: SquadExpansion/MakingHistory/Parts/@thumbs/Separator.1p5_icon0
[LOG 23:09:46.435] Load Cached PNG Texture: SquadExpansion/MakingHistory/Parts/@thumbs/Separator.1p5_icon1
[LOG 23:09:46.442] Load Cached PNG Texture: SquadExpansion/MakingHistory/Parts/@thumbs/Size1p5.Strut.Decoupler_icon0
[LOG 23:09:46.450] Load Cached PNG Texture: SquadExpansion/MakingHistory/Parts/@thumbs/Size1p5.Strut.Decoupler_icon1
[LOG 23:09:46.457] Load Cached PNG Texture: SquadExpansion/MakingHistory/Parts/@thumbs/Size1p5.Tank.03_icon0
[LOG 23:09:46.464] Load Cached PNG Texture: SquadExpansion/MakingHistory/Parts/@thumbs/Size1p5.Tank.04_icon0
[LOG 23:09:46.470] Load Cached PNG Texture: SquadExpansion/MakingHistory/Parts/@thumbs/Size1to0ServiceModule_icon
[LOG 23:09:46.479] Load Cached PNG Texture: SquadExpansion/MakingHistory/Parts/@thumbs/Triangle0_icon0
[LOG 23:09:46.485] Load Cached PNG Texture: SquadExpansion/MakingHistory/Parts/@thumbs/Triangle0_icon1
[LOG 23:09:46.493] Load Cached PNG Texture: SquadExpansion/MakingHistory/Parts/@thumbs/Triangle0_icon2
[LOG 23:09:46.503] Load Cached PNG Texture: SquadExpansion/MakingHistory/Parts/@thumbs/Triangle0_icon3
[LOG 23:09:46.514] Load Cached PNG Texture: SquadExpansion/MakingHistory/Parts/@thumbs/Triangle1p5_icon0
[LOG 23:09:46.522] Load Cached PNG Texture: SquadExpansion/MakingHistory/Parts/@thumbs/Triangle1p5_icon1
[LOG 23:09:46.530] Load Cached PNG Texture: SquadExpansion/MakingHistory/Parts/@thumbs/Triangle1p5_icon2
[LOG 23:09:46.537] Load Cached PNG Texture: SquadExpansion/MakingHistory/Parts/@thumbs/Triangle1p5_icon3
[LOG 23:09:46.552] Load Cached PNG Texture: SquadExpansion/MakingHistory/Parts/@thumbs/Triangle1_icon0
[LOG 23:09:46.560] Load Cached PNG Texture: SquadExpansion/MakingHistory/Parts/@thumbs/Triangle1_icon1
[LOG 23:09:46.574] Load Cached PNG Texture: SquadExpansion/MakingHistory/Parts/@thumbs/Triangle1_icon2
[LOG 23:09:46.584] Load Cached PNG Texture: SquadExpansion/MakingHistory/Parts/@thumbs/Triangle1_icon3
[LOG 23:09:46.597] Load Cached PNG Texture: SquadExpansion/MakingHistory/Parts/@thumbs/Triangle2_icon0
[LOG 23:09:46.618] Load Cached PNG Texture: SquadExpansion/MakingHistory/Parts/@thumbs/Triangle2_icon1
[LOG 23:09:46.626] Load Cached PNG Texture: SquadExpansion/MakingHistory/Parts/@thumbs/Triangle2_icon2
[LOG 23:09:46.632] Load Cached PNG Texture: SquadExpansion/MakingHistory/Parts/@thumbs/Triangle2_icon3
[LOG 23:09:46.642] Load Cached PNG Texture: SquadExpansion/MakingHistory/Parts/@thumbs/Tube1_icon0
[LOG 23:09:46.651] Load Cached PNG Texture: SquadExpansion/MakingHistory/Parts/@thumbs/Tube1_icon1
[LOG 23:09:46.663] Load Cached PNG Texture: SquadExpansion/MakingHistory/Parts/@thumbs/Tube1_icon2
[LOG 23:09:46.669] Load Cached PNG Texture: SquadExpansion/MakingHistory/Parts/@thumbs/Tube1_icon3
[LOG 23:09:46.679] Load Cached PNG Texture: SquadExpansion/MakingHistory/Parts/@thumbs/Tube1_icon4
[LOG 23:09:46.687] Load Cached PNG Texture: SquadExpansion/MakingHistory/Parts/Aero/protectiveRocketNoseMk5A/s1p5_cone
[LOG 23:09:46.693] Load Cached PNG Texture: SquadExpansion/MakingHistory/Parts/Aero/protectiveRocketNoseMk5A/s1p5_cone_Orange
[LOG 23:09:46.699] Load DDS texture: SquadExpansion/MakingHistory/Parts/Coupling/Assets/airlock
[LOG 23:09:46.705] Load DDS texture: SquadExpansion/MakingHistory/Parts/Coupling/Assets/airlock_N
[LOG 23:09:46.711] Load DDS texture: SquadExpansion/MakingHistory/Parts/Coupling/Assets/EnginePlate
[LOG 23:09:46.717] Load DDS texture: SquadExpansion/MakingHistory/Parts/Coupling/Assets/Size1_5_Decoupler_grey
[LOG 23:09:46.723] Load DDS texture: SquadExpansion/MakingHistory/Parts/Coupling/Assets/Size1_5_Decoupler_orange
[LOG 23:09:46.729] Load DDS texture: SquadExpansion/MakingHistory/Parts/Engine/Assets/KE-1
[LOG 23:09:46.736] Load DDS texture: SquadExpansion/MakingHistory/Parts/Engine/Assets/KE-1_BASE
[LOG 23:09:46.741] Load DDS texture: SquadExpansion/MakingHistory/Parts/Engine/Assets/LV-T87
[LOG 23:09:46.749] Load DDS texture: SquadExpansion/MakingHistory/Parts/Engine/Assets/LV-T91
[LOG 23:09:46.755] Load DDS texture: SquadExpansion/MakingHistory/Parts/Engine/Assets/RE-I2
[LOG 23:09:46.763] Load DDS texture: SquadExpansion/MakingHistory/Parts/Engine/Assets/RE-J10
[LOG 23:09:46.769] Load DDS texture: SquadExpansion/MakingHistory/Parts/Engine/Assets/RE-J10_N
[LOG 23:09:46.778] Load DDS texture: SquadExpansion/MakingHistory/Parts/Engine/Assets/RK-7
[LOG 23:09:46.785] Load DDS texture: SquadExpansion/MakingHistory/Parts/Engine/Assets/RK-7_N
[LOG 23:09:46.794] Load DDS texture: SquadExpansion/MakingHistory/Parts/Engine/solidBoosterTHK/SolidBoosterS2-17_emissive
[LOG 23:09:46.803] Load DDS texture: SquadExpansion/MakingHistory/Parts/Engine/solidBoosterTHK/solidBoosterTHK_diffuse
[LOG 23:09:46.813] Load DDS texture: SquadExpansion/MakingHistory/Parts/FuelTank/Assets/Size1p5_02
[LOG 23:09:46.821] Load DDS texture: SquadExpansion/MakingHistory/Parts/FuelTank/Assets/Size1p5_02_ALT01
[LOG 23:09:46.828] Load DDS texture: SquadExpansion/MakingHistory/Parts/FuelTank/Assets/Size1p5_02_ALT02
[LOG 23:09:46.834] Load DDS texture: SquadExpansion/MakingHistory/Parts/FuelTank/Assets/Size1p5_02_ALT02_normal
[LOG 23:09:46.840] Load DDS texture: SquadExpansion/MakingHistory/Parts/FuelTank/Assets/Size1p5_mono
[LOG 23:09:46.845] Load DDS texture: SquadExpansion/MakingHistory/Parts/FuelTank/Assets/Size1p5_mono_2
[LOG 23:09:46.853] Load DDS texture: SquadExpansion/MakingHistory/Parts/FuelTank/Assets/Size1p5_mono_N
[LOG 23:09:46.860] Load DDS texture: SquadExpansion/MakingHistory/Parts/FuelTank/Assets/Size1_5_TankAdapters
[LOG 23:09:46.867] Load DDS texture: SquadExpansion/MakingHistory/Parts/FuelTank/Assets/Size1_5_TankAdapters_ALT01
[LOG 23:09:46.874] Load DDS texture: SquadExpansion/MakingHistory/Parts/FuelTank/Assets/Size1_5_TankAdapters_ALT02
[LOG 23:09:46.879] Load DDS texture: SquadExpansion/MakingHistory/Parts/FuelTank/Assets/Size1_5_TankAdapters_ALT02nm
[LOG 23:09:46.887] Load DDS texture: SquadExpansion/MakingHistory/Parts/FuelTank/Assets/Size1_5_TankAdapters_N
[LOG 23:09:46.895] Load DDS texture: SquadExpansion/MakingHistory/Parts/FuelTank/Assets/Size1_5_Tanks
[LOG 23:09:46.901] Load DDS texture: SquadExpansion/MakingHistory/Parts/FuelTank/Assets/Size1_5_Tanks_ALT02
[LOG 23:09:46.911] Load DDS texture: SquadExpansion/MakingHistory/Parts/FuelTank/Assets/Size1_5_Tanks_ALT02_nm
[LOG 23:09:46.918] Load DDS texture: SquadExpansion/MakingHistory/Parts/FuelTank/Assets/Size1_5_Tanks_grey
[LOG 23:09:46.925] Load DDS texture: SquadExpansion/MakingHistory/Parts/FuelTank/Assets/Size4_Tanks
[LOG 23:09:46.939] Load DDS texture: SquadExpansion/MakingHistory/Parts/FuelTank/Assets/Size4_Tanks_N
[LOG 23:09:46.949] Load DDS texture: SquadExpansion/MakingHistory/Parts/Ground/Assets/RoverWheel
[LOG 23:09:46.955] Load DDS texture: SquadExpansion/MakingHistory/Parts/Ground/Assets/RoverWheelG
[LOG 23:09:46.963] Load DDS texture: SquadExpansion/MakingHistory/Parts/Payload/Assets/Size1to0ServiceBay
[LOG 23:09:46.970] Load DDS texture: SquadExpansion/MakingHistory/Parts/Payload/Assets/Size1to0ServiceBay_n
[LOG 23:09:46.979] Load DDS texture: SquadExpansion/MakingHistory/Parts/Payload/Assets/SM18_diffuse
[LOG 23:09:46.989] Load Cached PNG Texture: SquadExpansion/MakingHistory/Parts/Payload/Assets/SM18_NRM
[LOG 23:09:46.999] Load DDS texture: SquadExpansion/MakingHistory/Parts/Payload/Assets/SM18_specular
[LOG 23:09:47.008] Load DDS texture: SquadExpansion/MakingHistory/Parts/Payload/Assets/SM25_diffuse
[LOG 23:09:47.014] Load DDS texture: SquadExpansion/MakingHistory/Parts/Payload/Assets/SM25_normals
[LOG 23:09:47.021] Load DDS texture: SquadExpansion/MakingHistory/Parts/Pods/Assets/KV1
[LOG 23:09:47.027] Load DDS texture: SquadExpansion/MakingHistory/Parts/Pods/Assets/KV1_GLOW
[LOG 23:09:47.037] Load DDS texture: SquadExpansion/MakingHistory/Parts/Pods/Assets/KV2
[LOG 23:09:47.046] Load DDS texture: SquadExpansion/MakingHistory/Parts/Pods/Assets/KV3
[LOG 23:09:47.051] Load DDS texture: SquadExpansion/MakingHistory/Parts/Pods/Assets/Mk2Pod
[LOG 23:09:47.058] Load DDS texture: SquadExpansion/MakingHistory/Parts/Pods/Assets/Mk2Pod_GLOW
[LOG 23:09:47.066] Load DDS texture: SquadExpansion/MakingHistory/Parts/Pods/Assets/Mk2Pod_n
[LOG 23:09:47.073] Load DDS texture: SquadExpansion/MakingHistory/Parts/Pods/Assets/Size1_5_Lander
[LOG 23:09:47.081] Load DDS texture: SquadExpansion/MakingHistory/Parts/Pods/Assets/Size1_5_Lander_GLOW
[LOG 23:09:47.088] Load DDS texture: SquadExpansion/MakingHistory/Parts/SharedAssets/Shrouds
[LOG 23:09:47.099] Load DDS texture: SquadExpansion/MakingHistory/Parts/SharedAssets/Shrouds_N
[LOG 23:09:47.108] Load DDS texture: SquadExpansion/MakingHistory/Parts/Structural/Assets/NormalMap
[LOG 23:09:47.116] Load DDS texture: SquadExpansion/MakingHistory/Parts/Structural/Assets/Panels
[LOG 23:09:47.123] Load DDS texture: SquadExpansion/MakingHistory/Parts/Structural/Assets/Panels_Dark_D
[LOG 23:09:47.132] Load DDS texture: SquadExpansion/MakingHistory/Parts/Structural/Assets/Panels_Gold_D
[LOG 23:09:47.140] Load Cached PNG Texture: SquadExpansion/MakingHistory/Parts/Structural/Assets/Panels_Gold_NRM
[LOG 23:09:47.146] Load DDS texture: SquadExpansion/MakingHistory/Parts/Structural/Assets/Panels_Gold_S
[LOG 23:09:47.154] Load DDS texture: SquadExpansion/MakingHistory/Parts/Structural/Assets/Panels_Silver_D
[LOG 23:09:47.162] Load DDS texture: SquadExpansion/MakingHistory/Parts/Structural/Assets/Panels_Silver_S
[LOG 23:09:47.169] Load Cached PNG Texture: SquadExpansion/MakingHistory/Ships/@thumbs/VAB/Acapello
[LOG 23:09:47.175] Load Cached PNG Texture: SquadExpansion/MakingHistory/Ships/@thumbs/VAB/Beta Centaurus
[LOG 23:09:47.182] Load Cached PNG Texture: SquadExpansion/MakingHistory/Ships/@thumbs/VAB/Goliath II HLV
[LOG 23:09:47.189] Load Cached PNG Texture: SquadExpansion/MakingHistory/Ships/@thumbs/VAB/Muna 1
[LOG 23:09:47.197] Load Cached PNG Texture: SquadExpansion/MakingHistory/Ships/@thumbs/VAB/Sally-Hut 1
[LOG 23:09:47.204] Load Cached PNG Texture: SquadExpansion/MakingHistory/Ships/@thumbs/VAB/SWM-94 Communications Satellite
[LOG 23:09:47.211] Load Cached PNG Texture: SquadExpansion/MakingHistory/Ships/@thumbs/VAB/Valshkod 2
[LOG 23:09:47.218] Load DDS texture: SquadExpansion/MakingHistory/Spaces/KVPods/airlock
[LOG 23:09:47.225] Load DDS texture: SquadExpansion/MakingHistory/Spaces/KVPods/airlock_N
[LOG 23:09:47.232] Load DDS texture: SquadExpansion/MakingHistory/Spaces/KVPods/KV1_Props_Diffuse
[LOG 23:09:47.241] Load DDS texture: SquadExpansion/MakingHistory/Spaces/KVPods/KV1_Props_Normal
[LOG 23:09:47.252] Load DDS texture: SquadExpansion/MakingHistory/Spaces/KVPods/KV1_Shell_Diffuse
[LOG 23:09:47.261] Load DDS texture: SquadExpansion/MakingHistory/Spaces/KVPods/KV1_Shell_Emissive
[LOG 23:09:47.269] Load DDS texture: SquadExpansion/MakingHistory/Spaces/KVPods/KV1_Shell_Normal
[LOG 23:09:47.281] Load DDS texture: SquadExpansion/MakingHistory/Spaces/KVPods/KV1_Vzor_Diffuse
[LOG 23:09:47.290] Load DDS texture: SquadExpansion/MakingHistory/Spaces/KVPods/KV2_Props_Diffuse
[LOG 23:09:47.302] Load DDS texture: SquadExpansion/MakingHistory/Spaces/KVPods/KV2_Props_Emissive
[LOG 23:09:47.311] Load DDS texture: SquadExpansion/MakingHistory/Spaces/KVPods/KV2_Props_Normal
[LOG 23:09:47.321] Load DDS texture: SquadExpansion/MakingHistory/Spaces/KVPods/KV2_Shell_Diffuse
[LOG 23:09:47.331] Load DDS texture: SquadExpansion/MakingHistory/Spaces/KVPods/KV2_Shell_Normal
[LOG 23:09:47.339] Load DDS texture: SquadExpansion/MakingHistory/Spaces/KVPods/KV3_Props_Diffuse
[LOG 23:09:47.348] Load DDS texture: SquadExpansion/MakingHistory/Spaces/KVPods/KV3_Props_Normal
[LOG 23:09:47.356] Load DDS texture: SquadExpansion/MakingHistory/Spaces/KVPods/KV3_Shell_Diffuse
[LOG 23:09:47.365] Load DDS texture: SquadExpansion/MakingHistory/Spaces/KVPods/KV3_Shell_Normal
[LOG 23:09:47.385] Load DDS texture: SquadExpansion/MakingHistory/Spaces/KVPods/motor
[LOG 23:09:47.391] Load DDS texture: SquadExpansion/MakingHistory/Spaces/KVPods/pilot Seat
[LOG 23:09:47.399] Load DDS texture: SquadExpansion/MakingHistory/Spaces/MEM/PANELS_AO
[LOG 23:09:47.409] Load DDS texture: SquadExpansion/MakingHistory/Spaces/MEM/PANELS_EMISSIVE
[LOG 23:09:47.417] Load DDS texture: SquadExpansion/MakingHistory/Spaces/MEM/PANELS_NORMAL
[LOG 23:09:47.423] Load DDS texture: SquadExpansion/MakingHistory/Spaces/MEM/pilot Seat
[LOG 23:09:47.430] Load DDS texture: SquadExpansion/MakingHistory/Spaces/MEM/propsGeneric
[LOG 23:09:47.437] Load DDS texture: SquadExpansion/MakingHistory/Spaces/MEM/PROPS_AO
[LOG 23:09:47.444] Load DDS texture: SquadExpansion/MakingHistory/Spaces/MEM/PROPS_EMISSIVE
[LOG 23:09:47.452] Load DDS texture: SquadExpansion/MakingHistory/Spaces/MEM/PROPS_NORMAL
[LOG 23:09:47.459] Load DDS texture: SquadExpansion/MakingHistory/Spaces/Mk2Pod/DIfuse_controlboard
[LOG 23:09:47.467] Load DDS texture: SquadExpansion/MakingHistory/Spaces/Mk2Pod/Normal_controlbard
[LOG 23:09:47.476] Load DDS texture: SquadExpansion/MakingHistory/Spaces/Mk2Pod/Outershell_Base_Color
[LOG 23:09:47.485] Load DDS texture: SquadExpansion/MakingHistory/Spaces/Mk2Pod/Outershell_Normal
[LOG 23:09:47.494] Load DDS texture: SquadExpansion/MakingHistory/Spaces/Mk2Pod/pilot Seat
[LOG 23:09:47.501] Load Cached PNG Texture: SquadExpansion/Serenity/Parts/@thumbs/controller1000_icon
[LOG 23:09:47.508] Load Cached PNG Texture: SquadExpansion/Serenity/Parts/@thumbs/DeployedCentralStation_icon
[LOG 23:09:47.517] Load Cached PNG Texture: SquadExpansion/Serenity/Parts/@thumbs/DeployedGoExOb_icon
[LOG 23:09:47.527] Load Cached PNG Texture: SquadExpansion/Serenity/Parts/@thumbs/DeployedIONExp_icon
[LOG 23:09:47.551] Load Cached PNG Texture: SquadExpansion/Serenity/Parts/@thumbs/DeployedRTG_icon
[LOG 23:09:47.557] Load Cached PNG Texture: SquadExpansion/Serenity/Parts/@thumbs/DeployedSatDish_icon
[LOG 23:09:47.565] Load Cached PNG Texture: SquadExpansion/Serenity/Parts/@thumbs/DeployedSeismicSensor_icon
[LOG 23:09:47.584] Load Cached PNG Texture: SquadExpansion/Serenity/Parts/@thumbs/DeployedSolarPanel_icon
[LOG 23:09:47.595] Load Cached PNG Texture: SquadExpansion/Serenity/Parts/@thumbs/DeployedWeatherStn_icon
[LOG 23:09:47.605] Load Cached PNG Texture: SquadExpansion/Serenity/Parts/@thumbs/FanShroud.01_icon0
[LOG 23:09:47.613] Load Cached PNG Texture: SquadExpansion/Serenity/Parts/@thumbs/FanShroud.01_icon1
[LOG 23:09:47.620] Load Cached PNG Texture: SquadExpansion/Serenity/Parts/@thumbs/FanShroud.02_icon0
[LOG 23:09:47.627] Load Cached PNG Texture: SquadExpansion/Serenity/Parts/@thumbs/FanShroud.02_icon1
[LOG 23:09:47.634] Load Cached PNG Texture: SquadExpansion/Serenity/Parts/@thumbs/hinge.01.s_icon0
[LOG 23:09:47.640] Load Cached PNG Texture: SquadExpansion/Serenity/Parts/@thumbs/hinge.01.s_icon1
[LOG 23:09:47.647] Load Cached PNG Texture: SquadExpansion/Serenity/Parts/@thumbs/hinge.01_icon0
[LOG 23:09:47.658] Load Cached PNG Texture: SquadExpansion/Serenity/Parts/@thumbs/hinge.01_icon1
[LOG 23:09:47.664] Load Cached PNG Texture: SquadExpansion/Serenity/Parts/@thumbs/hinge.03.s_icon0
[LOG 23:09:47.674] Load Cached PNG Texture: SquadExpansion/Serenity/Parts/@thumbs/hinge.03.s_icon1
[LOG 23:09:47.682] Load Cached PNG Texture: SquadExpansion/Serenity/Parts/@thumbs/hinge.03_icon0
[LOG 23:09:47.688] Load Cached PNG Texture: SquadExpansion/Serenity/Parts/@thumbs/hinge.03_icon1
[LOG 23:09:47.695] Load Cached PNG Texture: SquadExpansion/Serenity/Parts/@thumbs/largeFanBlade_icon0
[LOG 23:09:47.702] Load Cached PNG Texture: SquadExpansion/Serenity/Parts/@thumbs/largeFanBlade_icon1
[LOG 23:09:47.709] Load Cached PNG Texture: SquadExpansion/Serenity/Parts/@thumbs/largePropeller_icon0
[LOG 23:09:47.725] Load Cached PNG Texture: SquadExpansion/Serenity/Parts/@thumbs/largePropeller_icon1
[LOG 23:09:47.734] Load Cached PNG Texture: SquadExpansion/Serenity/Parts/@thumbs/lGripPad_icon0
[LOG 23:09:47.744] Load Cached PNG Texture: SquadExpansion/Serenity/Parts/@thumbs/lGripPad_icon1
[LOG 23:09:47.752] Load Cached PNG Texture: SquadExpansion/Serenity/Parts/@thumbs/lGripStrip_icon
[LOG 23:09:47.759] Load Cached PNG Texture: SquadExpansion/Serenity/Parts/@thumbs/mediumFanBlade_icon0
[LOG 23:09:47.766] Load Cached PNG Texture: SquadExpansion/Serenity/Parts/@thumbs/mediumFanBlade_icon1
[LOG 23:09:47.773] Load Cached PNG Texture: SquadExpansion/Serenity/Parts/@thumbs/mediumPropeller_icon0
[LOG 23:09:47.783] Load Cached PNG Texture: SquadExpansion/Serenity/Parts/@thumbs/mediumPropeller_icon1
[LOG 23:09:47.795] Load Cached PNG Texture: SquadExpansion/Serenity/Parts/@thumbs/mGripPad_icon0
[LOG 23:09:47.803] Load Cached PNG Texture: SquadExpansion/Serenity/Parts/@thumbs/mGripPad_icon1
[LOG 23:09:47.809] Load Cached PNG Texture: SquadExpansion/Serenity/Parts/@thumbs/noseconeTiny_icon
[LOG 23:09:47.817] Load Cached PNG Texture: SquadExpansion/Serenity/Parts/@thumbs/noseconeVS_icon
[LOG 23:09:47.830] Load Cached PNG Texture: SquadExpansion/Serenity/Parts/@thumbs/piston.01_icon0
[LOG 23:09:47.842] Load Cached PNG Texture: SquadExpansion/Serenity/Parts/@thumbs/piston.01_icon1
[LOG 23:09:47.851] Load Cached PNG Texture: SquadExpansion/Serenity/Parts/@thumbs/piston.02_icon0
[LOG 23:09:47.864] Load Cached PNG Texture: SquadExpansion/Serenity/Parts/@thumbs/piston.02_icon1
[LOG 23:09:47.872] Load Cached PNG Texture: SquadExpansion/Serenity/Parts/@thumbs/piston.03_icon0
[LOG 23:09:47.880] Load Cached PNG Texture: SquadExpansion/Serenity/Parts/@thumbs/piston.03_icon1
[LOG 23:09:47.885] Load Cached PNG Texture: SquadExpansion/Serenity/Parts/@thumbs/piston.04_icon0
[LOG 23:09:47.892] Load Cached PNG Texture: SquadExpansion/Serenity/Parts/@thumbs/piston.04_icon1
[LOG 23:09:47.905] Load Cached PNG Texture: SquadExpansion/Serenity/Parts/@thumbs/RobotArmScanner.S1_icon
[LOG 23:09:47.920] Load Cached PNG Texture: SquadExpansion/Serenity/Parts/@thumbs/RobotArmScanner.S2_icon
[LOG 23:09:47.931] Load Cached PNG Texture: SquadExpansion/Serenity/Parts/@thumbs/RobotArmScanner.S3_icon
[LOG 23:09:47.940] Load Cached PNG Texture: SquadExpansion/Serenity/Parts/@thumbs/rotor.01s_icon0
[LOG 23:09:47.949] Load Cached PNG Texture: SquadExpansion/Serenity/Parts/@thumbs/rotor.01s_icon1
[LOG 23:09:47.985] Load Cached PNG Texture: SquadExpansion/Serenity/Parts/@thumbs/rotor.01_icon0
[LOG 23:09:48.020] Load Cached PNG Texture: SquadExpansion/Serenity/Parts/@thumbs/rotor.01_icon1
[LOG 23:09:48.043] Load Cached PNG Texture: SquadExpansion/Serenity/Parts/@thumbs/rotor.02s_icon0
[LOG 23:09:48.069] Load Cached PNG Texture: SquadExpansion/Serenity/Parts/@thumbs/rotor.02s_icon1
[LOG 23:09:48.091] Load Cached PNG Texture: SquadExpansion/Serenity/Parts/@thumbs/rotor.02_icon0
[LOG 23:09:48.123] Load Cached PNG Texture: SquadExpansion/Serenity/Parts/@thumbs/rotor.02_icon1
[LOG 23:09:48.136] Load Cached PNG Texture: SquadExpansion/Serenity/Parts/@thumbs/RotorEngine.02_icon
[LOG 23:09:48.143] Load Cached PNG Texture: SquadExpansion/Serenity/Parts/@thumbs/rotoServo.00_icon0
[LOG 23:09:48.148] Load Cached PNG Texture: SquadExpansion/Serenity/Parts/@thumbs/rotoServo.00_icon1
[LOG 23:09:48.156] Load Cached PNG Texture: SquadExpansion/Serenity/Parts/@thumbs/rotoServo.02_icon0
[LOG 23:09:48.166] Load Cached PNG Texture: SquadExpansion/Serenity/Parts/@thumbs/rotoServo.02_icon1
[LOG 23:09:48.174] Load Cached PNG Texture: SquadExpansion/Serenity/Parts/@thumbs/rotoServo.03_icon0
[LOG 23:09:48.181] Load Cached PNG Texture: SquadExpansion/Serenity/Parts/@thumbs/rotoServo.03_icon1
[LOG 23:09:48.187] Load Cached PNG Texture: SquadExpansion/Serenity/Parts/@thumbs/sGripPad_icon0
[LOG 23:09:48.195] Load Cached PNG Texture: SquadExpansion/Serenity/Parts/@thumbs/sGripPad_icon1
[LOG 23:09:48.203] Load Cached PNG Texture: SquadExpansion/Serenity/Parts/@thumbs/sGripStrip_icon
[LOG 23:09:48.213] Load Cached PNG Texture: SquadExpansion/Serenity/Parts/@thumbs/smallFanBlade_icon0
[LOG 23:09:48.221] Load Cached PNG Texture: SquadExpansion/Serenity/Parts/@thumbs/smallFanBlade_icon1
[LOG 23:09:48.230] Load Cached PNG Texture: SquadExpansion/Serenity/Parts/@thumbs/smallHeliBlade_icon0
[LOG 23:09:48.248] Load Cached PNG Texture: SquadExpansion/Serenity/Parts/@thumbs/smallHeliBlade_icon1
[LOG 23:09:48.257] Load Cached PNG Texture: SquadExpansion/Serenity/Parts/@thumbs/smallPropeller_icon0
[LOG 23:09:48.267] Load Cached PNG Texture: SquadExpansion/Serenity/Parts/@thumbs/smallPropeller_icon1
[LOG 23:09:48.272] Load DDS texture: SquadExpansion/Serenity/Parts/Aero/Assets/copterBlades_diffuse
[LOG 23:09:48.278] Load DDS texture: SquadExpansion/Serenity/Parts/Aero/Assets/shroudsDiffuse_color
[LOG 23:09:48.287] Load DDS texture: SquadExpansion/Serenity/Parts/Aero/Assets/shroudsDiffuse_plain
[LOG 23:09:48.294] Load Cached PNG Texture: SquadExpansion/Serenity/Parts/DeployedScience/MockupTexture
[LOG 23:09:48.302] Load DDS texture: SquadExpansion/Serenity/Parts/DeployedScience/Assets/centralStation_diffuse
[LOG 23:09:48.321] Load DDS texture: SquadExpansion/Serenity/Parts/DeployedScience/Assets/centralStation_emissive
[LOG 23:09:48.336] Load DDS texture: SquadExpansion/Serenity/Parts/DeployedScience/Assets/GenericParts_diffuse
[LOG 23:09:48.337] Load DDS texture: SquadExpansion/Serenity/Parts/DeployedScience/Assets/GenericParts_emissive
[LOG 23:09:48.345] Load DDS texture: SquadExpansion/Serenity/Parts/DeployedScience/Assets/GenericParts_normal
[LOG 23:09:48.351] Load DDS texture: SquadExpansion/Serenity/Parts/DeployedScience/Assets/goex_diffuse
[LOG 23:09:48.359] Load DDS texture: SquadExpansion/Serenity/Parts/DeployedScience/Assets/goex_specMapped
[LOG 23:09:48.364] Load DDS texture: SquadExpansion/Serenity/Parts/DeployedScience/Assets/Grid
[LOG 23:09:48.372] Load DDS texture: SquadExpansion/Serenity/Parts/DeployedScience/Assets/IonExperiment_diffuse
[LOG 23:09:48.378] Load DDS texture: SquadExpansion/Serenity/Parts/DeployedScience/Assets/RTGCask_diffuse
[LOG 23:09:48.384] Load DDS texture: SquadExpansion/Serenity/Parts/DeployedScience/Assets/satDish_diffuse
[LOG 23:09:48.391] Load Cached PNG Texture: SquadExpansion/Serenity/Parts/DeployedScience/Assets/Scratch
[LOG 23:09:48.396] Load DDS texture: SquadExpansion/Serenity/Parts/DeployedScience/Assets/Screen2
[LOG 23:09:48.402] Load DDS texture: SquadExpansion/Serenity/Parts/DeployedScience/Assets/Screen3
[LOG 23:09:48.408] Load DDS texture: SquadExpansion/Serenity/Parts/DeployedScience/Assets/ScreenReadout
[LOG 23:09:48.414] Load DDS texture: SquadExpansion/Serenity/Parts/DeployedScience/Assets/seismicSensor_diffuse
[LOG 23:09:48.420] Load DDS texture: SquadExpansion/Serenity/Parts/DeployedScience/Assets/seismicSensor_nrm
[LOG 23:09:48.426] Load DDS texture: SquadExpansion/Serenity/Parts/DeployedScience/Assets/seismicSensor_specularMapped
[LOG 23:09:48.432] Load DDS texture: SquadExpansion/Serenity/Parts/DeployedScience/Assets/SolarGraph
[LOG 23:09:48.437] Load DDS texture: SquadExpansion/Serenity/Parts/DeployedScience/Assets/solarPanel_diffuse
[LOG 23:09:48.446] Load DDS texture: SquadExpansion/Serenity/Parts/DeployedScience/Assets/Waveleght3
[LOG 23:09:48.454] Load DDS texture: SquadExpansion/Serenity/Parts/DeployedScience/Assets/Wavelenght
[LOG 23:09:48.461] Load DDS texture: SquadExpansion/Serenity/Parts/DeployedScience/Assets/Wavelenght2
[LOG 23:09:48.467] Load DDS texture: SquadExpansion/Serenity/Parts/DeployedScience/Assets/wavelenght4
[LOG 23:09:48.472] Load DDS texture: SquadExpansion/Serenity/Parts/DeployedScience/Assets/wavelenght5
[LOG 23:09:48.492] Load DDS texture: SquadExpansion/Serenity/Parts/DeployedScience/Assets/WeatherStation [Normal]
[LOG 23:09:48.507] Load DDS texture: SquadExpansion/Serenity/Parts/DeployedScience/Assets/Weather_Station_diffuse
[LOG 23:09:48.511] Load DDS texture: SquadExpansion/Serenity/Parts/DeployedScience/Assets/Weather_Station_normal
[LOG 23:09:48.517] Load DDS texture: SquadExpansion/Serenity/Parts/Propellers/Assets/blade_diffuse
[LOG 23:09:48.524] Load DDS texture: SquadExpansion/Serenity/Parts/Propellers/Assets/copterBlades_diffuse
[LOG 23:09:48.533] Load DDS texture: SquadExpansion/Serenity/Parts/Propellers/Assets/fan_diffuse
[LOG 23:09:48.539] Load DDS texture: SquadExpansion/Serenity/Parts/Robotics/Assets/hinges-03-s_diffuse_Color
[LOG 23:09:48.545] Load DDS texture: SquadExpansion/Serenity/Parts/Robotics/Assets/hinges-03_diffuse_color
[LOG 23:09:48.553] Load DDS texture: SquadExpansion/Serenity/Parts/Robotics/Assets/hinges-03_diffuse_plain
[LOG 23:09:48.558] Load DDS texture: SquadExpansion/Serenity/Parts/Robotics/Assets/hinges_diffuse
[LOG 23:09:48.564] Load DDS texture: SquadExpansion/Serenity/Parts/Robotics/Assets/Hinge_diffuse_G-00_Color
[LOG 23:09:48.570] Load DDS texture: SquadExpansion/Serenity/Parts/Robotics/Assets/Hinge_diffuse_G-11_Color
[LOG 23:09:48.576] Load DDS texture: SquadExpansion/Serenity/Parts/Robotics/Assets/Hinge_diffuse_G-11_plain
[LOG 23:09:48.583] Load DDS texture: SquadExpansion/Serenity/Parts/Robotics/Assets/Hinge_normal
[LOG 23:09:48.692] Load DDS texture: SquadExpansion/Serenity/Parts/Robotics/Assets/RotorEngine_02_diffuse
[LOG 23:09:48.704] Load DDS texture: SquadExpansion/Serenity/Parts/Robotics/Assets/RotorEngine_03_diffuse
[LOG 23:09:48.712] Load DDS texture: SquadExpansion/Serenity/Parts/Robotics/Assets/RotorEngine_03_normal
[LOG 23:09:48.719] Load DDS texture: SquadExpansion/Serenity/Parts/Robotics/Assets/Rotor_01_diffuse_color
[LOG 23:09:48.724] Load DDS texture: SquadExpansion/Serenity/Parts/Robotics/Assets/Rotor_01_diffuse_plain
[LOG 23:09:48.731] Load DDS texture: SquadExpansion/Serenity/Parts/Robotics/Assets/Rotor_01_normal
[LOG 23:09:48.738] Load DDS texture: SquadExpansion/Serenity/Parts/Robotics/Assets/Rotor_01_specular_D
[LOG 23:09:48.745] Load DDS texture: SquadExpansion/Serenity/Parts/Robotics/Assets/Rotor_02_diffuse_color
[LOG 23:09:48.753] Load DDS texture: SquadExpansion/Serenity/Parts/Robotics/Assets/Rotor_03_diffuse_color
[LOG 23:09:48.759] Load DDS texture: SquadExpansion/Serenity/Parts/Robotics/Assets/Rotor_03_diffuse_plain
[LOG 23:09:48.765] Load DDS texture: SquadExpansion/Serenity/Parts/Robotics/Assets/Rotor_03_normal
[LOG 23:09:48.773] Load DDS texture: SquadExpansion/Serenity/Parts/Robotics/Assets/rotoServos_diffuse_color
[LOG 23:09:48.779] Load DDS texture: SquadExpansion/Serenity/Parts/Robotics/Assets/rotoServos_diffuse_plain
[LOG 23:09:48.785] Load DDS texture: SquadExpansion/Serenity/Parts/Robotics/Assets/rotoServos_nrm
[LOG 23:09:48.791] Load DDS texture: SquadExpansion/Serenity/Parts/Robotics/Controllers/roboController_diffuse
[LOG 23:09:48.797] Load DDS texture: SquadExpansion/Serenity/Parts/Robotics/Controllers/roboController_emissive
[LOG 23:09:48.803] Load Cached PNG Texture: SquadExpansion/Serenity/Parts/Science/RobotArmScanner/Assets/DrillBits
[LOG 23:09:48.811] Load DDS texture: SquadExpansion/Serenity/Parts/Science/RobotArmScanner/Assets/DustParticle
[WRN 23:09:48.812] Duplicate PNG texture 'SquadExpansion/Serenity/Parts/Science/RobotArmScanner/Assets/DustParticle' with extension 'png' won't be loaded
[LOG 23:09:48.818] Load DDS texture: SquadExpansion/Serenity/Parts/Science/RobotArmScanner/Assets/GenericParts_diffuse
[LOG 23:09:48.825] Load DDS texture: SquadExpansion/Serenity/Parts/Science/RobotArmScanner/Assets/GenericParts_normal
[LOG 23:09:48.834] Load DDS texture: SquadExpansion/Serenity/Parts/Science/RobotArmScanner/Assets/ROCArm3_diffuse
[LOG 23:09:48.846] Load DDS texture: SquadExpansion/Serenity/Parts/Science/RobotArmScanner/Assets/ROCArm3_normal
[LOG 23:09:48.853] Load DDS texture: SquadExpansion/Serenity/Parts/Science/RobotArmScanner/Assets/ROCArm_2_diffuse
[LOG 23:09:48.859] Load DDS texture: SquadExpansion/Serenity/Parts/Science/RobotArmScanner/Assets/ROCArm_2_normal
[LOG 23:09:48.865] Load Cached PNG Texture: SquadExpansion/Serenity/Parts/Science/RobotArmScanner/Assets/Scratch
[LOG 23:09:48.872] Load DDS texture: SquadExpansion/Serenity/Parts/Science/RobotArmScanner/Assets/SmallArm_diffuse
[LOG 23:09:48.880] Load DDS texture: SquadExpansion/Serenity/Parts/Science/RobotArmScanner/Assets/SmallArm_normal
[LOG 23:09:48.886] Load DDS texture: SquadExpansion/Serenity/Parts/Structural/gripPads/Assets/gripPads_diffuse
[LOG 23:09:48.892] Load DDS texture: SquadExpansion/Serenity/Parts/Structural/gripPads/Assets/gripPads_nrm
[LOG 23:09:48.898] Load Cached PNG Texture: SquadExpansion/Serenity/Ships/@thumbs/SPH/Arrow-E
[LOG 23:09:48.904] Load Cached PNG Texture: SquadExpansion/Serenity/Ships/@thumbs/SPH/Butterfly Rover
[LOG 23:09:48.910] Load Cached PNG Texture: SquadExpansion/Serenity/Ships/@thumbs/SPH/Jeb_s Quadtaxi
[LOG 23:09:48.917] Load Cached PNG Texture: SquadExpansion/Serenity/Ships/@thumbs/SPH/Kerbodyne Rotodyne
[LOG 23:09:48.926] Load Cached PNG Texture: SquadExpansion/Serenity/Ships/@thumbs/SPH/Seahawk
[LOG 23:09:48.934] Load Cached PNG Texture: SquadExpansion/Serenity/Ships/@thumbs/SPH/Val-Thopter
[LOG 23:09:48.946] Load MU model: Squad/FX/afterburner_flame
[LOG 23:09:48.952] Load MU model: Squad/FX/afterburner_shock
[LOG 23:09:48.958] Load MU model: Squad/FX/diamondBlue
[LOG 23:09:48.963] Load MU model: Squad/FX/exhaustFlames_blue
[LOG 23:09:49.044] Load MU model: Squad/FX/hydroLOXFlame
[LOG 23:09:49.044] Load MU model: Squad/FX/IonPlume
[LOG 23:09:49.044] Load MU model: Squad/FX/ks1_Exhaust
[LOG 23:09:49.045] Load MU model: Squad/FX/ks25_Exhaust
[LOG 23:09:49.045] Load MU model: Squad/FX/ksX_Exhaust
[LOG 23:09:49.045] Load MU model: Squad/FX/LES_Thruster
[LOG 23:09:49.045] Load MU model: Squad/FX/Monoprop_big
[LOG 23:09:49.045] Load MU model: Squad/FX/Monoprop_medium
[LOG 23:09:49.045] Load MU model: Squad/FX/Monoprop_small
[LOG 23:09:49.046] Load MU model: Squad/FX/shockExhaust_blue
[LOG 23:09:49.046] Load MU model: Squad/FX/shockExhaust_blue_small
[LOG 23:09:49.053] Load MU model: Squad/FX/shockExhaust_red_small
[LOG 23:09:49.058] Load MU model: Squad/FX/SRB_Large
[LOG 23:09:49.064] Load MU model: Squad/FX/SRB_LargeSparks
[LOG 23:09:49.071] Load MU model: Squad/Parts/Aero/aerodynamicNoseCone/aerodynamicNoseCone
[LOG 23:09:49.080] Load MU model: Squad/Parts/Aero/airbrake/Airbrake
[LOG 23:09:49.087] Load MU model: Squad/Parts/Aero/airIntakeRadialXM-G50/RadialIntake
[LOG 23:09:49.093] Load MU model: Squad/Parts/Aero/airlinerWings/ControlSurface
[LOG 23:09:49.100] Load MU model: Squad/Parts/Aero/airlinerWings/MainWing
[LOG 23:09:49.107] Load MU model: Squad/Parts/Aero/airlinerWings/TailFin
[LOG 23:09:49.112] Load MU model: Squad/Parts/Aero/airplaneFins/AdvCanard
[LOG 23:09:49.117] Load MU model: Squad/Parts/Aero/airplaneFins/Canard
[LOG 23:09:49.126] Load MU model: Squad/Parts/Aero/airplaneFins/Swept
[LOG 23:09:49.132] Load MU model: Squad/Parts/Aero/airplaneFins/TailFin
[LOG 23:09:49.138] Load MU model: Squad/Parts/Aero/basicFin/basicFin
[LOG 23:09:49.143] Load MU model: Squad/Parts/Aero/circularIntake/CircularIntake
[LOG 23:09:49.148] Load MU model: Squad/Parts/Aero/circularIntake/ConeIntake
[LOG 23:09:49.154] Load MU model: Squad/Parts/Aero/cones/Assets/AvioCone
[LOG 23:09:49.161] Load MU model: Squad/Parts/Aero/cones/Assets/ConeA
[LOG 23:09:49.169] Load MU model: Squad/Parts/Aero/cones/Assets/ConeB
[LOG 23:09:49.175] Load MU model: Squad/Parts/Aero/cones/Assets/NCS
[LOG 23:09:49.181] Load MU model: Squad/Parts/Aero/cones/Assets/orangeNoseCone
[LOG 23:09:49.187] Load MU model: Squad/Parts/Aero/cones/Assets/rocketNoseCone
[LOG 23:09:49.192] Load MU model: Squad/Parts/Aero/cones/Assets/rocketNoseCone_v2
[LOG 23:09:49.199] Load MU model: Squad/Parts/Aero/cones/Assets/rocketNoseCone_v3
[LOG 23:09:49.204] Load MU model: Squad/Parts/Aero/cones/Assets/TailA
[LOG 23:09:49.210] Load MU model: Squad/Parts/Aero/cones/Assets/TailB
[LOG 23:09:49.215] Load MU model: Squad/Parts/Aero/cones/Assets/TinyCone
[LOG 23:09:49.221] Load MU model: Squad/Parts/Aero/fairings/AutoTruss
[LOG 23:09:49.227] Load MU model: Squad/Parts/Aero/fairings/fairingSize1
[LOG 23:09:49.236] Load MU model: Squad/Parts/Aero/fairings/fairingSize2
[LOG 23:09:49.244] Load MU model: Squad/Parts/Aero/fairings/fairingSize3
[LOG 23:09:49.250] Load MU model: Squad/Parts/Aero/HeatShield/HeatShield0
[LOG 23:09:49.255] Load MU model: Squad/Parts/Aero/HeatShield/HeatShield1
[LOG 23:09:49.262] Load MU model: Squad/Parts/Aero/HeatShield/HeatShield2
[LOG 23:09:49.269] Load MU model: Squad/Parts/Aero/HeatShield/HeatShield3
[LOG 23:09:49.275] Load MU model: Squad/Parts/Aero/InflatableHeatShield/HeatShield
[LOG 23:09:49.285] Load MU model: Squad/Parts/Aero/intakeRadialLong/IntakeRadial
[LOG 23:09:49.292] Load MU model: Squad/Parts/Aero/miniIntake/SmallIntake
[LOG 23:09:49.300] Load MU model: Squad/Parts/Aero/ramAirIntake/RampIntake
[LOG 23:09:49.306] Load MU model: Squad/Parts/Aero/shuttleWings/ShuttleDeltaWing
[LOG 23:09:49.313] Load MU model: Squad/Parts/Aero/shuttleWings/ShuttleElevonA
[LOG 23:09:49.318] Load MU model: Squad/Parts/Aero/shuttleWings/ShuttleElevonB
[LOG 23:09:49.324] Load MU model: Squad/Parts/Aero/shuttleWings/ShuttleRudder
[LOG 23:09:49.330] Load MU model: Squad/Parts/Aero/shuttleWings/ShuttleStrake
[LOG 23:09:49.335] Load MU model: Squad/Parts/Aero/wingletAV-R8/model
[LOG 23:09:49.342] Load MU model: Squad/Parts/Aero/wingletAV-T1/model
[LOG 23:09:49.352] Load MU model: Squad/Parts/Aero/wingletDeltaDeluxe/model
[LOG 23:09:49.361] Load MU model: Squad/Parts/Aero/wings/connector1
[LOG 23:09:49.367] Load MU model: Squad/Parts/Aero/wings/connector2
[LOG 23:09:49.375] Load MU model: Squad/Parts/Aero/wings/connector3
[LOG 23:09:49.386] Load MU model: Squad/Parts/Aero/wings/connector4
[LOG 23:09:49.397] Load MU model: Squad/Parts/Aero/wings/connector5
[LOG 23:09:49.405] Load MU model: Squad/Parts/Aero/wings/delta
[LOG 23:09:49.410] Load MU model: Squad/Parts/Aero/wings/delta_small
[LOG 23:09:49.418] Load MU model: Squad/Parts/Aero/wings/elevon1
[LOG 23:09:49.425] Load MU model: Squad/Parts/Aero/wings/elevon2
[LOG 23:09:49.431] Load MU model: Squad/Parts/Aero/wings/elevon3
[LOG 23:09:49.438] Load MU model: Squad/Parts/Aero/wings/elevon4
[LOG 23:09:49.443] Load MU model: Squad/Parts/Aero/wings/elevon5
[LOG 23:09:49.450] Load MU model: Squad/Parts/Aero/wings/strake
[LOG 23:09:49.455] Load MU model: Squad/Parts/Aero/wings/structural1
[LOG 23:09:49.463] Load MU model: Squad/Parts/Aero/wings/structural2
[LOG 23:09:49.469] Load MU model: Squad/Parts/Aero/wings/structural3
[LOG 23:09:49.474] Load MU model: Squad/Parts/Aero/wings/structural4
[LOG 23:09:49.480] Load MU model: Squad/Parts/Aero/wings/swept1
[LOG 23:09:49.485] Load MU model: Squad/Parts/Aero/wings/swept2
[LOG 23:09:49.496] Load MU model: Squad/Parts/Cargo/CargoContainers/cargoContainer
[LOG 23:09:49.506] Load MU model: Squad/Parts/Cargo/CargoContainers/smallCargoContainer
[LOG 23:09:49.512] Load MU model: Squad/Parts/Cargo/Cylinder/EVAcylinder
[LOG 23:09:49.519] Load MU model: Squad/Parts/Cargo/GroundAnchor/groundAnchor
[LOG 23:09:49.534] Load MU model: Squad/Parts/Cargo/Jetpack/Jetpack
[LOG 23:09:49.540] Load MU model: Squad/Parts/Cargo/Parachute/Parachute
[LOG 23:09:49.546] Load MU model: Squad/Parts/Cargo/RepairKit/RepairKit
[LOG 23:09:49.558] Load MU model: Squad/Parts/Cargo/ScienceKit/ExperimentKit
[LOG 23:09:49.559] Load MU model: Squad/Parts/Cargo/StorageUnits/Assets/CargoStorageUnit
[LOG 23:09:49.563] Load MU model: Squad/Parts/Cargo/StorageUnits/Assets/ConformalStorageUnit
[LOG 23:09:49.569] Load MU model: Squad/Parts/Command/advancedSasModuleLarge/model
[LOG 23:09:49.575] Load MU model: Squad/Parts/Command/cupola/model
[LOG 23:09:49.582] Load MU model: Squad/Parts/Command/externalCommandSeat/model
[LOG 23:09:49.589] Load MU model: Squad/Parts/Command/hitchhikerStorageContainer/model
[LOG 23:09:49.594] Load MU model: Squad/Parts/Command/inlineAdvancedStabilizer/model
[LOG 23:09:49.602] Load MU model: Squad/Parts/Command/inlineReactionWheel/model
[LOG 23:09:49.607] Load MU model: Squad/Parts/Command/Mk1-3Pod/Mk1-3
[LOG 23:09:49.614] Load MU model: Squad/Parts/Command/mk1Cockpits/Cabin
[LOG 23:09:49.620] Load MU model: Squad/Parts/Command/mk1Cockpits/CockpitInline
[LOG 23:09:49.626] Load MU model: Squad/Parts/Command/mk1Cockpits/CockpitStandard
[LOG 23:09:49.638] Load MU model: Squad/Parts/Command/mk1LanderCan/model
[LOG 23:09:49.639] Load MU model: Squad/Parts/Command/mk1pod_v2/Mk1Pod_v2
[LOG 23:09:49.643] Load MU model: Squad/Parts/Command/mk2CockpitInline/model
[LOG 23:09:49.649] Load MU model: Squad/Parts/Command/mk2CockpitStandard/model
[LOG 23:09:49.655] Load MU model: Squad/Parts/Command/mk2DroneCore/model
[LOG 23:09:49.661] Load MU model: Squad/Parts/Command/mk2LanderCan/model
[LOG 23:09:49.667] Load MU model: Squad/Parts/Command/mk2LanderCan_v2/mk2LanderCan
[LOG 23:09:49.673] Load MU model: Squad/Parts/Command/mk3CockpitShuttle/model
[LOG 23:09:49.681] Load MU model: Squad/Parts/Command/MpoProbe/MpoProbe
[LOG 23:09:49.689] Load MU model: Squad/Parts/Command/MtmStage/MTM_Stage
[LOG 23:09:49.695] Load MU model: Squad/Parts/Command/probeCoreCube/probeCoreCube
[LOG 23:09:49.704] Load MU model: Squad/Parts/Command/probeCoreHex/model
[LOG 23:09:49.710] Load MU model: Squad/Parts/Command/probeCoreHex_v2/model
[LOG 23:09:49.717] Load MU model: Squad/Parts/Command/probeCoreOcto2_v2/probeCoreOcto2_v2
[LOG 23:09:49.724] Load MU model: Squad/Parts/Command/probeCoreOcto_v2/probeCoreOcto_v2
[LOG 23:09:49.736] Load MU model: Squad/Parts/Command/probeRoverBody/model
[LOG 23:09:49.744] Load MU model: Squad/Parts/Command/probeRoverBody_v2/probeRoverBody_v2
[LOG 23:09:49.752] Load MU model: Squad/Parts/Command/probeStackLarge/model
[LOG 23:09:49.761] Load MU model: Squad/Parts/Command/probeStackSmall/model
[LOG 23:09:49.768] Load MU model: Squad/Parts/Command/probeStackSphere_v2/probeStackSphere_v2
[LOG 23:09:49.773] Load MU model: Squad/Parts/CompoundParts/FuelLine/model
[LOG 23:09:49.779] Load MU model: Squad/Parts/CompoundParts/strutConnector/model
[LOG 23:09:49.786] Load MU model: Squad/Parts/Coupling/Assets/Decoupler_0
[LOG 23:09:49.793] Load MU model: Squad/Parts/Coupling/Assets/Decoupler_1
[LOG 23:09:49.799] Load MU model: Squad/Parts/Coupling/Assets/Decoupler_1p5
[LOG 23:09:49.805] Load MU model: Squad/Parts/Coupling/Assets/Decoupler_2
[LOG 23:09:49.810] Load MU model: Squad/Parts/Coupling/Assets/Decoupler_3
[LOG 23:09:49.815] Load MU model: Squad/Parts/Coupling/Assets/Decoupler_4
[LOG 23:09:49.822] Load MU model: Squad/Parts/Coupling/Assets/Separator_0
[LOG 23:09:49.829] Load MU model: Squad/Parts/Coupling/Assets/Separator_1
[LOG 23:09:49.834] Load MU model: Squad/Parts/Coupling/Assets/Separator_1p5
[LOG 23:09:49.843] Load MU model: Squad/Parts/Coupling/Assets/Separator_2
[LOG 23:09:49.849] Load MU model: Squad/Parts/Coupling/Assets/Separator_3
[LOG 23:09:49.859] Load MU model: Squad/Parts/Coupling/Assets/Separator_4
[LOG 23:09:49.869] Load MU model: Squad/Parts/Electrical/10CSolarPanels/assets/OX-10C
[LOG 23:09:49.877] Load MU model: Squad/Parts/Electrical/10CSolarPanels/assets/SP-10C
[LOG 23:09:49.885] Load MU model: Squad/Parts/Electrical/10LSolarPanels/assets/OX-10L
[LOG 23:09:49.892] Load MU model: Squad/Parts/Electrical/10LSolarPanels/assets/SP-10L
[LOG 23:09:49.900] Load MU model: Squad/Parts/Electrical/1x6ShroudSolarPanels/model
[LOG 23:09:49.907] Load MU model: Squad/Parts/Electrical/1x6SolarPanels/model
[LOG 23:09:49.912] Load MU model: Squad/Parts/Electrical/3x2ShroudSolarPanels/model
[LOG 23:09:49.918] Load MU model: Squad/Parts/Electrical/3x2SolarPanels/model
[LOG 23:09:49.923] Load MU model: Squad/Parts/Electrical/gigantorXlSolarArray/model
[LOG 23:09:49.930] Load MU model: Squad/Parts/Electrical/radialFlatSolarPanel/model
[LOG 23:09:49.936] Load MU model: Squad/Parts/Electrical/RTG/model
[LOG 23:09:49.943] Load MU model: Squad/Parts/Electrical/z-100Battery/model
[LOG 23:09:49.951] Load MU model: Squad/Parts/Electrical/z-1kBattery/model
[LOG 23:09:49.956] Load MU model: Squad/Parts/Electrical/z-200Battery/model
[LOG 23:09:49.962] Load MU model: Squad/Parts/Electrical/z-400Battery/model
[LOG 23:09:49.972] Load MU model: Squad/Parts/Electrical/z-4kBattery/model
[LOG 23:09:49.979] Load MU model: Squad/Parts/Engine/ionEngine/model
[LOG 23:09:49.985] Load MU model: Squad/Parts/Engine/jetEngines/turbineInside
[LOG 23:09:49.991] Load MU model: Squad/Parts/Engine/jetEngines/turboFanSize1
[LOG 23:09:49.997] Load MU model: Squad/Parts/Engine/jetEngines/turboFanSize2
[LOG 23:09:50.002] Load MU model: Squad/Parts/Engine/jetEngines/turboJet
[LOG 23:09:50.010] Load MU model: Squad/Parts/Engine/jetEngines/turboRamJet
[LOG 23:09:50.017] Load MU model: Squad/Parts/Engine/liquidEngine24-77/model
[LOG 23:09:50.024] Load MU model: Squad/Parts/Engine/liquidEngine24-77_v2/Twitch_v2
[LOG 23:09:50.028] Load MU model: Squad/Parts/Engine/liquidEngine48-7S_v2/SparkV2
[LOG 23:09:50.034] Load MU model: Squad/Parts/Engine/liquidEngineAerospike/AeroSpike
[LOG 23:09:50.041] Load MU model: Squad/Parts/Engine/liquidEngineLV-1_v2/Assets/Ant
[LOG 23:09:50.046] Load MU model: Squad/Parts/Engine/liquidEngineLV-1_v2/Assets/Spider
[LOG 23:09:50.166] Load MU model: Squad/Parts/Engine/liquidEngineLV-909_v2/TerrierV2
[LOG 23:09:50.172] Load MU model: Squad/Parts/Engine/liquidEngineLV-N/model
[LOG 23:09:50.180] Load MU model: Squad/Parts/Engine/liquidEngineLV-T30/model
[LOG 23:09:50.186] Load MU model: Squad/Parts/Engine/liquidEngineLV-T30_v2/Reliant_v2
[LOG 23:09:50.190] Load MU model: Squad/Parts/Engine/liquidEngineLV-T45/model
[LOG 23:09:50.198] Load MU model: Squad/Parts/Engine/liquidEngineLV-T45_v2/Swivel_v2
[LOG 23:09:50.203] Load MU model: Squad/Parts/Engine/liquidEngineMainsail_v2/liquidEngineMainsail_v2
[LOG 23:09:50.210] Load MU model: Squad/Parts/Engine/liquidEngineMk55/Thud
[LOG 23:09:50.220] Load MU model: Squad/Parts/Engine/liquidEnginePoodle_v2/LqdEnginePoodle_v2
[LOG 23:09:50.227] Load MU model: Squad/Parts/Engine/liquidEngineSkipper_v2/skipper_v2
[LOG 23:09:50.232] Load MU model: Squad/Parts/Engine/liquidEngineSSME/SSME
[LOG 23:09:50.239] Load MU model: Squad/Parts/Engine/MassiveSRB/MassiveSRB
[LOG 23:09:50.248] Load MU model: Squad/Parts/Engine/miniJet/SmallJet
[LOG 23:09:50.253] Load MU model: Squad/Parts/Engine/OMSEngine/Puff_v2
[LOG 23:09:50.260] Load MU model: Squad/Parts/Engine/rapierEngine/rapier
[LOG 23:09:50.268] Load MU model: Squad/Parts/Engine/Size1_SRBs/SRB10
[LOG 23:09:50.274] Load MU model: Squad/Parts/Engine/Size1_SRBs/SRB5
[LOG 23:09:50.281] Load MU model: Squad/Parts/Engine/Size2LFB/Size2LFB
[LOG 23:09:50.287] Load MU model: Squad/Parts/Engine/Size2LFB_v2/Size2LFB_v2
[LOG 23:09:50.293] Load MU model: Squad/Parts/Engine/Size3AdvancedEngine/Size3AdvancedEngine
[LOG 23:09:50.302] Load MU model: Squad/Parts/Engine/Size3EngineCluster/Size3EngineCluster
[LOG 23:09:50.308] Load MU model: Squad/Parts/Engine/solidBoosterBACC/model
[LOG 23:09:50.315] Load MU model: Squad/Parts/Engine/solidBoosterS2-17/solidBoosterS2-17
[LOG 23:09:50.327] Load MU model: Squad/Parts/Engine/solidBoosterS2-33/solidBoosterS2-33
[LOG 23:09:50.336] Load MU model: Squad/Parts/Engine/solidBoosterSep/model
[LOG 23:09:50.345] Load MU model: Squad/Parts/Engine/SolidBoostersF/Assets/SolidBoosterF3S0
[LOG 23:09:50.355] Load MU model: Squad/Parts/Engine/SolidBoostersF/Assets/SolidBoosterFM1
[LOG 23:09:50.361] Load MU model: Squad/Parts/FuelTank/adapterTanks/Mk3-Mk2
[LOG 23:09:50.369] Load MU model: Squad/Parts/FuelTank/adapterTanks/Mk3-Size2
[LOG 23:09:50.375] Load MU model: Squad/Parts/FuelTank/adapterTanks/Mk3-Size2Slant
[LOG 23:09:50.381] Load MU model: Squad/Parts/FuelTank/adapterTanks/ShuttleAdapter
[LOG 23:09:50.387] Load MU model: Squad/Parts/FuelTank/adapterTanks/Size2-Mk2
[LOG 23:09:50.393] Load MU model: Squad/Parts/FuelTank/adapterTanks/Size2-Size1
[LOG 23:09:50.399] Load MU model: Squad/Parts/FuelTank/adapterTanks/Size2-Size1Slant
[LOG 23:09:50.405] Load MU model: Squad/Parts/FuelTank/adapterTanks/Size3-Mk3
[LOG 23:09:50.412] Load MU model: Squad/Parts/FuelTank/drainTankFTE-1/fuelValve
[LOG 23:09:50.418] Load MU model: Squad/Parts/FuelTank/FoilTanks/RadialTank_Capsule
[LOG 23:09:50.426] Load MU model: Squad/Parts/FuelTank/FoilTanks/RadialTank_Round
[LOG 23:09:50.434] Load MU model: Squad/Parts/FuelTank/FoilTanks/ToroidTank
[LOG 23:09:50.443] Load MU model: Squad/Parts/FuelTank/fuelTankOscarB/model
[LOG 23:09:50.450] Load MU model: Squad/Parts/FuelTank/miniFuselage/Fuselage
[LOG 23:09:50.454] Load MU model: Squad/Parts/FuelTank/mk2Adapters/bicoupler
[LOG 23:09:50.462] Load MU model: Squad/Parts/FuelTank/mk2Adapters/long
[LOG 23:09:50.470] Load MU model: Squad/Parts/FuelTank/mk2Adapters/standard
[LOG 23:09:50.477] Load MU model: Squad/Parts/FuelTank/mk2FuselageLong/FuselageLongLFO
[LOG 23:09:50.484] Load MU model: Squad/Parts/FuelTank/mk2FuselageLong/FuselageLongLiquid
[LOG 23:09:50.492] Load MU model: Squad/Parts/FuelTank/mk2FuselageShort/FuselageShortLFO
[LOG 23:09:50.502] Load MU model: Squad/Parts/FuelTank/mk2FuselageShort/FuselageShortLiquid
[LOG 23:09:50.512] Load MU model: Squad/Parts/FuelTank/mk2FuselageShort/FuselageShortMono
[LOG 23:09:50.521] Load MU model: Squad/Parts/FuelTank/mk3Fuselage/CREW
[LOG 23:09:50.529] Load MU model: Squad/Parts/FuelTank/mk3Fuselage/LFO_100
[LOG 23:09:50.535] Load MU model: Squad/Parts/FuelTank/mk3Fuselage/LFO_25
[LOG 23:09:50.542] Load MU model: Squad/Parts/FuelTank/mk3Fuselage/LFO_50
[LOG 23:09:50.550] Load MU model: Squad/Parts/FuelTank/mk3Fuselage/LF_100
[LOG 23:09:50.556] Load MU model: Squad/Parts/FuelTank/mk3Fuselage/LF_25
[LOG 23:09:50.568] Load MU model: Squad/Parts/FuelTank/mk3Fuselage/LF_50
[LOG 23:09:50.574] Load MU model: Squad/Parts/FuelTank/mk3Fuselage/MONO
[LOG 23:09:50.581] Load MU model: Squad/Parts/FuelTank/RCSFuelTankR1/RCSFuelTankR1_01
[LOG 23:09:50.590] Load MU model: Squad/Parts/FuelTank/RCSFuelTankR10/model
[LOG 23:09:50.599] Load MU model: Squad/Parts/FuelTank/RCSFuelTankR25/RCSFuelTankR25
[LOG 23:09:50.607] Load MU model: Squad/Parts/FuelTank/RCSTankRadial/model
[LOG 23:09:50.612] Load MU model: Squad/Parts/FuelTank/RCStankRadialLong/model
[LOG 23:09:50.620] Load MU model: Squad/Parts/FuelTank/RockomaxTanks/Assets/Rockomax16
[LOG 23:09:50.627] Load MU model: Squad/Parts/FuelTank/RockomaxTanks/Assets/Rockomax32
[LOG 23:09:50.634] Load MU model: Squad/Parts/FuelTank/RockomaxTanks/Assets/Rockomax64
[LOG 23:09:50.641] Load MU model: Squad/Parts/FuelTank/RockomaxTanks/Assets/Rockomax8
[LOG 23:09:50.647] Load MU model: Squad/Parts/FuelTank/Size1_Tanks/Size1Tank_01
[LOG 23:09:50.654] Load MU model: Squad/Parts/FuelTank/Size1_Tanks/Size1Tank_02
[LOG 23:09:50.663] Load MU model: Squad/Parts/FuelTank/Size1_Tanks/Size1Tank_03
[LOG 23:09:50.669] Load MU model: Squad/Parts/FuelTank/Size1_Tanks/Size1Tank_04
[LOG 23:09:50.675] Load MU model: Squad/Parts/FuelTank/Size3Tanks/Size3LargeTank
[LOG 23:09:50.682] Load MU model: Squad/Parts/FuelTank/Size3Tanks/Size3MediumTank
[LOG 23:09:50.688] Load MU model: Squad/Parts/FuelTank/Size3Tanks/Size3SmallTank
[LOG 23:09:50.694] Load MU model: Squad/Parts/FuelTank/xenonTank/model
[LOG 23:09:50.700] Load MU model: Squad/Parts/FuelTank/xenonTankLarge/model
[LOG 23:09:50.708] Load MU model: Squad/Parts/FuelTank/xenonTankRadial/model
[LOG 23:09:50.714] Load MU model: Squad/Parts/Misc/AsteroidDay/CamSat
[LOG 23:09:50.720] Load MU model: Squad/Parts/Misc/AsteroidDay/HECS2
[LOG 23:09:50.726] Load MU model: Squad/Parts/Misc/AsteroidDay/HighGainAntenna
[LOG 23:09:50.732] Load MU model: Squad/Parts/Misc/AsteroidDay/LgRadialSolar
[LOG 23:09:50.738] Load MU model: Squad/Parts/Misc/PotatoComet/Cube
[LOG 23:09:50.739] Load MU model: Squad/Parts/Misc/PotatoRoid/Cube
[LOG 23:09:50.747] Load MU model: Squad/Parts/Resources/FuelCell/FuelCell
[LOG 23:09:50.754] Load MU model: Squad/Parts/Resources/FuelCell/FuelCellArray
[LOG 23:09:50.760] Load MU model: Squad/Parts/Resources/ISRU/ISRU
[LOG 23:09:50.766] Load MU model: Squad/Parts/Resources/LargeTank/LargeTank
[LOG 23:09:50.772] Load MU model: Squad/Parts/Resources/MiniDrill/MiniDrill
[LOG 23:09:50.781] Load MU model: Squad/Parts/Resources/MiniISRU/MiniISRU
[LOG 23:09:50.787] Load MU model: Squad/Parts/Resources/OrbitalScanner/OrbitalScanner
[LOG 23:09:50.792] Load MU model: Squad/Parts/Resources/RadialDrill/TriBitDrill
[LOG 23:09:50.798] Load MU model: Squad/Parts/Resources/RadialTank/RadialOreTank
[LOG 23:09:50.804] Load MU model: Squad/Parts/Resources/SmallTank/SmallTank
[LOG 23:09:50.810] Load MU model: Squad/Parts/Resources/SurfaceScanner/SurfaceScanner
[LOG 23:09:50.815] Load MU model: Squad/Parts/Resources/SurveyScanner/SurveyScanner
[LOG 23:09:50.823] Load MU model: Squad/Parts/Science/AtmosphereSensor/model
[LOG 23:09:50.828] Load MU model: Squad/Parts/Science/GooExperiment/GooExperiment
[LOG 23:09:50.833] Load MU model: Squad/Parts/Science/LargeCrewedLab/large_crewed_lab
[LOG 23:09:50.839] Load MU model: Squad/Parts/Science/Magnetometer/Magnetometer
[LOG 23:09:50.845] Load MU model: Squad/Parts/Science/MaterialBay/science_module_small
[LOG 23:09:50.852] Load MU model: Squad/Parts/Science/ScienceBox/ScienceBox
[LOG 23:09:50.857] Load MU model: Squad/Parts/Science/sensorAccelerometer/model
[LOG 23:09:50.863] Load MU model: Squad/Parts/Science/sensorBarometer/model
[LOG 23:09:50.869] Load MU model: Squad/Parts/Science/sensorGravimeter/model
[LOG 23:09:50.874] Load MU model: Squad/Parts/Science/sensorThermometer/model
[LOG 23:09:50.881] Load MU model: Squad/Parts/Structural/FLAdapters/Assets/adapterSmallMiniShort_v2
[LOG 23:09:50.887] Load MU model: Squad/Parts/Structural/FLAdapters/Assets/adapterSmallMiniTall_v2
[LOG 23:09:50.895] Load MU model: Squad/Parts/Structural/mk1Parts/Fuselage
[LOG 23:09:50.902] Load MU model: Squad/Parts/Structural/mk1Parts/IntakeFuselage
[LOG 23:09:50.908] Load MU model: Squad/Parts/Structural/mk1Parts/Nacelle1
[LOG 23:09:50.915] Load MU model: Squad/Parts/Structural/mk1Parts/Nacelle2
[LOG 23:09:50.921] Load MU model: Squad/Parts/Structural/mk1Parts/Structural
[LOG 23:09:50.928] Load MU model: Squad/Parts/Structural/mk1Parts/StructuralHollow
[LOG 23:09:50.933] Load MU model: Squad/Parts/Structural/Size3To2Adapter_v2/Size2to3_v2
[LOG 23:09:50.939] Load MU model: Squad/Parts/Structural/stackAdapters/Assets/adapterLargeSmallBi
[LOG 23:09:50.948] Load MU model: Squad/Parts/Structural/stackAdapters/Assets/adapterLargeSmallQuad
[LOG 23:09:50.953] Load MU model: Squad/Parts/Structural/stackAdapters/Assets/adapterLargeSmallTri
[LOG 23:09:50.958] Load MU model: Squad/Parts/Structural/stationHub/model
[LOG 23:09:50.964] Load MU model: Squad/Parts/Structural/structuralIBeam200/model
[LOG 23:09:50.970] Load MU model: Squad/Parts/Structural/structuralIBeam200Pocket/model
[LOG 23:09:50.976] Load MU model: Squad/Parts/Structural/structuralIBeam650/model
[LOG 23:09:50.982] Load MU model: Squad/Parts/Structural/structuralMicronode/model
[LOG 23:09:50.987] Load MU model: Squad/Parts/Structural/structuralPanel1x1/model
[LOG 23:09:50.993] Load MU model: Squad/Parts/Structural/structuralPanel2x2/model
[LOG 23:09:50.999] Load MU model: Squad/Parts/Structural/structuralPylons/PylonBig
[LOG 23:09:51.008] Load MU model: Squad/Parts/Structural/structuralPylons/PylonSmall
[LOG 23:09:51.013] Load MU model: Squad/Parts/Structural/strutCubicOcto/model
[LOG 23:09:51.019] Load MU model: Squad/Parts/Structural/strutOcto/model
[LOG 23:09:51.025] Load MU model: Squad/Parts/Structural/trussGirderAdapter/model
[LOG 23:09:51.034] Load MU model: Squad/Parts/Structural/trussGirderL/model
[LOG 23:09:51.043] Load MU model: Squad/Parts/Structural/trussGirderXL/model
[LOG 23:09:51.053] Load MU model: Squad/Parts/Thermal/FoldingRadiators/foldingRadLarge
[LOG 23:09:51.062] Load MU model: Squad/Parts/Thermal/FoldingRadiators/foldingRadMed
[LOG 23:09:51.067] Load MU model: Squad/Parts/Thermal/FoldingRadiators/foldingRadSmall
[LOG 23:09:51.074] Load MU model: Squad/Parts/Thermal/RadiatorPanels/radPanelEdge
[LOG 23:09:51.081] Load MU model: Squad/Parts/Thermal/RadiatorPanels/radPanelLg
[LOG 23:09:51.088] Load MU model: Squad/Parts/Thermal/RadiatorPanels/radPanelSm
[LOG 23:09:51.094] Load MU model: Squad/Parts/Utility/commDish88-88/model
[LOG 23:09:51.100] Load MU model: Squad/Parts/Utility/commsAntennaDTS-M1/mediumDishAntenna
[LOG 23:09:51.105] Load MU model: Squad/Parts/Utility/commsDish16/model
[LOG 23:09:51.113] Load MU model: Squad/Parts/Utility/decouplerRadialHDM/model
[LOG 23:09:51.122] Load MU model: Squad/Parts/Utility/decouplerRadialTT-38K/model
[LOG 23:09:51.129] Load MU model: Squad/Parts/Utility/decouplerRadialTT-70/model
[LOG 23:09:51.135] Load MU model: Squad/Parts/Utility/DirectAntennas/HGAntenna
[LOG 23:09:51.141] Load MU model: Squad/Parts/Utility/DirectAntennas/HGAntenna_v2
[LOG 23:09:51.148] Load MU model: Squad/Parts/Utility/DirectAntennas/SurfAntenna
[LOG 23:09:51.157] Load MU model: Squad/Parts/Utility/dockingPort/dockingPort
[LOG 23:09:51.166] Load MU model: Squad/Parts/Utility/dockingPortInline/dockingPortInline
[LOG 23:09:51.174] Load MU model: Squad/Parts/Utility/dockingPortJr/dockingPortJr
[LOG 23:09:51.181] Load MU model: Squad/Parts/Utility/dockingPortShielded/dockingPortShielded
[LOG 23:09:51.188] Load MU model: Squad/Parts/Utility/dockingPortSr/dockingPortSr
[LOG 23:09:51.194] Load MU model: Squad/Parts/Utility/Fireworks/Assets/fireworksLauncherBig
[LOG 23:09:51.202] Load MU model: Squad/Parts/Utility/Fireworks/Assets/fireworksLauncherSmall
[LOG 23:09:51.210] Load MU model: Squad/Parts/Utility/flags/flagFlat/flagFlatMeshes
[LOG 23:09:51.215] Load MU model: Squad/Parts/Utility/flags/flagSize0/flagSize0Meshes
[LOG 23:09:51.222] Load MU model: Squad/Parts/Utility/flags/flagSize1/flagSize1Meshes
[LOG 23:09:51.230] Load MU model: Squad/Parts/Utility/flags/flagSize2/flagSize2Meshes
[LOG 23:09:51.238] Load MU model: Squad/Parts/Utility/flags/flagSize3/flagSize3Meshes
[LOG 23:09:51.246] Load MU model: Squad/Parts/Utility/GrapplingDevice/GrapplingArm
[LOG 23:09:51.254] Load MU model: Squad/Parts/Utility/ladderRadial/model
[LOG 23:09:51.261] Load MU model: Squad/Parts/Utility/ladderTelescopic/model
[LOG 23:09:51.269] Load MU model: Squad/Parts/Utility/ladderTelescopicBay/model
[LOG 23:09:51.275] Load MU model: Squad/Parts/Utility/landingLegLT-1/model
[LOG 23:09:51.283] Load MU model: Squad/Parts/Utility/landingLegLT-2/model
[LOG 23:09:51.290] Load MU model: Squad/Parts/Utility/landingLegLT-5/model
[WRN 23:09:51.291] WheelCollider requires an attached Rigidbody to function.
[WRN 23:09:51.291] WheelCollider requires an attached Rigidbody to function.
[LOG 23:09:51.296] Load MU model: Squad/Parts/Utility/launchClamp1/model
[LOG 23:09:51.304] Load MU model: Squad/Parts/Utility/launchEscapeSystem/LaunchEscapeSystem
[LOG 23:09:51.310] Load MU model: Squad/Parts/Utility/Lights/Assets/light_02
[LOG 23:09:51.315] Load MU model: Squad/Parts/Utility/Lights/Assets/light_03
[LOG 23:09:51.323] Load MU model: Squad/Parts/Utility/Lights/Assets/light_04
[LOG 23:09:51.329] Load MU model: Squad/Parts/Utility/Lights/Assets/light_07
[LOG 23:09:51.335] Load MU model: Squad/Parts/Utility/Lights/Assets/light_08
[LOG 23:09:51.342] Load MU model: Squad/Parts/Utility/Lights/Assets/light_12
[LOG 23:09:51.348] Load MU model: Squad/Parts/Utility/linearVernorRCS/Assets/linearRCS
[LOG 23:09:51.355] Load MU model: Squad/Parts/Utility/linearVernorRCS/Assets/vernorEngine
[LOG 23:09:51.360] Load MU model: Squad/Parts/Utility/mk2CargoBay/BayLarge
[LOG 23:09:51.367] Load MU model: Squad/Parts/Utility/mk2CargoBay/BaySmall
[LOG 23:09:51.373] Load MU model: Squad/Parts/Utility/mk2CrewCabin/model
[LOG 23:09:51.380] Load MU model: Squad/Parts/Utility/mk2DockingPort/mk2Dockingport
[LOG 23:09:51.385] Load MU model: Squad/Parts/Utility/mk3CargoBay/long
[LOG 23:09:51.390] Load MU model: Squad/Parts/Utility/mk3CargoBay/medium
[LOG 23:09:51.395] Load MU model: Squad/Parts/Utility/mk3CargoBay/ramp
[LOG 23:09:51.401] Load MU model: Squad/Parts/Utility/mk3CargoBay/short
[LOG 23:09:51.409] Load MU model: Squad/Parts/Utility/parachuteMk1/model
[LOG 23:09:51.415] Load MU model: Squad/Parts/Utility/parachuteMk12-R/model
[LOG 23:09:51.424] Load MU model: Squad/Parts/Utility/parachuteMk16-XL/model
[LOG 23:09:51.430] Load MU model: Squad/Parts/Utility/parachuteMk2-R/model
[LOG 23:09:51.439] Load MU model: Squad/Parts/Utility/parachuteMk25/model
[LOG 23:09:51.447] Load MU model: Squad/Parts/Utility/radialAttachmentPoint/model
[LOG 23:09:51.454] Load MU model: Squad/Parts/Utility/rcsBlockRV-105_v2/rcsBlock105
[LOG 23:09:51.463] Load MU model: Squad/Parts/Utility/rcsSmallLinear/Assets/RCSLinearSmall
[LOG 23:09:51.468] Load MU model: Squad/Parts/Utility/RelayAntennas/HGAntenna
[LOG 23:09:51.473] Load MU model: Squad/Parts/Utility/RelayAntennas/RA-100
[LOG 23:09:51.480] Load MU model: Squad/Parts/Utility/RelayAntennas/RA-5
[LOG 23:09:51.488] Load MU model: Squad/Parts/Utility/RelayAntennas/RA-50
[LOG 23:09:51.494] Load MU model: Squad/Parts/Utility/rockomaxAdapters/Assets/brandAdapter
[LOG 23:09:51.500] Load MU model: Squad/Parts/Utility/rockomaxAdapters/Assets/brandAdapter02
[LOG 23:09:51.505] Load MU model: Squad/Parts/Utility/ServiceBay_v2/Assets/ServiceBay_125_v2
[LOG 23:09:51.513] Load MU model: Squad/Parts/Utility/ServiceBay_v2/Assets/ServiceBay_250_v2
[LOG 23:09:51.520] Load MU model: Squad/Parts/Utility/smallClaw/smallClaw
[LOG 23:09:51.528] Load MU model: Squad/Parts/Utility/spotLightMk1/model
[LOG 23:09:51.535] Load MU model: Squad/Parts/Utility/spotLightMk1_v2/model
[LOG 23:09:51.541] Load MU model: Squad/Parts/Utility/spotLightMk2/model
[LOG 23:09:51.547] Load MU model: Squad/Parts/Utility/spotLightMk2_v2/model
[LOG 23:09:51.553] Load MU model: Squad/Parts/Utility/stackCouplers/Assets/stackBiCoupler_v2
[LOG 23:09:51.559] Load MU model: Squad/Parts/Utility/stackCouplers/Assets/stackQuadCoupler
[LOG 23:09:51.567] Load MU model: Squad/Parts/Utility/stackCouplers/Assets/stackTriCoupler_v2
[LOG 23:09:51.573] Load MU model: Squad/Parts/Wheel/LandingGear/GearExtraLarge
[WRN 23:09:51.574] WheelCollider requires an attached Rigidbody to function.
[WRN 23:09:51.574] WheelCollider requires an attached Rigidbody to function.
[LOG 23:09:51.579] Load MU model: Squad/Parts/Wheel/LandingGear/GearFixed
[WRN 23:09:51.579] WheelCollider requires an attached Rigidbody to function.
[WRN 23:09:51.579] WheelCollider requires an attached Rigidbody to function.
[LOG 23:09:51.588] Load MU model: Squad/Parts/Wheel/LandingGear/GearFree
[WRN 23:09:51.588] WheelCollider requires an attached Rigidbody to function.
[WRN 23:09:51.588] WheelCollider requires an attached Rigidbody to function.
[LOG 23:09:51.598] Load MU model: Squad/Parts/Wheel/LandingGear/GearLarge
[WRN 23:09:51.598] WheelCollider requires an attached Rigidbody to function.
[WRN 23:09:51.598] WheelCollider requires an attached Rigidbody to function.
[LOG 23:09:51.607] Load MU model: Squad/Parts/Wheel/LandingGear/GearMedium
[WRN 23:09:51.608] WheelCollider requires an attached Rigidbody to function.
[WRN 23:09:51.608] WheelCollider requires an attached Rigidbody to function.
[LOG 23:09:51.613] Load MU model: Squad/Parts/Wheel/LandingGear/GearSmall
[WRN 23:09:51.613] WheelCollider requires an attached Rigidbody to function.
[WRN 23:09:51.613] WheelCollider requires an attached Rigidbody to function.
[LOG 23:09:51.618] Load MU model: Squad/Parts/Wheel/roverWheelM1/model
[WRN 23:09:51.619] WheelCollider requires an attached Rigidbody to function.
[WRN 23:09:51.619] WheelCollider requires an attached Rigidbody to function.
[LOG 23:09:51.624] Load MU model: Squad/Parts/Wheel/roverWheelS2/model
[WRN 23:09:51.624] WheelCollider requires an attached Rigidbody to function.
[WRN 23:09:51.624] WheelCollider requires an attached Rigidbody to function.
[LOG 23:09:51.631] Load MU model: Squad/Parts/Wheel/roverWheelTR-2L/model
[WRN 23:09:51.631] WheelCollider requires an attached Rigidbody to function.
[WRN 23:09:51.631] WheelCollider requires an attached Rigidbody to function.
[LOG 23:09:51.636] Load MU model: Squad/Parts/Wheel/roverWheelXL3/model
[WRN 23:09:51.637] WheelCollider requires an attached Rigidbody to function.
[WRN 23:09:51.637] WheelCollider requires an attached Rigidbody to function.
[LOG 23:09:51.642] Load MU model: Squad/Props/AltimeterThreeHands/model
[LOG 23:09:51.652] Load MU model: Squad/Props/AtmosphereDepth/model
[LOG 23:09:51.660] Load MU model: Squad/Props/AxisIndicator/model
[LOG 23:09:51.665] Load MU model: Squad/Props/buttonsGeneric/circularButton
[LOG 23:09:51.675] Load MU model: Squad/Props/buttonsGeneric/clusterButtons
[LOG 23:09:51.680] Load MU model: Squad/Props/buttonsGeneric/clusterButtons2
[LOG 23:09:51.686] Load MU model: Squad/Props/buttonsGeneric/clusterKnob
[LOG 23:09:51.692] Load MU model: Squad/Props/buttonsGeneric/clusterKnob2
[LOG 23:09:51.698] Load MU model: Squad/Props/buttonsGeneric/clusterMixed
[LOG 23:09:51.704] Load MU model: Squad/Props/buttonsGeneric/clusterSwitches01
[LOG 23:09:51.709] Load MU model: Squad/Props/buttonsGeneric/clusterSwitches02
[LOG 23:09:51.716] Load MU model: Squad/Props/buttonsGeneric/clusterSwitches03
[LOG 23:09:51.720] Load MU model: Squad/Props/buttonsGeneric/clusterSwitches04
[LOG 23:09:51.727] Load MU model: Squad/Props/buttonsGeneric/clusterSwitches05
[LOG 23:09:51.733] Load MU model: Squad/Props/buttonsGeneric/clusterSwitches06
[LOG 23:09:51.739] Load MU model: Squad/Props/buttonsGeneric/clusterSwitches07
[LOG 23:09:51.744] Load MU model: Squad/Props/buttonsGeneric/directionalKnob
[LOG 23:09:51.750] Load MU model: Squad/Props/buttonsGeneric/directionalKnob2
[LOG 23:09:51.757] Load MU model: Squad/Props/buttonsGeneric/pullSwitch
[LOG 23:09:51.764] Load MU model: Squad/Props/buttonsGeneric/squareButton
[LOG 23:09:51.772] Load MU model: Squad/Props/buttonsGeneric/standingSwitch
[LOG 23:09:51.778] Load MU model: Squad/Props/buttonsGeneric/switch
[LOG 23:09:51.784] Load MU model: Squad/Props/buttonsGeneric/switchWithGuards
[LOG 23:09:51.790] Load MU model: Squad/Props/ButtonSquare/model
[LOG 23:09:51.795] Load MU model: Squad/Props/circularButton/model
[LOG 23:09:51.804] Load MU model: Squad/Props/Compass/model
[LOG 23:09:51.811] Load MU model: Squad/Props/directionalKnob/model
[LOG 23:09:51.817] Load MU model: Squad/Props/directionalKnob2/model
[LOG 23:09:51.821] Load MU model: Squad/Props/IndicatorPanel/model
[LOG 23:09:51.827] Load MU model: Squad/Props/IVANavBall/model
[LOG 23:09:51.834] Load MU model: Squad/Props/IVANavBallNoBase/model
[LOG 23:09:51.839] Load MU model: Squad/Props/ledPanelSpeed/model
[LOG 23:09:51.846] Load MU model: Squad/Props/Monitor/MonitorDockingMode
[LOG 23:09:51.851] Load MU model: Squad/Props/NavBall/model
[LOG 23:09:51.857] Load MU model: Squad/Props/PropsGeneric/Button_DockingMode
[LOG 23:09:51.863] Load MU model: Squad/Props/PropsGeneric/CargoBagA
[LOG 23:09:51.869] Load MU model: Squad/Props/PropsGeneric/CargoBagB
[LOG 23:09:51.875] Load MU model: Squad/Props/PropsGeneric/CargoBagC
[LOG 23:09:51.881] Load MU model: Squad/Props/PropsGeneric/Hatch_Plane
[LOG 23:09:51.886] Load MU model: Squad/Props/PropsGeneric/Hatch_Plane_Curve90
[LOG 23:09:51.894] Load MU model: Squad/Props/PropsGeneric/Hatch_Plane_Frame
[LOG 23:09:51.899] Load MU model: Squad/Props/PropsGeneric/Seat_Passenger
[LOG 23:09:51.905] Load MU model: Squad/Props/PropsGeneric/Seat_Pilot
[LOG 23:09:51.911] Load MU model: Squad/Props/PropsGeneric/Seat_Pilot_Helmet
[LOG 23:09:51.917] Load MU model: Squad/Props/PropsGeneric/SideStick
[LOG 23:09:51.923] Load MU model: Squad/Props/pullSwitch/model
[LOG 23:09:51.928] Load MU model: Squad/Props/radarAltitude/model
[LOG 23:09:51.934] Load MU model: Squad/Props/squareButton/model
[LOG 23:09:51.941] Load MU model: Squad/Props/standingSwitch/model
[LOG 23:09:51.947] Load MU model: Squad/Props/switch/model
[LOG 23:09:51.953] Load MU model: Squad/Props/switchGuard/model
[LOG 23:09:51.958] Load MU model: Squad/Props/switchWithGuards/model
[LOG 23:09:51.965] Load MU model: Squad/Props/throttle/model
[LOG 23:09:51.971] Load MU model: Squad/Props/VSI/model
[LOG 23:09:51.977] Load MU model: Squad/Spaces/crewCabinInternals/model
[LOG 23:09:51.982] Load MU model: Squad/Spaces/cupolaInternal/model
[LOG 23:09:51.988] Load MU model: Squad/Spaces/GenericSpace1/model
[LOG 23:09:51.994] Load MU model: Squad/Spaces/GenericSpace3/model
[LOG 23:09:51.999] Load MU model: Squad/Spaces/landerCabinInternals/model
[LOG 23:09:52.006] Load MU model: Squad/Spaces/landerCabinSmallInternal/model
[LOG 23:09:52.011] Load MU model: Squad/Spaces/LargeCrewedLabInternals/Large_Crewed_lab_Int
[LOG 23:09:52.018] Load MU model: Squad/Spaces/Mk1-3/model
[LOG 23:09:52.027] Load MU model: Squad/Spaces/mk1CabinInternal/mk1cabin
[LOG 23:09:52.034] Load MU model: Squad/Spaces/mk1CockpitInternal/Mk1StandardIVA
[LOG 23:09:52.042] Load MU model: Squad/Spaces/mk1InlineInternal/Mk1InlineIVA
[LOG 23:09:52.046] Load MU model: Squad/Spaces/mk1PodCockpit/model
[LOG 23:09:52.062] Load MU model: Squad/Spaces/mk1pod_IVA/mk1pod_IVA
[LOG 23:09:52.069] Load MU model: Squad/Spaces/mk2CockpitStandardInternal/model
[LOG 23:09:52.075] Load MU model: Squad/Spaces/Mk2CrewCabinInternal/MK2_CrewCab_Int
[LOG 23:09:52.081] Load MU model: Squad/Spaces/mk2InlineInternal/mk2InlineIVA
[LOG 23:09:52.087] Load MU model: Squad/Spaces/mk2LanderCanInternal/mk2LanderCanInternal
[LOG 23:09:52.094] Load MU model: Squad/Spaces/MK3CockpitInternal/MK3_Cockpit_Int
[LOG 23:09:52.100] Load MU model: Squad/Spaces/MK3_CrewCab_Int/MK3_CrewCab_Int
[LOG 23:09:52.105] Load MU model: Squad/Spaces/OverlayMasks/CupolaMask
[LOG 23:09:52.112] Load MU model: Squad/Spaces/OverlayMasks/HitchhikerBorder
[LOG 23:09:52.118] Load MU model: Squad/Spaces/OverlayMasks/HitchhikerMask
[LOG 23:09:52.123] Load MU model: Squad/Spaces/OverlayMasks/LargeLabBorder
[LOG 23:09:52.131] Load MU model: Squad/Spaces/OverlayMasks/LargeLabMask
[LOG 23:09:52.135] Load MU model: Squad/Spaces/OverlayMasks/Mk1CabinBorder
[LOG 23:09:52.144] Load MU model: Squad/Spaces/OverlayMasks/Mk1CabinMask
[LOG 23:09:52.150] Load MU model: Squad/Spaces/OverlayMasks/Mk1InlineMask
[LOG 23:09:52.157] Load MU model: Squad/Spaces/OverlayMasks/Mk1InlineMask2
[LOG 23:09:52.162] Load MU model: Squad/Spaces/OverlayMasks/Mk1StandardBorder2
[LOG 23:09:52.168] Load MU model: Squad/Spaces/OverlayMasks/Mk1StandardBorder3
[LOG 23:09:52.173] Load MU model: Squad/Spaces/OverlayMasks/Mk1StandardMask
[LOG 23:09:52.179] Load MU model: Squad/Spaces/OverlayMasks/Mk1StandardMask2
[LOG 23:09:52.185] Load MU model: Squad/Spaces/OverlayMasks/Mk1StandardMask3
[LOG 23:09:52.191] Load MU model: Squad/Spaces/OverlayMasks/Mk2CabinBorder
[LOG 23:09:52.197] Load MU model: Squad/Spaces/OverlayMasks/Mk2CabinMask
[LOG 23:09:52.202] Load MU model: Squad/Spaces/OverlayMasks/Mk2InlineBorder
[LOG 23:09:52.207] Load MU model: Squad/Spaces/OverlayMasks/Mk2InlineMask
[LOG 23:09:52.214] Load MU model: Squad/Spaces/OverlayMasks/Mk2StandardBorder
[LOG 23:09:52.219] Load MU model: Squad/Spaces/OverlayMasks/Mk2StandardMask
[LOG 23:09:52.224] Load MU model: Squad/Spaces/OverlayMasks/Mk3CabinBorder
[LOG 23:09:52.230] Load MU model: Squad/Spaces/OverlayMasks/Mk3CabinMask
[LOG 23:09:52.237] Load MU model: Squad/Spaces/OverlayMasks/Mk3CabinMask2
[LOG 23:09:52.243] Load MU model: Squad/Spaces/OverlayMasks/Mk3ShuttleBorder
[LOG 23:09:52.250] Load MU model: Squad/Spaces/OverlayMasks/Mk3ShuttleMask
[LOG 23:09:52.260] Load MU model: Squad/Spaces/OverlayMasks/Size1LanderBorder
[LOG 23:09:52.270] Load MU model: Squad/Spaces/OverlayMasks/Size1LanderMask
[LOG 23:09:52.276] Load MU model: Squad/Spaces/OverlayMasks/Size1PodBorder
[LOG 23:09:52.282] Load MU model: Squad/Spaces/OverlayMasks/Size1PodMask
[LOG 23:09:52.288] Load MU model: Squad/Spaces/OverlayMasks/Size2LanderBorder
[LOG 23:09:52.294] Load MU model: Squad/Spaces/OverlayMasks/Size2LanderMask
[LOG 23:09:52.298] Load MU model: Squad/Spaces/OverlayMasks/Size2PodBorder
[LOG 23:09:52.304] Load MU model: Squad/Spaces/OverlayMasks/Size2PodMask
[LOG 23:09:52.309] Load MU model: Squad/Spaces/Placeholder/PlaceholderIVA
[LOG 23:09:52.315] Load MU model: Squad/Spaces/PodCockpit/model
[LOG 23:09:52.322] Load MU model: SquadExpansion/MakingHistory/Parts/Aero/protectiveRocketNoseMk5A/Size_1_5_Cone
[LOG 23:09:52.327] Load MU model: SquadExpansion/MakingHistory/Parts/Coupling/Assets/EnginePlate
[LOG 23:09:52.332] Load MU model: SquadExpansion/MakingHistory/Parts/Coupling/Assets/InflatableAirlock
[LOG 23:09:52.338] Load MU model: SquadExpansion/MakingHistory/Parts/Coupling/Assets/Size1_5_Decoupler
[LOG 23:09:52.347] Load MU model: SquadExpansion/MakingHistory/Parts/Engine/Assets/KE-1
[LOG 23:09:52.355] Load MU model: SquadExpansion/MakingHistory/Parts/Engine/Assets/LV-T87
[LOG 23:09:52.362] Load MU model: SquadExpansion/MakingHistory/Parts/Engine/Assets/LV-T91
[LOG 23:09:52.368] Load MU model: SquadExpansion/MakingHistory/Parts/Engine/Assets/RE-I2
[LOG 23:09:52.374] Load MU model: SquadExpansion/MakingHistory/Parts/Engine/Assets/RE-J10
[LOG 23:09:52.382] Load MU model: SquadExpansion/MakingHistory/Parts/Engine/Assets/RK-7
[LOG 23:09:52.392] Load MU model: SquadExpansion/MakingHistory/Parts/Engine/Assets/RV-1
[LOG 23:09:52.398] Load MU model: SquadExpansion/MakingHistory/Parts/Engine/solidBoosterTHK/solidBoosterTHK
[LOG 23:09:52.404] Load MU model: SquadExpansion/MakingHistory/Parts/FuelTank/Assets/MiniMonoTank
[LOG 23:09:52.412] Load MU model: SquadExpansion/MakingHistory/Parts/FuelTank/Assets/Size1_5_Size0_Adapter_01
[LOG 23:09:52.417] Load MU model: SquadExpansion/MakingHistory/Parts/FuelTank/Assets/Size1_5_Size1_Adapter_01
[LOG 23:09:52.423] Load MU model: SquadExpansion/MakingHistory/Parts/FuelTank/Assets/Size1_5_Size1_Adapter_02
[LOG 23:09:52.428] Load MU model: SquadExpansion/MakingHistory/Parts/FuelTank/Assets/Size1_5_Size2_Adapter_01
[LOG 23:09:52.435] Load MU model: SquadExpansion/MakingHistory/Parts/FuelTank/Assets/Size1_5_Tank_01
[LOG 23:09:52.442] Load MU model: SquadExpansion/MakingHistory/Parts/FuelTank/Assets/Size1_5_Tank_02
[LOG 23:09:52.448] Load MU model: SquadExpansion/MakingHistory/Parts/FuelTank/Assets/Size1_5_Tank_03
[LOG 23:09:52.454] Load MU model: SquadExpansion/MakingHistory/Parts/FuelTank/Assets/Size1_5_Tank_04
[LOG 23:09:52.459] Load MU model: SquadExpansion/MakingHistory/Parts/FuelTank/Assets/Size1_5_Tank_05
[LOG 23:09:52.465] Load MU model: SquadExpansion/MakingHistory/Parts/FuelTank/Assets/Size3_Size4_Adapter_01
[LOG 23:09:52.472] Load MU model: SquadExpansion/MakingHistory/Parts/FuelTank/Assets/Size4_EngineAdapter_01
[LOG 23:09:52.477] Load MU model: SquadExpansion/MakingHistory/Parts/FuelTank/Assets/Size4_Tank_01
[LOG 23:09:52.483] Load MU model: SquadExpansion/MakingHistory/Parts/FuelTank/Assets/Size4_Tank_02
[LOG 23:09:52.489] Load MU model: SquadExpansion/MakingHistory/Parts/FuelTank/Assets/Size4_Tank_03
[LOG 23:09:52.494] Load MU model: SquadExpansion/MakingHistory/Parts/FuelTank/Assets/Size4_Tank_04
[LOG 23:09:52.503] Load MU model: SquadExpansion/MakingHistory/Parts/FuelTank/Assets/Size_1p5_Monoprop
[LOG 23:09:52.513] Load MU model: SquadExpansion/MakingHistory/Parts/Ground/Assets/RoverWheel
[WRN 23:09:52.513] WheelCollider requires an attached Rigidbody to function.
[WRN 23:09:52.514] WheelCollider requires an attached Rigidbody to function.
[LOG 23:09:52.522] Load MU model: SquadExpansion/MakingHistory/Parts/Payload/Assets/ServiceModule18
[LOG 23:09:52.528] Load MU model: SquadExpansion/MakingHistory/Parts/Payload/Assets/ServiceModule25
[LOG 23:09:52.533] Load MU model: SquadExpansion/MakingHistory/Parts/Payload/Assets/Size1to0ServiceModule
[LOG 23:09:52.540] Load MU model: SquadExpansion/MakingHistory/Parts/Pods/Assets/Mk2Pod
[LOG 23:09:52.548] Load MU model: SquadExpansion/MakingHistory/Parts/Pods/Assets/RoundPod
[LOG 23:09:52.557] Load MU model: SquadExpansion/MakingHistory/Parts/Pods/Assets/Size1_5_Lander
[LOG 23:09:52.563] Load MU model: SquadExpansion/MakingHistory/Parts/SharedAssets/Shroud1p5x0
[LOG 23:09:52.570] Load MU model: SquadExpansion/MakingHistory/Parts/SharedAssets/Shroud1p5x1
[LOG 23:09:52.575] Load MU model: SquadExpansion/MakingHistory/Parts/SharedAssets/Shroud1p5x2
[LOG 23:09:52.583] Load MU model: SquadExpansion/MakingHistory/Parts/SharedAssets/Shroud1p5x3
[LOG 23:09:52.590] Load MU model: SquadExpansion/MakingHistory/Parts/SharedAssets/Shroud1p5x4
[LOG 23:09:52.599] Load MU model: SquadExpansion/MakingHistory/Parts/SharedAssets/Shroud1x0
[LOG 23:09:52.604] Load MU model: SquadExpansion/MakingHistory/Parts/SharedAssets/Shroud1x1
[LOG 23:09:52.609] Load MU model: SquadExpansion/MakingHistory/Parts/SharedAssets/Shroud1x2
[LOG 23:09:52.618] Load MU model: SquadExpansion/MakingHistory/Parts/SharedAssets/Shroud1x3
[LOG 23:09:52.624] Load MU model: SquadExpansion/MakingHistory/Parts/SharedAssets/Shroud1x4
[LOG 23:09:52.633] Load MU model: SquadExpansion/MakingHistory/Parts/SharedAssets/Shroud2x0
[LOG 23:09:52.640] Load MU model: SquadExpansion/MakingHistory/Parts/SharedAssets/Shroud2x1
[LOG 23:09:52.646] Load MU model: SquadExpansion/MakingHistory/Parts/SharedAssets/Shroud2x2
[LOG 23:09:52.651] Load MU model: SquadExpansion/MakingHistory/Parts/SharedAssets/Shroud2x3
[LOG 23:09:52.660] Load MU model: SquadExpansion/MakingHistory/Parts/SharedAssets/Shroud2x4
[LOG 23:09:52.665] Load MU model: SquadExpansion/MakingHistory/Parts/SharedAssets/Shroud3x0
[LOG 23:09:52.675] Load MU model: SquadExpansion/MakingHistory/Parts/SharedAssets/Shroud3x1
[LOG 23:09:52.680] Load MU model: SquadExpansion/MakingHistory/Parts/SharedAssets/Shroud3x2
[LOG 23:09:52.688] Load MU model: SquadExpansion/MakingHistory/Parts/SharedAssets/Shroud3x3
[LOG 23:09:52.693] Load MU model: SquadExpansion/MakingHistory/Parts/SharedAssets/Shroud3x4
[LOG 23:09:52.699] Load MU model: SquadExpansion/MakingHistory/Parts/SharedAssets/Shroud4x0
[LOG 23:09:52.706] Load MU model: SquadExpansion/MakingHistory/Parts/SharedAssets/Shroud4x1
[LOG 23:09:52.715] Load MU model: SquadExpansion/MakingHistory/Parts/SharedAssets/Shroud4x2
[LOG 23:09:52.722] Load MU model: SquadExpansion/MakingHistory/Parts/SharedAssets/Shroud4x3
[LOG 23:09:52.729] Load MU model: SquadExpansion/MakingHistory/Parts/SharedAssets/Shroud4x4
[LOG 23:09:52.736] Load MU model: SquadExpansion/MakingHistory/Parts/SharedAssets/ShroudCollider0
[LOG 23:09:52.741] Load MU model: SquadExpansion/MakingHistory/Parts/SharedAssets/ShroudCollider1
[LOG 23:09:52.747] Load MU model: SquadExpansion/MakingHistory/Parts/SharedAssets/ShroudCollider1p5
[LOG 23:09:52.753] Load MU model: SquadExpansion/MakingHistory/Parts/SharedAssets/ShroudCollider2
[LOG 23:09:52.760] Load MU model: SquadExpansion/MakingHistory/Parts/SharedAssets/ShroudCollider3
[LOG 23:09:52.766] Load MU model: SquadExpansion/MakingHistory/Parts/SharedAssets/ShroudCollider4
[LOG 23:09:52.772] Load MU model: SquadExpansion/MakingHistory/Parts/Structural/Assets/EquiTriangle0
[LOG 23:09:52.778] Load MU model: SquadExpansion/MakingHistory/Parts/Structural/Assets/EquiTriangle1
[LOG 23:09:52.787] Load MU model: SquadExpansion/MakingHistory/Parts/Structural/Assets/EquiTriangle1p5
[LOG 23:09:52.793] Load MU model: SquadExpansion/MakingHistory/Parts/Structural/Assets/EquiTriangle2
[LOG 23:09:52.800] Load MU model: SquadExpansion/MakingHistory/Parts/Structural/Assets/Panel0
[LOG 23:09:52.809] Load MU model: SquadExpansion/MakingHistory/Parts/Structural/Assets/Panel1
[LOG 23:09:52.818] Load MU model: SquadExpansion/MakingHistory/Parts/Structural/Assets/Panel1p5
[LOG 23:09:52.827] Load MU model: SquadExpansion/MakingHistory/Parts/Structural/Assets/Panel2
[LOG 23:09:52.834] Load MU model: SquadExpansion/MakingHistory/Parts/Structural/Assets/Triangle0
[LOG 23:09:52.840] Load MU model: SquadExpansion/MakingHistory/Parts/Structural/Assets/Triangle1
[LOG 23:09:52.847] Load MU model: SquadExpansion/MakingHistory/Parts/Structural/Assets/Triangle1p5
[LOG 23:09:52.857] Load MU model: SquadExpansion/MakingHistory/Parts/Structural/Assets/Triangle2
[LOG 23:09:52.865] Load MU model: SquadExpansion/MakingHistory/Parts/Utility/flags/flagSize1p5/flagSize1p5Meshes
[LOG 23:09:52.871] Load MU model: SquadExpansion/MakingHistory/Parts/Utility/flags/flagSize4/flagSize4Meshes
[LOG 23:09:52.877] Load MU model: SquadExpansion/MakingHistory/Spaces/KVPods/Airlock_IVA
[LOG 23:09:52.883] Load MU model: SquadExpansion/MakingHistory/Spaces/KVPods/KV1_IVA
[LOG 23:09:52.888] Load MU model: SquadExpansion/MakingHistory/Spaces/KVPods/KV2_IVA
[LOG 23:09:52.896] Load MU model: SquadExpansion/MakingHistory/Spaces/KVPods/KV3_IVA
[LOG 23:09:52.902] Load MU model: SquadExpansion/MakingHistory/Spaces/MEM/MEM_IVA
[LOG 23:09:52.909] Load MU model: SquadExpansion/MakingHistory/Spaces/Mk2Pod/MK2POD_IVA
[LOG 23:09:52.915] Load MU model: SquadExpansion/Serenity/Parts/Aero/Assets/FanShroud_01
[LOG 23:09:52.922] Load MU model: SquadExpansion/Serenity/Parts/Aero/Assets/FanShroud_02
[LOG 23:09:52.927] Load MU model: SquadExpansion/Serenity/Parts/Aero/Assets/FanShroud_03
[LOG 23:09:52.935] Load MU model: SquadExpansion/Serenity/Parts/Aero/Assets/noseconeTiny
[LOG 23:09:52.941] Load MU model: SquadExpansion/Serenity/Parts/Aero/Assets/noseconeVS
[LOG 23:09:52.949] Load MU model: SquadExpansion/Serenity/Parts/DeployedScience/Assets/CentralStation
[LOG 23:09:52.954] Load MU model: SquadExpansion/Serenity/Parts/DeployedScience/Assets/GoExOb
[LOG 23:09:52.962] Load MU model: SquadExpansion/Serenity/Parts/DeployedScience/Assets/IonExperiment
[LOG 23:09:52.970] Load MU model: SquadExpansion/Serenity/Parts/DeployedScience/Assets/RTGCask
[LOG 23:09:52.975] Load MU model: SquadExpansion/Serenity/Parts/DeployedScience/Assets/satDish
[LOG 23:09:52.982] Load MU model: SquadExpansion/Serenity/Parts/DeployedScience/Assets/seismicSensor
[LOG 23:09:52.988] Load MU model: SquadExpansion/Serenity/Parts/DeployedScience/Assets/solarPanel
[LOG 23:09:52.994] Load MU model: SquadExpansion/Serenity/Parts/DeployedScience/Assets/WeatherStation
[LOG 23:09:53.000] Load MU model: SquadExpansion/Serenity/Parts/Propellers/Assets/largeFanBlade
[LOG 23:09:53.006] Load MU model: SquadExpansion/Serenity/Parts/Propellers/Assets/largeHeliBlade
[LOG 23:09:53.011] Load MU model: SquadExpansion/Serenity/Parts/Propellers/Assets/largePropeller
[LOG 23:09:53.017] Load MU model: SquadExpansion/Serenity/Parts/Propellers/Assets/mediumFanBlade
[LOG 23:09:53.023] Load MU model: SquadExpansion/Serenity/Parts/Propellers/Assets/mediumHeliBlade
[LOG 23:09:53.031] Load MU model: SquadExpansion/Serenity/Parts/Propellers/Assets/mediumPropeller
[LOG 23:09:53.040] Load MU model: SquadExpansion/Serenity/Parts/Propellers/Assets/smallFanBlade
[LOG 23:09:53.047] Load MU model: SquadExpansion/Serenity/Parts/Propellers/Assets/smallHeliBlade
[LOG 23:09:53.055] Load MU model: SquadExpansion/Serenity/Parts/Propellers/Assets/smallPropeller
[LOG 23:09:53.061] Load MU model: SquadExpansion/Serenity/Parts/Robotics/Assets/hinge_01
[LOG 23:09:53.067] Load MU model: SquadExpansion/Serenity/Parts/Robotics/Assets/hinge_01_s
[LOG 23:09:53.073] Load MU model: SquadExpansion/Serenity/Parts/Robotics/Assets/hinge_03
[LOG 23:09:53.080] Load MU model: SquadExpansion/Serenity/Parts/Robotics/Assets/hinge_03_s
[LOG 23:09:53.084] Load MU model: SquadExpansion/Serenity/Parts/Robotics/Assets/hinge_04
[LOG 23:09:53.092] Load MU model: SquadExpansion/Serenity/Parts/Robotics/Assets/piston_01
[LOG 23:09:53.099] Load MU model: SquadExpansion/Serenity/Parts/Robotics/Assets/piston_02
[LOG 23:09:53.105] Load MU model: SquadExpansion/Serenity/Parts/Robotics/Assets/piston_03
[LOG 23:09:53.110] Load MU model: SquadExpansion/Serenity/Parts/Robotics/Assets/piston_04
[LOG 23:09:53.115] Load MU model: SquadExpansion/Serenity/Parts/Robotics/Assets/RotorEngine_02
[LOG 23:09:53.121] Load MU model: SquadExpansion/Serenity/Parts/Robotics/Assets/RotorEngine_03
[LOG 23:09:53.128] Load MU model: SquadExpansion/Serenity/Parts/Robotics/Assets/rotor_01
[LOG 23:09:53.157] Load MU model: SquadExpansion/Serenity/Parts/Robotics/Assets/rotor_01s
[LOG 23:09:53.171] Load MU model: SquadExpansion/Serenity/Parts/Robotics/Assets/rotor_02
[LOG 23:09:53.171] Load MU model: SquadExpansion/Serenity/Parts/Robotics/Assets/rotor_02s
[LOG 23:09:53.179] Load MU model: SquadExpansion/Serenity/Parts/Robotics/Assets/rotor_03
[LOG 23:09:53.185] Load MU model: SquadExpansion/Serenity/Parts/Robotics/Assets/rotor_03s
[LOG 23:09:53.190] Load MU model: SquadExpansion/Serenity/Parts/Robotics/Assets/RotoServo_00
[LOG 23:09:53.195] Load MU model: SquadExpansion/Serenity/Parts/Robotics/Assets/RotoServo_02
[LOG 23:09:53.203] Load MU model: SquadExpansion/Serenity/Parts/Robotics/Assets/RotoServo_03
[LOG 23:09:53.209] Load MU model: SquadExpansion/Serenity/Parts/Robotics/Assets/RotoServo_04
[LOG 23:09:53.215] Load MU model: SquadExpansion/Serenity/Parts/Robotics/Controllers/controller1000
[LOG 23:09:53.221] Load MU model: SquadExpansion/Serenity/Parts/Science/RobotArmScanner/Assets/ROCArm_01
[LOG 23:09:53.228] Load MU model: SquadExpansion/Serenity/Parts/Science/RobotArmScanner/Assets/ROCArm_02
[LOG 23:09:53.235] Load MU model: SquadExpansion/Serenity/Parts/Science/RobotArmScanner/Assets/ROCArm_03
[LOG 23:09:53.242] Load MU model: SquadExpansion/Serenity/Parts/Structural/gripPads/Assets/lGripPad
[LOG 23:09:53.250] Load MU model: SquadExpansion/Serenity/Parts/Structural/gripPads/Assets/lGripStrip
[LOG 23:09:53.256] Load MU model: SquadExpansion/Serenity/Parts/Structural/gripPads/Assets/mGripPad
[LOG 23:09:53.260] Load MU model: SquadExpansion/Serenity/Parts/Structural/gripPads/Assets/sGripPad
[LOG 23:09:53.267] Load MU model: SquadExpansion/Serenity/Parts/Structural/gripPads/Assets/sGripStrip
[LOG 23:09:53.267] Loading Asset Bundle Definitions
[LOG 23:09:53.268] AssetLoader: Loading bundle definitions
[LOG 23:09:53.363] AssetLoader: Loaded bundle 'squadcore'
[LOG 23:09:53.364] AssetLoader: Loaded bundle 'squadcorefx'
[LOG 23:09:53.364] AssetLoader: Loaded mod bundle 'kspedia'
[LOG 23:09:53.365] AssetLoader: Loaded mod bundle 'kspedia_actionsets'
[LOG 23:09:53.365] AssetLoader: Loaded mod bundle 'kspedia_aircraft'
[LOG 23:09:53.365] AssetLoader: Loaded mod bundle 'kspedia_aircraftbasics'
[LOG 23:09:53.366] AssetLoader: Loaded mod bundle 'kspedia_aircraftbasicsbalance'
[LOG 23:09:53.366] AssetLoader: Loaded mod bundle 'kspedia_aircraftbasicsbalance2'
[LOG 23:09:53.366] AssetLoader: Loaded mod bundle 'kspedia_aircraftbasicscol'
[LOG 23:09:53.366] AssetLoader: Loaded mod bundle 'kspedia_aircraftbasicscontrol'
[LOG 23:09:53.367] AssetLoader: Loaded mod bundle 'kspedia_aircraftbasicscontrolsurfaces'
[LOG 23:09:53.367] AssetLoader: Loaded mod bundle 'kspedia_aircraftbasicsdrag'
[LOG 23:09:53.367] AssetLoader: Loaded mod bundle 'kspedia_aircraftbasicsengines'
[LOG 23:09:53.368] AssetLoader: Loaded mod bundle 'kspedia_aircraftbasicsforces'
[LOG 23:09:53.368] AssetLoader: Loaded mod bundle 'kspedia_aircraftbasicsintakes'
[LOG 23:09:53.368] AssetLoader: Loaded mod bundle 'kspedia_aircraftbasicslandinggear'
[LOG 23:09:53.368] AssetLoader: Loaded mod bundle 'kspedia_aircraftbasicslift'
[LOG 23:09:53.368] AssetLoader: Loaded mod bundle 'kspedia_axisgroups'
[LOG 23:09:53.369] AssetLoader: Loaded mod bundle 'kspedia_career'
[LOG 23:09:53.369] AssetLoader: Loaded mod bundle 'kspedia_careerbasicscontracts'
[LOG 23:09:53.369] AssetLoader: Loaded mod bundle 'kspedia_careerbasicscrew'
[LOG 23:09:53.369] AssetLoader: Loaded mod bundle 'kspedia_careerbasicscurrencies'
[LOG 23:09:53.369] AssetLoader: Loaded mod bundle 'kspedia_careerbasicsexperience'
[LOG 23:09:53.369] AssetLoader: Loaded mod bundle 'kspedia_careerbasicsfacilities'
[LOG 23:09:53.369] AssetLoader: Loaded mod bundle 'kspedia_careerbasicsstrategies'
[LOG 23:09:53.369] AssetLoader: Loaded mod bundle 'kspedia_careerbasicstechnology'
[LOG 23:09:53.370] AssetLoader: Loaded mod bundle 'kspedia_careerui-ac'
[LOG 23:09:53.370] AssetLoader: Loaded mod bundle 'kspedia_careerui-admin'
[LOG 23:09:53.371] AssetLoader: Loaded mod bundle 'kspedia_careerui-ksc'
[LOG 23:09:53.371] AssetLoader: Loaded mod bundle 'kspedia_careerui-mc'
[LOG 23:09:53.371] AssetLoader: Loaded mod bundle 'kspedia_careerui-sciencearchives'
[LOG 23:09:53.371] AssetLoader: Loaded mod bundle 'kspedia_careerui-techtree'
[LOG 23:09:53.371] AssetLoader: Loaded mod bundle 'kspedia_careerui-ts'
[LOG 23:09:53.372] AssetLoader: Loaded mod bundle 'kspedia_careerui'
[LOG 23:09:53.372] AssetLoader: Loaded mod bundle 'kspedia_cargoapp'
[LOG 23:09:53.372] AssetLoader: Loaded mod bundle 'kspedia_cargomode'
[LOG 23:09:53.372] AssetLoader: Loaded mod bundle 'kspedia_cargosystem-placeableparts'
[LOG 23:09:53.372] AssetLoader: Loaded mod bundle 'kspedia_cargosystem'
[LOG 23:09:53.372] AssetLoader: Loaded mod bundle 'kspedia_chute'
[LOG 23:09:53.372] AssetLoader: Loaded mod bundle 'kspedia_commnet'
[LOG 23:09:53.373] AssetLoader: Loaded mod bundle 'kspedia_commnetbasics'
[LOG 23:09:53.373] AssetLoader: Loaded mod bundle 'kspedia_commnetbuildingeffectivenetworks'
[LOG 23:09:53.373] AssetLoader: Loaded mod bundle 'kspedia_commnetcalculatingrange'
[LOG 23:09:53.373] AssetLoader: Loaded mod bundle 'kspedia_commnetcontrollevels'
[LOG 23:09:53.373] AssetLoader: Loaded mod bundle 'kspedia_commnetcontrollinks'
[LOG 23:09:53.373] AssetLoader: Loaded mod bundle 'kspedia_commnetcontrolpoints'
[LOG 23:09:53.373] AssetLoader: Loaded mod bundle 'kspedia_commnetgui'
[LOG 23:09:53.374] AssetLoader: Loaded mod bundle 'kspedia_commnetgui01'
[LOG 23:09:53.374] AssetLoader: Loaded mod bundle 'kspedia_commnetgui02'
[LOG 23:09:53.374] AssetLoader: Loaded mod bundle 'kspedia_commnetrange'
[LOG 23:09:53.374] AssetLoader: Loaded mod bundle 'kspedia_commnetrelays'
[LOG 23:09:53.374] AssetLoader: Loaded mod bundle 'kspedia_commnetsciencetransmission'
[LOG 23:09:53.374] AssetLoader: Loaded mod bundle 'kspedia_commnetsignalstrength'
[LOG 23:09:53.375] AssetLoader: Loaded mod bundle 'kspedia_commnettransmission'
[LOG 23:09:53.375] AssetLoader: Loaded mod bundle 'kspedia_constructionui-actiongroups'
[LOG 23:09:53.375] AssetLoader: Loaded mod bundle 'kspedia_constructionui-applauncher'
[LOG 23:09:53.375] AssetLoader: Loaded mod bundle 'kspedia_constructionui-crew'
[LOG 23:09:53.375] AssetLoader: Loaded mod bundle 'kspedia_constructionui-engineersreport'
[LOG 23:09:53.375] AssetLoader: Loaded mod bundle 'kspedia_constructionui-gizmos'
[LOG 23:09:53.375] AssetLoader: Loaded mod bundle 'kspedia_constructionui-infos'
[LOG 23:09:53.377] AssetLoader: Loaded mod bundle 'kspedia_constructionui-partdetails'
[LOG 23:09:53.377] AssetLoader: Loaded mod bundle 'kspedia_constructionui-parts'
[LOG 23:09:53.377] AssetLoader: Loaded mod bundle 'kspedia_constructionui-symmetry'
[LOG 23:09:53.377] AssetLoader: Loaded mod bundle 'kspedia_constructionui-vesseldetails'
[LOG 23:09:53.378] AssetLoader: Loaded mod bundle 'kspedia_constructionui'
[LOG 23:09:53.378] AssetLoader: Loaded mod bundle 'kspedia_controls-dockingmode'
[LOG 23:09:53.378] AssetLoader: Loaded mod bundle 'kspedia_controls-editor'
[LOG 23:09:53.378] AssetLoader: Loaded mod bundle 'kspedia_controls-editorgizmos'
[LOG 23:09:53.379] AssetLoader: Loaded mod bundle 'kspedia_controls-eva'
[LOG 23:09:53.379] AssetLoader: Loaded mod bundle 'kspedia_controls-flight'
[LOG 23:09:53.379] AssetLoader: Loaded mod bundle 'kspedia_controls-flightactivities'
[LOG 23:09:53.379] AssetLoader: Loaded mod bundle 'kspedia_controls-flightdirections'
[LOG 23:09:53.379] AssetLoader: Loaded mod bundle 'kspedia_controls-general'
[LOG 23:09:53.380] AssetLoader: Loaded mod bundle 'kspedia_controls-mapandtime'
[LOG 23:09:53.380] AssetLoader: Loaded mod bundle 'kspedia_controls-mouseconstruction'
[LOG 23:09:53.380] AssetLoader: Loaded mod bundle 'kspedia_controls-mouseflight'
[LOG 23:09:53.380] AssetLoader: Loaded mod bundle 'kspedia_controls-rcs'
[LOG 23:09:53.380] AssetLoader: Loaded mod bundle 'kspedia_controls'
[LOG 23:09:53.381] AssetLoader: Loaded mod bundle 'kspedia_eastereggs'
[LOG 23:09:53.381] AssetLoader: Loaded mod bundle 'kspedia_evaconstructionmode'
[LOG 23:09:53.381] AssetLoader: Loaded mod bundle 'kspedia_facilities-ac'
[LOG 23:09:53.381] AssetLoader: Loaded mod bundle 'kspedia_facilities-admin'
[LOG 23:09:53.381] AssetLoader: Loaded mod bundle 'kspedia_facilities-context'
[LOG 23:09:53.382] AssetLoader: Loaded mod bundle 'kspedia_facilities-ksc'
[LOG 23:09:53.382] AssetLoader: Loaded mod bundle 'kspedia_facilities-launchpad'
[LOG 23:09:53.382] AssetLoader: Loaded mod bundle 'kspedia_facilities-mc'
[LOG 23:09:53.382] AssetLoader: Loaded mod bundle 'kspedia_facilities-randd'
[LOG 23:09:53.382] AssetLoader: Loaded mod bundle 'kspedia_facilities-runway'
[LOG 23:09:53.382] AssetLoader: Loaded mod bundle 'kspedia_facilities-sph'
[LOG 23:09:53.383] AssetLoader: Loaded mod bundle 'kspedia_facilities-ts'
[LOG 23:09:53.383] AssetLoader: Loaded mod bundle 'kspedia_facilities-vab'
[LOG 23:09:53.383] AssetLoader: Loaded mod bundle 'kspedia_flightui-altimeter'
[LOG 23:09:53.383] AssetLoader: Loaded mod bundle 'kspedia_flightui-applauncher'
[LOG 23:09:53.383] AssetLoader: Loaded mod bundle 'kspedia_flightui-evaactivities'
[LOG 23:09:53.384] AssetLoader: Loaded mod bundle 'kspedia_flightui-maneuvermodeeditor'
[LOG 23:09:53.384] AssetLoader: Loaded mod bundle 'kspedia_flightui-maneuvermodeeditorcont'
[LOG 23:09:53.384] AssetLoader: Loaded mod bundle 'kspedia_flightui-maneuvermodeorbit'
[LOG 23:09:53.384] AssetLoader: Loaded mod bundle 'kspedia_flightui-maneuvertoolinfo'
[LOG 23:09:53.384] AssetLoader: Loaded mod bundle 'kspedia_flightui-maneuvertoolmain'
[LOG 23:09:53.385] AssetLoader: Loaded mod bundle 'kspedia_flightui-modecontrol'
[LOG 23:09:53.385] AssetLoader: Loaded mod bundle 'kspedia_flightui-navball'
[LOG 23:09:53.385] AssetLoader: Loaded mod bundle 'kspedia_flightui-partrepairs'
[LOG 23:09:53.385] AssetLoader: Loaded mod bundle 'kspedia_flightui-portraits'
[LOG 23:09:53.385] AssetLoader: Loaded mod bundle 'kspedia_flightui-staging'
[LOG 23:09:53.385] AssetLoader: Loaded mod bundle 'kspedia_flightui-timeandaction'
[LOG 23:09:53.386] AssetLoader: Loaded mod bundle 'kspedia_flightui'
[LOG 23:09:53.386] AssetLoader: Loaded mod bundle 'kspedia_heat'
[LOG 23:09:53.386] AssetLoader: Loaded mod bundle 'kspedia_heatactiveradiators'
[LOG 23:09:53.387] AssetLoader: Loaded mod bundle 'kspedia_heatengines'
[LOG 23:09:53.387] AssetLoader: Loaded mod bundle 'kspedia_heatflow'
[LOG 23:09:53.387] AssetLoader: Loaded mod bundle 'kspedia_heatpart'
[LOG 23:09:53.387] AssetLoader: Loaded mod bundle 'kspedia_heatpassiveradiators'
[LOG 23:09:53.387] AssetLoader: Loaded mod bundle 'kspedia_heatshields'
[LOG 23:09:53.388] AssetLoader: Loaded mod bundle 'kspedia_kerbnet'
[LOG 23:09:53.388] AssetLoader: Loaded mod bundle 'kspedia_kerbnetinterface'
[LOG 23:09:53.388] AssetLoader: Loaded mod bundle 'kspedia_kerbnetmodes'
[LOG 23:09:53.388] AssetLoader: Loaded mod bundle 'kspedia_kerbnetwaypoints'
[LOG 23:09:53.388] AssetLoader: Loaded mod bundle 'kspedia_locations'
[LOG 23:09:53.389] AssetLoader: Loaded mod bundle 'kspedia_manual'
[LOG 23:09:53.389] AssetLoader: Loaded mod bundle 'kspedia_mapui-alarmclockcreation'
[LOG 23:09:53.389] AssetLoader: Loaded mod bundle 'kspedia_mapui-alarmclockmain'
[LOG 23:09:53.389] AssetLoader: Loaded mod bundle 'kspedia_mapui-burnindicator'
[LOG 23:09:53.389] AssetLoader: Loaded mod bundle 'kspedia_mapui-dvtoolsflight'
[LOG 23:09:53.390] AssetLoader: Loaded mod bundle 'kspedia_mapui-dvtoolsvab'
[LOG 23:09:53.390] AssetLoader: Loaded mod bundle 'kspedia_mapui-mannodes'
[LOG 23:09:53.390] AssetLoader: Loaded mod bundle 'kspedia_mapui-orbitnodes'
[LOG 23:09:53.393] AssetLoader: Loaded mod bundle 'kspedia_mapui-orbitnodes2'
[LOG 23:09:53.393] AssetLoader: Loaded mod bundle 'kspedia_mapui'
[LOG 23:09:53.394] AssetLoader: Loaded mod bundle 'kspedia_orbitalbasics-atmosphere'
[LOG 23:09:53.394] AssetLoader: Loaded mod bundle 'kspedia_orbitalbasics-gettingbackdown'
[LOG 23:09:53.394] AssetLoader: Loaded mod bundle 'kspedia_orbitalbasics-gettingupthere'
[LOG 23:09:53.394] AssetLoader: Loaded mod bundle 'kspedia_orbitalbasics-gravityturn'
[LOG 23:09:53.394] AssetLoader: Loaded mod bundle 'kspedia_orbitalbasics-orbits'
[LOG 23:09:53.395] AssetLoader: Loaded mod bundle 'kspedia_orbitalbasics-stayingupthere'
[LOG 23:09:53.395] AssetLoader: Loaded mod bundle 'kspedia_orbitalbasics'
[LOG 23:09:53.395] AssetLoader: Loaded mod bundle 'kspedia_orbitaldefinitions-appe'
[LOG 23:09:53.395] AssetLoader: Loaded mod bundle 'kspedia_orbitaldefinitions-dirandinc'
[LOG 23:09:53.395] AssetLoader: Loaded mod bundle 'kspedia_orbitaldefinitions-directions'
[LOG 23:09:53.396] AssetLoader: Loaded mod bundle 'kspedia_orbitaldefinitions-eccentricity'
[LOG 23:09:53.396] AssetLoader: Loaded mod bundle 'kspedia_orbitaldefinitions'
[LOG 23:09:53.396] AssetLoader: Loaded mod bundle 'kspedia_orbitalmaneuvers-adjustinginclination'
[LOG 23:09:53.396] AssetLoader: Loaded mod bundle 'kspedia_orbitalmaneuvers-deltav'
[LOG 23:09:53.396] AssetLoader: Loaded mod bundle 'kspedia_orbitalmaneuvers-efficiency'
[LOG 23:09:53.396] AssetLoader: Loaded mod bundle 'kspedia_orbitalmaneuvers-hohmanntransfer'
[LOG 23:09:53.397] AssetLoader: Loaded mod bundle 'kspedia_orbitalmaneuvers-hohmanntransfer2'
[LOG 23:09:53.397] AssetLoader: Loaded mod bundle 'kspedia_orbitalmaneuvers-orbittypes'
[LOG 23:09:53.397] AssetLoader: Loaded mod bundle 'kspedia_orbitalmaneuvers-radandantirad'
[LOG 23:09:53.397] AssetLoader: Loaded mod bundle 'kspedia_orbitalmaneuvers-shapingup'
[LOG 23:09:53.397] AssetLoader: Loaded mod bundle 'kspedia_orbitalmaneuvers'
[LOG 23:09:53.398] AssetLoader: Loaded mod bundle 'kspedia_planets-dres'
[LOG 23:09:53.398] AssetLoader: Loaded mod bundle 'kspedia_planets-duna'
[LOG 23:09:53.398] AssetLoader: Loaded mod bundle 'kspedia_planets-eeloo'
[LOG 23:09:53.398] AssetLoader: Loaded mod bundle 'kspedia_planets-eve'
[LOG 23:09:53.398] AssetLoader: Loaded mod bundle 'kspedia_planets-jool'
[LOG 23:09:53.398] AssetLoader: Loaded mod bundle 'kspedia_planets-kerbin'
[LOG 23:09:53.399] AssetLoader: Loaded mod bundle 'kspedia_planets-moho'
[LOG 23:09:53.399] AssetLoader: Loaded mod bundle 'kspedia_planets-sun'
[LOG 23:09:53.399] AssetLoader: Loaded mod bundle 'kspedia_planets-system'
[LOG 23:09:53.399] AssetLoader: Loaded mod bundle 'kspedia_resources-asteroidmining'
[LOG 23:09:53.399] AssetLoader: Loaded mod bundle 'kspedia_resources-conversionmanagement'
[LOG 23:09:53.399] AssetLoader: Loaded mod bundle 'kspedia_resources-drilling'
[LOG 23:09:53.400] AssetLoader: Loaded mod bundle 'kspedia_resources-findingit'
[LOG 23:09:53.400] AssetLoader: Loaded mod bundle 'kspedia_resources-findingit2'
[LOG 23:09:53.400] AssetLoader: Loaded mod bundle 'kspedia_resources-storageandconversion'
[LOG 23:09:53.400] AssetLoader: Loaded mod bundle 'kspedia_resources'
[LOG 23:09:53.401] AssetLoader: Loaded mod bundle 'kspedia_rocketry'
[LOG 23:09:53.401] AssetLoader: Loaded mod bundle 'kspedia_rocketryadvanced-fairings'
[LOG 23:09:53.401] AssetLoader: Loaded mod bundle 'kspedia_rocketryadvanced-girders'
[LOG 23:09:53.401] AssetLoader: Loaded mod bundle 'kspedia_rocketryadvanced'
[LOG 23:09:53.402] AssetLoader: Loaded mod bundle 'kspedia_rocketrybasics'
[LOG 23:09:53.402] AssetLoader: Loaded mod bundle 'kspedia_rocketrybasicsaero'
[LOG 23:09:53.402] AssetLoader: Loaded mod bundle 'kspedia_rocketrybasicscentered'
[LOG 23:09:53.402] AssetLoader: Loaded mod bundle 'kspedia_rocketrybasicschutes'
[LOG 23:09:53.402] AssetLoader: Loaded mod bundle 'kspedia_rocketrybasicscontrol'
[LOG 23:09:53.403] AssetLoader: Loaded mod bundle 'kspedia_rocketrybasicsecrecharging'
[LOG 23:09:53.403] AssetLoader: Loaded mod bundle 'kspedia_rocketrybasicsengines'
[LOG 23:09:53.403] AssetLoader: Loaded mod bundle 'kspedia_rocketrybasicsforces'
[LOG 23:09:53.403] AssetLoader: Loaded mod bundle 'kspedia_rocketrybasicshatchesandladders'
[LOG 23:09:53.404] AssetLoader: Loaded mod bundle 'kspedia_rocketrybasicshibernation'
[LOG 23:09:53.404] AssetLoader: Loaded mod bundle 'kspedia_rocketrybasicsresources'
[LOG 23:09:53.404] AssetLoader: Loaded mod bundle 'kspedia_rocketrybasicsservicecontainers'
[LOG 23:09:53.404] AssetLoader: Loaded mod bundle 'kspedia_rocketrybasicsstability'
[LOG 23:09:53.404] AssetLoader: Loaded mod bundle 'kspedia_rocketrybasicsstabilityassist'
[LOG 23:09:53.405] AssetLoader: Loaded mod bundle 'kspedia_rocketrybasicsstaging'
[LOG 23:09:53.405] AssetLoader: Loaded mod bundle 'kspedia_rocketrybasicssymmetry'
[LOG 23:09:53.405] AssetLoader: Loaded mod bundle 'kspedia_science'
[LOG 23:09:53.405] AssetLoader: Loaded mod bundle 'kspedia_sciencedata'
[LOG 23:09:53.406] AssetLoader: Loaded mod bundle 'kspedia_scienceexperiments'
[LOG 23:09:53.406] AssetLoader: Loaded mod bundle 'kspedia_sciencelab'
[LOG 23:09:53.406] AssetLoader: Loaded mod bundle 'kspedia_sciencetransmitted'
[LOG 23:09:53.406] AssetLoader: Loaded mod bundle 'kspedia_spacetravel'
[LOG 23:09:53.406] AssetLoader: Loaded mod bundle 'kspedia_variantswitcher'
[LOG 23:09:53.407] AssetLoader: Loaded mod bundle 'kspfonts'
[LOG 23:09:53.531] AssetLoader: Loaded bundle 'squadcore'
[LOG 23:09:53.532] AssetLoader: Loaded bundle 'squadcorefx'
[LOG 23:09:53.532] AssetLoader: Loaded mod bundle 'kspedia_builder'
[LOG 23:09:53.532] AssetLoader: Loaded mod bundle 'kspedia_buildertoolbar'
[LOG 23:09:53.532] AssetLoader: Loaded mod bundle 'kspedia_canvas'
[LOG 23:09:53.533] AssetLoader: Loaded mod bundle 'kspedia_exportingvalidation'
[LOG 23:09:53.533] AssetLoader: Loaded mod bundle 'kspedia_flight'
[LOG 23:09:53.533] AssetLoader: Loaded mod bundle 'kspedia_flightapp'
[LOG 23:09:53.533] AssetLoader: Loaded mod bundle 'kspedia_gap'
[LOG 23:09:53.533] AssetLoader: Loaded mod bundle 'kspedia_gaptools'
[LOG 23:09:53.534] AssetLoader: Loaded mod bundle 'kspedia_makinghistory'
[LOG 23:09:53.534] AssetLoader: Loaded mod bundle 'kspedia_missionbriefing'
[LOG 23:09:53.534] AssetLoader: Loaded mod bundle 'kspedia_nodedocking'
[LOG 23:09:53.534] AssetLoader: Loaded mod bundle 'kspedia_nodesconnectors'
[LOG 23:09:53.534] AssetLoader: Loaded mod bundle 'kspedia_sap'
[LOG 23:09:53.535] AssetLoader: Loaded mod bundle 'kspedia_sidebar'
[LOG 23:09:53.535] AssetLoader: Loaded mod bundle 'kspedia_testingcheckpoints'
[LOG 23:09:53.535] AssetLoader: Loaded bundle 'makinghistory'
[LOG 23:09:53.535] AssetLoader: Loaded mod bundle 'kspedia_bladecyclic-collective-behaviour'
[LOG 23:09:53.536] AssetLoader: Loaded mod bundle 'kspedia_bladecyclic-collective-controls'
[LOG 23:09:53.536] AssetLoader: Loaded mod bundle 'kspedia_deployedscience-experiments'
[LOG 23:09:53.536] AssetLoader: Loaded mod bundle 'kspedia_deployedscience'
[LOG 23:09:53.536] AssetLoader: Loaded mod bundle 'kspedia_grippads'
[LOG 23:09:53.536] AssetLoader: Loaded mod bundle 'kspedia_layindtracks'
[LOG 23:09:53.537] AssetLoader: Loaded mod bundle 'kspedia_propellers'
[LOG 23:09:53.537] AssetLoader: Loaded mod bundle 'kspedia_propellersaerodynamics'
[LOG 23:09:53.538] AssetLoader: Loaded mod bundle 'kspedia_roboticcontroller'
[LOG 23:09:53.538] AssetLoader: Loaded mod bundle 'kspedia_roboticparts'
[LOG 23:09:53.538] AssetLoader: Loaded mod bundle 'kspedia_surface features-overview'
[LOG 23:09:53.538] AssetLoader: Loaded mod bundle 'kspedia_surface features-roverarmdetails'
[LOG 23:09:53.538] AssetLoader: Loaded mod bundle 'kspedia_trackeditor'
[LOG 23:09:53.539] AssetLoader: Loaded mod bundle 'kspedia_trackeditortoolbar'
[LOG 23:09:53.539] AssetLoader: Loaded mod bundle 'serenity'
[LOG 23:09:53.540] AssetLoader: Finished loading. 226 bundle definitions loaded.
[LOG 23:09:53.540] Compiling Configs:
[LOG 23:09:53.540] Config(PHYSICSGLOBALS) /Physics/PHYSICSGLOBALS
[LOG 23:09:53.541] Config(KSP_COMMUNITY_FIXES) KSPCommunityFixes/Settings/KSP_COMMUNITY_FIXES
[LOG 23:09:53.541] Config(Localization) KSPCommunityFixes/Localization/en-us/Localization
[LOG 23:09:53.541] Config(Localization) KSPCommunityFixes/Localization/fr-fr/Localization
[LOG 23:09:53.541] Config(Localization) KSPCommunityFixes/Localization/ru/Localization
[LOG 23:09:53.541] Config(Localization) KSPCommunityFixes/Localization/zh-cn/Localization
[LOG 23:09:53.541] Config(@PART[*]:HAS[@MODULE[ModuleDockingNodeFixed]]:NEEDS[FixDockingNodes]:FINAL) KSPCommunityFixes/MMPatches/ModSupport/FixDockingNodes/@PART[*]:HAS[@MODULE[ModuleDockingNodeFixed]]:NEEDS[FixDockingNodes]:FINAL
[LOG 23:09:53.541] Config(@PART[*]:HAS[@MODULE[Refunding]]:LAST[999_KSP-Recall]) KSPCommunityFixes/MMPatches/ModSupport/KSPRecall/@PART[*]:HAS[@MODULE[Refunding]]:LAST[999_KSP-Recall]
[LOG 23:09:53.541] Config(@PART[*]:HAS[#hasRefundingOnRecovery[?rue]]:LAST[999_KSP-Recall]) KSPCommunityFixes/MMPatches/ModSupport/KSPRecall/@PART[*]:HAS[#hasRefundingOnRecovery[?rue]]:LAST[999_KSP-Recall]
[LOG 23:09:53.541] Config(@PART[*]:HAS[#hasRefundingOnRecovery]:LAST[999_KSP-Recall]) KSPCommunityFixes/MMPatches/ModSupport/KSPRecall/@PART[*]:HAS[#hasRefundingOnRecovery]:LAST[999_KSP-Recall]
[LOG 23:09:53.541] Config(@KSP-Recall:LAST[999_KSP-Recall]) KSPCommunityFixes/MMPatches/ModSupport/KSPRecall/@KSP-Recall:LAST[999_KSP-Recall]
[LOG 23:09:53.541] Config(@KSP-Recall:HAS[#hasRefundingOnRecovery[?rue]]:LAST[999_KSP-Recall]) KSPCommunityFixes/MMPatches/ModSupport/KSPRecall/@KSP-Recall:HAS[#hasRefundingOnRecovery[?rue]]:LAST[999_KSP-Recall]
[LOG 23:09:53.541] Config(@KSP-Recall:HAS[#hasRefundingOnRecovery]:LAST[999_KSP-Recall]) KSPCommunityFixes/MMPatches/ModSupport/KSPRecall/@KSP-Recall:HAS[#hasRefundingOnRecovery]:LAST[999_KSP-Recall]
[LOG 23:09:53.541] Config(@KSP_COMMUNITY_FIXES:NEEDS[AttachedOnEditor]) KSPCommunityFixes/MMPatches/ModSupport/KSPRecall/@KSP_COMMUNITY_FIXES:NEEDS[AttachedOnEditor]
[LOG 23:09:53.541] Config(@KSP_COMMUNITY_FIXES:NEEDS[UniversalStorage2]) KSPCommunityFixes/MMPatches/ModSupport/UniversalStorage/@KSP_COMMUNITY_FIXES:NEEDS[UniversalStorage2]
[LOG 23:09:53.541] Config(@PART[telescopicLadderBay]:FIRST) KSPCommunityFixes/MMPatches/StockTweaks/LadderToggleableLight/@PART[telescopicLadderBay]:FIRST
[LOG 23:09:53.541] Config(@PART[telescopicLadderBay]:HAS[#LadderToggleableLight[?rue]]:FIRST) KSPCommunityFixes/MMPatches/StockTweaks/LadderToggleableLight/@PART[telescopicLadderBay]:HAS[#LadderToggleableLight[?rue]]:FIRST
[LOG 23:09:53.541] Config(@PART[telescopicLadderBay]:HAS[#LadderToggleableLight]:FIRST) KSPCommunityFixes/MMPatches/StockTweaks/LadderToggleableLight/@PART[telescopicLadderBay]:HAS[#LadderToggleableLight]:FIRST
[LOG 23:09:53.541] Config(@PART[GearSmall]:FIRST) KSPCommunityFixes/MMPatches/StockTweaks/LandingGearLights/@PART[GearSmall]:FIRST
[LOG 23:09:53.541] Config(@PART[SmallGearBay]:FIRST) KSPCommunityFixes/MMPatches/StockTweaks/LandingGearLights/@PART[SmallGearBay]:FIRST
[LOG 23:09:53.541] Config(@PART[sasModule]:FOR[KSPCommunityFixes]) KSPCommunityFixes/MMPatches/StockTweaks/ManufacturerFixes/@PART[sasModule]:FOR[KSPCommunityFixes]
[LOG 23:09:53.541] Config(@PART[xenonTankRadial]:FOR[KSPCommunityFixes]) KSPCommunityFixes/MMPatches/StockTweaks/ManufacturerFixes/@PART[xenonTankRadial]:FOR[KSPCommunityFixes]
[LOG 23:09:53.541] Config(@PART[winglet|fireworksLauncherSmall|fireworksLauncherBig]:FOR[KSPCommunityFixes]) KSPCommunityFixes/MMPatches/StockTweaks/ManufacturerFixes/@PART[winglet|fireworksLauncherSmall|fireworksLauncherBig]:FOR[KSPCommunityFixes]
[LOG 23:09:53.541] Config(@PART[solidBooster_sm_v2|solidBooster_v2]:FOR[KSPCommunityFixes]) KSPCommunityFixes/MMPatches/StockTweaks/ManufacturerFixes/@PART[solidBooster_sm_v2|solidBooster_v2]:FOR[KSPCommunityFixes]
[LOG 23:09:53.541] Config(@PART[ServiceBay_125_v2|ServiceBay_250_v2]:FOR[KSPCommunityFixes]) KSPCommunityFixes/MMPatches/StockTweaks/ManufacturerFixes/@PART[ServiceBay_125_v2|ServiceBay_250_v2]:FOR[KSPCommunityFixes]
[LOG 23:09:53.541] Config(@PART[externalTankCapsule]:FOR[KSPCommunityFixes]) KSPCommunityFixes/MMPatches/StockTweaks/ManufacturerFixes/@PART[externalTankCapsule]:FOR[KSPCommunityFixes]
[LOG 23:09:53.541] Config(@PART[RCSFuelTank|rcsTankMini|RCSTank1-2]:FOR[KSPCommunityFixes]) KSPCommunityFixes/MMPatches/StockTweaks/ManufacturerFixes/@PART[RCSFuelTank|rcsTankMini|RCSTank1-2]:FOR[KSPCommunityFixes]
[LOG 23:09:53.541] Config(@PART[landerCabinSmall]:FOR[KSPCommunityFixes]) KSPCommunityFixes/MMPatches/StockTweaks/ManufacturerFixes/@PART[landerCabinSmall]:FOR[KSPCommunityFixes]
[LOG 23:09:53.541] Config(@PART[dockingPortLateral]:FOR[KSPCommunityFixes]) KSPCommunityFixes/MMPatches/StockTweaks/ManufacturerFixes/@PART[dockingPortLateral]:FOR[KSPCommunityFixes]
[LOG 23:09:53.542] Config(@PART[EnginePlate4]:FOR[KSPCommunityFixes]:NEEDS[SquadExpansion/MakingHistory]) KSPCommunityFixes/MMPatches/StockTweaks/ManufacturerFixes/@PART[EnginePlate4]:FOR[KSPCommunityFixes]:NEEDS[SquadExpansion/MakingHistory]
[LOG 23:09:53.542] Config(@PART[Mk2Pod]:FOR[KSPCommunityFixes]:NEEDS[SquadExpansion/MakingHistory]) KSPCommunityFixes/MMPatches/StockTweaks/ManufacturerFixes/@PART[Mk2Pod]:FOR[KSPCommunityFixes]:NEEDS[SquadExpansion/MakingHistory]
[LOG 23:09:53.542] Config(@PART[evaChute|parachuteSingle|parachuteRadial|radialDrogue|parachuteLarge|parachuteDrogue]:FOR[KSPCommunityFixes]) KSPCommunityFixes/MMPatches/StockTweaks/ManufacturerFixes/@PART[evaChute|parachuteSingle|parachuteRadial|radialDrogue|parachuteLarge|parachuteDrogue]:FOR[KSPCommunityFixes]
[LOG 23:09:53.542] Config(@PART[stackPoint1|dockingPort1|dockingPort2|dockingPort3|dockingPortLarge]:FOR[KSPCommunityFixes]) KSPCommunityFixes/MMPatches/StockTweaks/ManufacturerFixes/@PART[stackPoint1|dockingPort1|dockingPort2|dockingPort3|dockingPortLarge]:FOR[KSPCommunityFixes]
[LOG 23:09:53.542] Config(AGENT) KSPCommunityFixes/MMPatches/StockTweaks/ManufacturerFixes/Clamp-O-Tron
[LOG 23:09:53.542] Config(AGENT) KSPCommunityFixes/MMPatches/StockTweaks/ManufacturerFixes/FreeFall Parachutes
[LOG 23:09:53.542] Config(AGENT) KSPCommunityFixes/MMPatches/StockTweaks/ManufacturerFixes/LightYear Tire Company
[LOG 23:09:53.542] Config(AGENT) KSPCommunityFixes/MMPatches/StockTweaks/ManufacturerFixes/Stratus Corporation
[LOG 23:09:53.542] Config(Localization) KSPCommunityFixes/MMPatches/StockTweaks/ManufacturerFixes/Localization
[LOG 23:09:53.542] Config(AGENT) Squad/Agencies/Agents/C7 Aerospace Division
[LOG 23:09:53.542] Config(AGENT) Squad/Agencies/Agents/Dinkelstein Kerman's Construction Emporium
[LOG 23:09:53.542] Config(AGENT) Squad/Agencies/Agents/Experimental Engineering Group
[LOG 23:09:53.542] Config(AGENT) Squad/Agencies/Agents/FLOOYD Dynamics Research Labs
[LOG 23:09:53.542] Config(AGENT) Squad/Agencies/Agents/Goliath National Products
[LOG 23:09:53.542] Config(AGENT) Squad/Agencies/Agents/Integrated Integrals
[LOG 23:09:53.542] Config(AGENT) Squad/Agencies/Agents/Ionic Symphonic Protonic Electronics
[LOG 23:09:53.542] Config(AGENT) Squad/Agencies/Agents/Jebediah Kerman's Junkyard and Spacecraft Parts Co
[LOG 23:09:53.542] Config(AGENT) Squad/Agencies/Agents/Kerbal Motion LLC
[LOG 23:09:53.542] Config(AGENT) Squad/Agencies/Agents/Kerbin World-Firsts Record-Keeping Society
[LOG 23:09:53.542] Config(AGENT) Squad/Agencies/Agents/Kerbodyne
[LOG 23:09:53.542] Config(AGENT) Squad/Agencies/Agents/Kerlington Model Rockets and Paper Products Inc
[LOG 23:09:53.542] Config(AGENT) Squad/Agencies/Agents/Maxo Construction Toys
[LOG 23:09:53.542] Config(AGENT) Squad/Agencies/Agents/Moving Parts Experts Group
[LOG 23:09:53.542] Config(AGENT) Squad/Agencies/Agents/O.M.B. Demolition Enterprises
[LOG 23:09:53.542] Config(AGENT) Squad/Agencies/Agents/Periapsis Rocket Supplies Co
[LOG 23:09:53.542] Config(AGENT) Squad/Agencies/Agents/Probodobodyne Inc
[LOG 23:09:53.542] Config(AGENT) Squad/Agencies/Agents/Research & Development Department
[LOG 23:09:53.542] Config(AGENT) Squad/Agencies/Agents/Reaction Systems Ltd
[LOG 23:09:53.542] Config(AGENT) Squad/Agencies/Agents/Rockomax Conglomerate
[LOG 23:09:53.542] Config(AGENT) Squad/Agencies/Agents/Rokea Inc
[LOG 23:09:53.542] Config(AGENT) Squad/Agencies/Agents/Sean's Cannery
[LOG 23:09:53.542] Config(AGENT) Squad/Agencies/Agents/STEADLER Engineering Corps
[LOG 23:09:53.542] Config(AGENT) Squad/Agencies/Agents/StrutCo
[LOG 23:09:53.542] Config(AGENT) Squad/Agencies/Agents/Vac-Co Advanced Suction Systems
[LOG 23:09:53.542] Config(AGENT) Squad/Agencies/Agents/WinterOwl Aircraft Emporium
[LOG 23:09:53.542] Config(AGENT) Squad/Agencies/Agents/Zaltonic Electronics
[LOG 23:09:53.542] Config(CONTRACT_CONSTRUCTION_PARTS) Squad/Contracts/constructionContractParts/CONTRACT_CONSTRUCTION_PARTS
[LOG 23:09:53.542] Config(Contracts) Squad/Contracts/Contracts/Contracts
[LOG 23:09:53.542] Config(CONTRACTCRAFT) Squad/Contracts/PrebuiltCraft/prebuiltData/CONTRACTCRAFT
[LOG 23:09:53.542] Config(CONTRACTCRAFT) Squad/Contracts/PrebuiltCraft/OrbitalConstructionContract/orbitalConstructionContractCraft/CONTRACTCRAFT
[LOG 23:09:53.542] Config(CONTRACTCRAFT) Squad/Contracts/PrebuiltCraft/RepairContract/repairContractCraft/CONTRACTCRAFT
[LOG 23:09:53.542] Config(CONTRACTCRAFT) Squad/Contracts/PrebuiltCraft/RoverContract/roverContractCraft/CONTRACTCRAFT
[LOG 23:09:53.542] Config(KEYBOARD_LAYOUT) Squad/Controls/Azerty/#autoLOC_6001233
[LOG 23:09:53.542] Config(PITCH_DOWN) Squad/Controls/Azerty/PITCH_DOWN
[LOG 23:09:53.542] Config(PITCH_UP) Squad/Controls/Azerty/PITCH_UP
[LOG 23:09:53.542] Config(YAW_LEFT) Squad/Controls/Azerty/YAW_LEFT
[LOG 23:09:53.542] Config(YAW_RIGHT) Squad/Controls/Azerty/YAW_RIGHT
[LOG 23:09:53.542] Config(ROLL_LEFT) Squad/Controls/Azerty/ROLL_LEFT
[LOG 23:09:53.542] Config(ROLL_RIGHT) Squad/Controls/Azerty/ROLL_RIGHT
[LOG 23:09:53.542] Config(THROTTLE_UP) Squad/Controls/Azerty/THROTTLE_UP
[LOG 23:09:53.542] Config(THROTTLE_DOWN) Squad/Controls/Azerty/THROTTLE_DOWN
[LOG 23:09:53.542] Config(SAS_HOLD) Squad/Controls/Azerty/SAS_HOLD
[LOG 23:09:53.542] Config(SAS_TOGGLE) Squad/Controls/Azerty/SAS_TOGGLE
[LOG 23:09:53.542] Config(LAUNCH_STAGES) Squad/Controls/Azerty/LAUNCH_STAGES
[LOG 23:09:53.542] Config(Docking_toggleRotLin) Squad/Controls/Azerty/Docking_toggleRotLin
[LOG 23:09:53.542] Config(CAMERA_MODE) Squad/Controls/Azerty/CAMERA_MODE
[LOG 23:09:53.542] Config(CAMERA_NEXT) Squad/Controls/Azerty/CAMERA_NEXT
[LOG 23:09:53.542] Config(PAUSE) Squad/Controls/Azerty/PAUSE
[LOG 23:09:53.542] Config(PRECISION_CTRL) Squad/Controls/Azerty/PRECISION_CTRL
[LOG 23:09:53.542] Config(ZOOM_IN) Squad/Controls/Azerty/ZOOM_IN
[LOG 23:09:53.542] Config(ZOOM_OUT) Squad/Controls/Azerty/ZOOM_OUT
[LOG 23:09:53.542] Config(SCROLL_VIEW_UP) Squad/Controls/Azerty/SCROLL_VIEW_UP
[LOG 23:09:53.542] Config(SCROLL_VIEW_DOWN) Squad/Controls/Azerty/SCROLL_VIEW_DOWN
[LOG 23:09:53.543] Config(SCROLL_ICONS_UP) Squad/Controls/Azerty/SCROLL_ICONS_UP
[LOG 23:09:53.543] Config(SCROLL_ICONS_DOWN) Squad/Controls/Azerty/SCROLL_ICONS_DOWN
[LOG 23:09:53.543] Config(CAMERA_ORBIT_UP) Squad/Controls/Azerty/CAMERA_ORBIT_UP
[LOG 23:09:53.543] Config(CAMERA_ORBIT_DOWN) Squad/Controls/Azerty/CAMERA_ORBIT_DOWN
[LOG 23:09:53.543] Config(CAMERA_ORBIT_LEFT) Squad/Controls/Azerty/CAMERA_ORBIT_LEFT
[LOG 23:09:53.543] Config(CAMERA_ORBIT_RIGHT) Squad/Controls/Azerty/CAMERA_ORBIT_RIGHT
[LOG 23:09:53.543] Config(CAMERA_RESET) Squad/Controls/Azerty/CAMERA_RESET
[LOG 23:09:53.543] Config(CAMERA_MOUSE_TOGGLE) Squad/Controls/Azerty/CAMERA_MOUSE_TOGGLE
[LOG 23:09:53.543] Config(TIME_WARP_INCREASE) Squad/Controls/Azerty/TIME_WARP_INCREASE
[LOG 23:09:53.543] Config(TIME_WARP_DECREASE) Squad/Controls/Azerty/TIME_WARP_DECREASE
[LOG 23:09:53.543] Config(TIME_WARP_STOP) Squad/Controls/Azerty/TIME_WARP_STOP
[LOG 23:09:53.543] Config(MAP_VIEW_TOGGLE) Squad/Controls/Azerty/MAP_VIEW_TOGGLE
[LOG 23:09:53.543] Config(NAVBALL_TOGGLE) Squad/Controls/Azerty/NAVBALL_TOGGLE
[LOG 23:09:53.543] Config(UIMODE_STAGING) Squad/Controls/Azerty/UIMODE_STAGING
[LOG 23:09:53.543] Config(UIMODE_DOCKING) Squad/Controls/Azerty/UIMODE_DOCKING
[LOG 23:09:53.543] Config(TRANSLATE_DOWN) Squad/Controls/Azerty/TRANSLATE_DOWN
[LOG 23:09:53.543] Config(TRANSLATE_UP) Squad/Controls/Azerty/TRANSLATE_UP
[LOG 23:09:53.543] Config(TRANSLATE_LEFT) Squad/Controls/Azerty/TRANSLATE_LEFT
[LOG 23:09:53.543] Config(TRANSLATE_RIGHT) Squad/Controls/Azerty/TRANSLATE_RIGHT
[LOG 23:09:53.543] Config(TRANSLATE_FWD) Squad/Controls/Azerty/TRANSLATE_FWD
[LOG 23:09:53.543] Config(TRANSLATE_BACK) Squad/Controls/Azerty/TRANSLATE_BACK
[LOG 23:09:53.543] Config(RCS_TOGGLE) Squad/Controls/Azerty/RCS_TOGGLE
[LOG 23:09:53.543] Config(FOCUS_NEXT_VESSEL) Squad/Controls/Azerty/FOCUS_NEXT_VESSEL
[LOG 23:09:53.543] Config(FOCUS_PREV_VESSEL) Squad/Controls/Azerty/FOCUS_PREV_VESSEL
[LOG 23:09:53.543] Config(TOGGLE_UI) Squad/Controls/Azerty/TOGGLE_UI
[LOG 23:09:53.543] Config(TOGGLE_STATUS_SCREEN) Squad/Controls/Azerty/TOGGLE_STATUS_SCREEN
[LOG 23:09:53.543] Config(TAKE_SCREENSHOT) Squad/Controls/Azerty/TAKE_SCREENSHOT
[LOG 23:09:53.543] Config(TOGGLE_LABELS) Squad/Controls/Azerty/TOGGLE_LABELS
[LOG 23:09:53.543] Config(TOGGLE_TEMP_GAUGES) Squad/Controls/Azerty/TOGGLE_TEMP_GAUGES
[LOG 23:09:53.543] Config(TOGGLE_TEMP_OVERLAY) Squad/Controls/Azerty/TOGGLE_TEMP_OVERLAY
[LOG 23:09:53.543] Config(TOGGLE_FLIGHT_FORCES) Squad/Controls/Azerty/TOGGLE_FLIGHT_FORCES
[LOG 23:09:53.543] Config(QUICKSAVE) Squad/Controls/Azerty/QUICKSAVE
[LOG 23:09:53.543] Config(QUICKLOAD) Squad/Controls/Azerty/QUICKLOAD
[LOG 23:09:53.543] Config(THROTTLE_CUTOFF) Squad/Controls/Azerty/THROTTLE_CUTOFF
[LOG 23:09:53.543] Config(THROTTLE_FULL) Squad/Controls/Azerty/THROTTLE_FULL
[LOG 23:09:53.543] Config(LANDING_GEAR) Squad/Controls/Azerty/LANDING_GEAR
[LOG 23:09:53.543] Config(HEADLIGHT_TOGGLE) Squad/Controls/Azerty/HEADLIGHT_TOGGLE
[LOG 23:09:53.543] Config(BRAKES) Squad/Controls/Azerty/BRAKES
[LOG 23:09:53.543] Config(TOGGLE_SPACENAV_FLIGHT_CONTROL) Squad/Controls/Azerty/TOGGLE_SPACENAV_FLIGHT_CONTROL
[LOG 23:09:53.543] Config(TOGGLE_SPACENAV_ROLL_LOCK) Squad/Controls/Azerty/TOGGLE_SPACENAV_ROLL_LOCK
[LOG 23:09:53.543] Config(WHEEL_STEER_LEFT) Squad/Controls/Azerty/WHEEL_STEER_LEFT
[LOG 23:09:53.543] Config(WHEEL_STEER_RIGHT) Squad/Controls/Azerty/WHEEL_STEER_RIGHT
[LOG 23:09:53.543] Config(WHEEL_THROTTLE_DOWN) Squad/Controls/Azerty/WHEEL_THROTTLE_DOWN
[LOG 23:09:53.543] Config(WHEEL_THROTTLE_UP) Squad/Controls/Azerty/WHEEL_THROTTLE_UP
[LOG 23:09:53.543] Config(EVA_forward) Squad/Controls/Azerty/EVA_forward
[LOG 23:09:53.543] Config(EVA_back) Squad/Controls/Azerty/EVA_back
[LOG 23:09:53.543] Config(EVA_left) Squad/Controls/Azerty/EVA_left
[LOG 23:09:53.544] Config(EVA_right) Squad/Controls/Azerty/EVA_right
[LOG 23:09:53.544] Config(EVA_yaw_left) Squad/Controls/Azerty/EVA_yaw_left
[LOG 23:09:53.544] Config(EVA_yaw_right) Squad/Controls/Azerty/EVA_yaw_right
[LOG 23:09:53.544] Config(EVA_Pack_forward) Squad/Controls/Azerty/EVA_Pack_forward
[LOG 23:09:53.544] Config(EVA_Pack_back) Squad/Controls/Azerty/EVA_Pack_back
[LOG 23:09:53.544] Config(EVA_Pack_left) Squad/Controls/Azerty/EVA_Pack_left
[LOG 23:09:53.544] Config(EVA_Pack_right) Squad/Controls/Azerty/EVA_Pack_right
[LOG 23:09:53.544] Config(EVA_Pack_up) Squad/Controls/Azerty/EVA_Pack_up
[LOG 23:09:53.544] Config(EVA_Pack_down) Squad/Controls/Azerty/EVA_Pack_down
[LOG 23:09:53.544] Config(EVA_Jump) Squad/Controls/Azerty/EVA_Jump
[LOG 23:09:53.544] Config(EVA_Run) Squad/Controls/Azerty/EVA_Run
[LOG 23:09:53.544] Config(EVA_ToggleMovementMode) Squad/Controls/Azerty/EVA_ToggleMovementMode
[LOG 23:09:53.544] Config(EVA_TogglePack) Squad/Controls/Azerty/EVA_TogglePack
[LOG 23:09:53.544] Config(EVA_Use) Squad/Controls/Azerty/EVA_Use
[LOG 23:09:53.544] Config(EVA_Board) Squad/Controls/Azerty/EVA_Board
[LOG 23:09:53.544] Config(EVA_Orient) Squad/Controls/Azerty/EVA_Orient
[LOG 23:09:53.544] Config(EVA_Lights) Squad/Controls/Azerty/EVA_Lights
[LOG 23:09:53.544] Config(EVA_ChuteDeploy) Squad/Controls/Azerty/EVA_ChuteDeploy
[LOG 23:09:53.544] Config(Editor_pitchUp) Squad/Controls/Azerty/Editor_pitchUp
[LOG 23:09:53.544] Config(Editor_pitchDown) Squad/Controls/Azerty/Editor_pitchDown
[LOG 23:09:53.544] Config(Editor_yawLeft) Squad/Controls/Azerty/Editor_yawLeft
[LOG 23:09:53.544] Config(Editor_yawRight) Squad/Controls/Azerty/Editor_yawRight
[LOG 23:09:53.544] Config(Editor_rollLeft) Squad/Controls/Azerty/Editor_rollLeft
[LOG 23:09:53.544] Config(Editor_rollRight) Squad/Controls/Azerty/Editor_rollRight
[LOG 23:09:53.544] Config(Editor_resetRotation) Squad/Controls/Azerty/Editor_resetRotation
[LOG 23:09:53.544] Config(Editor_modePlace) Squad/Controls/Azerty/Editor_modePlace
[LOG 23:09:53.544] Config(Editor_modeOffset) Squad/Controls/Azerty/Editor_modeOffset
[LOG 23:09:53.544] Config(Editor_modeRotate) Squad/Controls/Azerty/Editor_modeRotate
[LOG 23:09:53.544] Config(Editor_modeRoot) Squad/Controls/Azerty/Editor_modeRoot
[LOG 23:09:53.544] Config(Editor_coordSystem) Squad/Controls/Azerty/Editor_coordSystem
[LOG 23:09:53.544] Config(Editor_toggleSymMethod) Squad/Controls/Azerty/Editor_toggleSymMethod
[LOG 23:09:53.544] Config(Editor_toggleSymMode) Squad/Controls/Azerty/Editor_toggleSymMode
[LOG 23:09:53.544] Config(Editor_toggleAngleSnap) Squad/Controls/Azerty/Editor_toggleAngleSnap
[LOG 23:09:53.544] Config(Editor_fineTweak) Squad/Controls/Azerty/Editor_fineTweak
[LOG 23:09:53.544] Config(Editor_partSearch) Squad/Controls/Azerty/Editor_partSearch
[LOG 23:09:53.544] Config(Editor_zoomScrollModifier) Squad/Controls/Azerty/Editor_zoomScrollModifier
[LOG 23:09:53.544] Config(MODIFIER_KEY) Squad/Controls/Azerty/MODIFIER_KEY
[LOG 23:09:53.544] Config(AbortActionGroup) Squad/Controls/Azerty/AbortActionGroup
[LOG 23:09:53.544] Config(CustomActionGroup1) Squad/Controls/Azerty/CustomActionGroup1
[LOG 23:09:53.544] Config(CustomActionGroup2) Squad/Controls/Azerty/CustomActionGroup2
[LOG 23:09:53.544] Config(CustomActionGroup3) Squad/Controls/Azerty/CustomActionGroup3
[LOG 23:09:53.544] Config(CustomActionGroup4) Squad/Controls/Azerty/CustomActionGroup4
[LOG 23:09:53.544] Config(CustomActionGroup5) Squad/Controls/Azerty/CustomActionGroup5
[LOG 23:09:53.544] Config(CustomActionGroup6) Squad/Controls/Azerty/CustomActionGroup6
[LOG 23:09:53.544] Config(CustomActionGroup7) Squad/Controls/Azerty/CustomActionGroup7
[LOG 23:09:53.544] Config(CustomActionGroup8) Squad/Controls/Azerty/CustomActionGroup8
[LOG 23:09:53.544] Config(CustomActionGroup9) Squad/Controls/Azerty/CustomActionGroup9
[LOG 23:09:53.544] Config(CustomActionGroup10) Squad/Controls/Azerty/CustomActionGroup10
[LOG 23:09:53.544] Config(KEY_MAP) Squad/Controls/Azerty/KEY_MAP
[LOG 23:09:53.545] Config(KEYBOARD_LAYOUT) Squad/Controls/Dvorak/#autoLOC_6001234
[LOG 23:09:53.545] Config(PITCH_DOWN) Squad/Controls/Dvorak/PITCH_DOWN
[LOG 23:09:53.545] Config(PITCH_UP) Squad/Controls/Dvorak/PITCH_UP
[LOG 23:09:53.545] Config(YAW_LEFT) Squad/Controls/Dvorak/YAW_LEFT
[LOG 23:09:53.545] Config(YAW_RIGHT) Squad/Controls/Dvorak/YAW_RIGHT
[LOG 23:09:53.545] Config(ROLL_LEFT) Squad/Controls/Dvorak/ROLL_LEFT
[LOG 23:09:53.545] Config(ROLL_RIGHT) Squad/Controls/Dvorak/ROLL_RIGHT
[LOG 23:09:53.545] Config(THROTTLE_UP) Squad/Controls/Dvorak/THROTTLE_UP
[LOG 23:09:53.545] Config(THROTTLE_DOWN) Squad/Controls/Dvorak/THROTTLE_DOWN
[LOG 23:09:53.545] Config(SAS_HOLD) Squad/Controls/Dvorak/SAS_HOLD
[LOG 23:09:53.545] Config(SAS_TOGGLE) Squad/Controls/Dvorak/SAS_TOGGLE
[LOG 23:09:53.545] Config(LAUNCH_STAGES) Squad/Controls/Dvorak/LAUNCH_STAGES
[LOG 23:09:53.545] Config(Docking_toggleRotLin) Squad/Controls/Dvorak/Docking_toggleRotLin
[LOG 23:09:53.545] Config(CAMERA_MODE) Squad/Controls/Dvorak/CAMERA_MODE
[LOG 23:09:53.545] Config(CAMERA_NEXT) Squad/Controls/Dvorak/CAMERA_NEXT
[LOG 23:09:53.545] Config(PAUSE) Squad/Controls/Dvorak/PAUSE
[LOG 23:09:53.545] Config(PRECISION_CTRL) Squad/Controls/Dvorak/PRECISION_CTRL
[LOG 23:09:53.545] Config(ZOOM_IN) Squad/Controls/Dvorak/ZOOM_IN
[LOG 23:09:53.545] Config(ZOOM_OUT) Squad/Controls/Dvorak/ZOOM_OUT
[LOG 23:09:53.545] Config(SCROLL_VIEW_UP) Squad/Controls/Dvorak/SCROLL_VIEW_UP
[LOG 23:09:53.545] Config(SCROLL_VIEW_DOWN) Squad/Controls/Dvorak/SCROLL_VIEW_DOWN
[LOG 23:09:53.545] Config(SCROLL_ICONS_UP) Squad/Controls/Dvorak/SCROLL_ICONS_UP
[LOG 23:09:53.545] Config(SCROLL_ICONS_DOWN) Squad/Controls/Dvorak/SCROLL_ICONS_DOWN
[LOG 23:09:53.545] Config(CAMERA_ORBIT_UP) Squad/Controls/Dvorak/CAMERA_ORBIT_UP
[LOG 23:09:53.545] Config(CAMERA_ORBIT_DOWN) Squad/Controls/Dvorak/CAMERA_ORBIT_DOWN
[LOG 23:09:53.545] Config(CAMERA_ORBIT_LEFT) Squad/Controls/Dvorak/CAMERA_ORBIT_LEFT
[LOG 23:09:53.545] Config(CAMERA_ORBIT_RIGHT) Squad/Controls/Dvorak/CAMERA_ORBIT_RIGHT
[LOG 23:09:53.545] Config(CAMERA_RESET) Squad/Controls/Dvorak/CAMERA_RESET
[LOG 23:09:53.545] Config(CAMERA_MOUSE_TOGGLE) Squad/Controls/Dvorak/CAMERA_MOUSE_TOGGLE
[LOG 23:09:53.545] Config(TIME_WARP_INCREASE) Squad/Controls/Dvorak/TIME_WARP_INCREASE
[LOG 23:09:53.545] Config(TIME_WARP_DECREASE) Squad/Controls/Dvorak/TIME_WARP_DECREASE
[LOG 23:09:53.545] Config(TIME_WARP_STOP) Squad/Controls/Dvorak/TIME_WARP_STOP
[LOG 23:09:53.545] Config(MAP_VIEW_TOGGLE) Squad/Controls/Dvorak/MAP_VIEW_TOGGLE
[LOG 23:09:53.545] Config(NAVBALL_TOGGLE) Squad/Controls/Dvorak/NAVBALL_TOGGLE
[LOG 23:09:53.545] Config(UIMODE_STAGING) Squad/Controls/Dvorak/UIMODE_STAGING
[LOG 23:09:53.545] Config(UIMODE_DOCKING) Squad/Controls/Dvorak/UIMODE_DOCKING
[LOG 23:09:53.545] Config(TRANSLATE_DOWN) Squad/Controls/Dvorak/TRANSLATE_DOWN
[LOG 23:09:53.545] Config(TRANSLATE_UP) Squad/Controls/Dvorak/TRANSLATE_UP
[LOG 23:09:53.545] Config(TRANSLATE_LEFT) Squad/Controls/Dvorak/TRANSLATE_LEFT
[LOG 23:09:53.545] Config(TRANSLATE_RIGHT) Squad/Controls/Dvorak/TRANSLATE_RIGHT
[LOG 23:09:53.545] Config(TRANSLATE_FWD) Squad/Controls/Dvorak/TRANSLATE_FWD
[LOG 23:09:53.545] Config(TRANSLATE_BACK) Squad/Controls/Dvorak/TRANSLATE_BACK
[LOG 23:09:53.545] Config(RCS_TOGGLE) Squad/Controls/Dvorak/RCS_TOGGLE
[LOG 23:09:53.545] Config(FOCUS_NEXT_VESSEL) Squad/Controls/Dvorak/FOCUS_NEXT_VESSEL
[LOG 23:09:53.545] Config(FOCUS_PREV_VESSEL) Squad/Controls/Dvorak/FOCUS_PREV_VESSEL
[LOG 23:09:53.546] Config(TOGGLE_UI) Squad/Controls/Dvorak/TOGGLE_UI
[LOG 23:09:53.546] Config(TOGGLE_STATUS_SCREEN) Squad/Controls/Dvorak/TOGGLE_STATUS_SCREEN
[LOG 23:09:53.546] Config(TAKE_SCREENSHOT) Squad/Controls/Dvorak/TAKE_SCREENSHOT
[LOG 23:09:53.546] Config(TOGGLE_LABELS) Squad/Controls/Dvorak/TOGGLE_LABELS
[LOG 23:09:53.546] Config(TOGGLE_TEMP_GAUGES) Squad/Controls/Dvorak/TOGGLE_TEMP_GAUGES
[LOG 23:09:53.546] Config(TOGGLE_TEMP_OVERLAY) Squad/Controls/Dvorak/TOGGLE_TEMP_OVERLAY
[LOG 23:09:53.546] Config(TOGGLE_FLIGHT_FORCES) Squad/Controls/Dvorak/TOGGLE_FLIGHT_FORCES
[LOG 23:09:53.546] Config(QUICKSAVE) Squad/Controls/Dvorak/QUICKSAVE
[LOG 23:09:53.546] Config(QUICKLOAD) Squad/Controls/Dvorak/QUICKLOAD
[LOG 23:09:53.546] Config(THROTTLE_CUTOFF) Squad/Controls/Dvorak/THROTTLE_CUTOFF
[LOG 23:09:53.546] Config(THROTTLE_FULL) Squad/Controls/Dvorak/THROTTLE_FULL
[LOG 23:09:53.546] Config(LANDING_GEAR) Squad/Controls/Dvorak/LANDING_GEAR
[LOG 23:09:53.546] Config(HEADLIGHT_TOGGLE) Squad/Controls/Dvorak/HEADLIGHT_TOGGLE
[LOG 23:09:53.546] Config(BRAKES) Squad/Controls/Dvorak/BRAKES
[LOG 23:09:53.546] Config(TOGGLE_SPACENAV_FLIGHT_CONTROL) Squad/Controls/Dvorak/TOGGLE_SPACENAV_FLIGHT_CONTROL
[LOG 23:09:53.546] Config(TOGGLE_SPACENAV_ROLL_LOCK) Squad/Controls/Dvorak/TOGGLE_SPACENAV_ROLL_LOCK
[LOG 23:09:53.546] Config(WHEEL_STEER_LEFT) Squad/Controls/Dvorak/WHEEL_STEER_LEFT
[LOG 23:09:53.546] Config(WHEEL_STEER_RIGHT) Squad/Controls/Dvorak/WHEEL_STEER_RIGHT
[LOG 23:09:53.546] Config(WHEEL_THROTTLE_DOWN) Squad/Controls/Dvorak/WHEEL_THROTTLE_DOWN
[LOG 23:09:53.546] Config(WHEEL_THROTTLE_UP) Squad/Controls/Dvorak/WHEEL_THROTTLE_UP
[LOG 23:09:53.546] Config(EVA_forward) Squad/Controls/Dvorak/EVA_forward
[LOG 23:09:53.546] Config(EVA_back) Squad/Controls/Dvorak/EVA_back
[LOG 23:09:53.546] Config(EVA_left) Squad/Controls/Dvorak/EVA_left
[LOG 23:09:53.546] Config(EVA_right) Squad/Controls/Dvorak/EVA_right
[LOG 23:09:53.546] Config(EVA_yaw_left) Squad/Controls/Dvorak/EVA_yaw_left
[LOG 23:09:53.546] Config(EVA_yaw_right) Squad/Controls/Dvorak/EVA_yaw_right
[LOG 23:09:53.546] Config(EVA_Pack_forward) Squad/Controls/Dvorak/EVA_Pack_forward
[LOG 23:09:53.546] Config(EVA_Pack_back) Squad/Controls/Dvorak/EVA_Pack_back
[LOG 23:09:53.546] Config(EVA_Pack_left) Squad/Controls/Dvorak/EVA_Pack_left
[LOG 23:09:53.546] Config(EVA_Pack_right) Squad/Controls/Dvorak/EVA_Pack_right
[LOG 23:09:53.546] Config(EVA_Pack_up) Squad/Controls/Dvorak/EVA_Pack_up
[LOG 23:09:53.546] Config(EVA_Pack_down) Squad/Controls/Dvorak/EVA_Pack_down
[LOG 23:09:53.546] Config(EVA_Jump) Squad/Controls/Dvorak/EVA_Jump
[LOG 23:09:53.546] Config(EVA_Run) Squad/Controls/Dvorak/EVA_Run
[LOG 23:09:53.546] Config(EVA_ToggleMovementMode) Squad/Controls/Dvorak/EVA_ToggleMovementMode
[LOG 23:09:53.546] Config(EVA_TogglePack) Squad/Controls/Dvorak/EVA_TogglePack
[LOG 23:09:53.546] Config(EVA_Use) Squad/Controls/Dvorak/EVA_Use
[LOG 23:09:53.546] Config(EVA_Board) Squad/Controls/Dvorak/EVA_Board
[LOG 23:09:53.546] Config(EVA_Orient) Squad/Controls/Dvorak/EVA_Orient
[LOG 23:09:53.546] Config(EVA_Lights) Squad/Controls/Dvorak/EVA_Lights
[LOG 23:09:53.546] Config(EVA_ChuteDeploy) Squad/Controls/Dvorak/EVA_ChuteDeploy
[LOG 23:09:53.546] Config(Editor_pitchUp) Squad/Controls/Dvorak/Editor_pitchUp
[LOG 23:09:53.546] Config(Editor_pitchDown) Squad/Controls/Dvorak/Editor_pitchDown
[LOG 23:09:53.546] Config(Editor_yawLeft) Squad/Controls/Dvorak/Editor_yawLeft
[LOG 23:09:53.546] Config(Editor_yawRight) Squad/Controls/Dvorak/Editor_yawRight
[LOG 23:09:53.546] Config(Editor_rollLeft) Squad/Controls/Dvorak/Editor_rollLeft
[LOG 23:09:53.547] Config(Editor_rollRight) Squad/Controls/Dvorak/Editor_rollRight
[LOG 23:09:53.547] Config(Editor_resetRotation) Squad/Controls/Dvorak/Editor_resetRotation
[LOG 23:09:53.547] Config(Editor_modePlace) Squad/Controls/Dvorak/Editor_modePlace
[LOG 23:09:53.547] Config(Editor_modeOffset) Squad/Controls/Dvorak/Editor_modeOffset
[LOG 23:09:53.547] Config(Editor_modeRotate) Squad/Controls/Dvorak/Editor_modeRotate
[LOG 23:09:53.547] Config(Editor_modeRoot) Squad/Controls/Dvorak/Editor_modeRoot
[LOG 23:09:53.547] Config(Editor_coordSystem) Squad/Controls/Dvorak/Editor_coordSystem
[LOG 23:09:53.547] Config(Editor_toggleSymMethod) Squad/Controls/Dvorak/Editor_toggleSymMethod
[LOG 23:09:53.547] Config(Editor_toggleSymMode) Squad/Controls/Dvorak/Editor_toggleSymMode
[LOG 23:09:53.547] Config(Editor_toggleAngleSnap) Squad/Controls/Dvorak/Editor_toggleAngleSnap
[LOG 23:09:53.547] Config(Editor_fineTweak) Squad/Controls/Dvorak/Editor_fineTweak
[LOG 23:09:53.547] Config(Editor_partSearch) Squad/Controls/Dvorak/Editor_partSearch
[LOG 23:09:53.547] Config(Editor_zoomScrollModifier) Squad/Controls/Dvorak/Editor_zoomScrollModifier
[LOG 23:09:53.547] Config(MODIFIER_KEY) Squad/Controls/Dvorak/MODIFIER_KEY
[LOG 23:09:53.547] Config(AbortActionGroup) Squad/Controls/Dvorak/AbortActionGroup
[LOG 23:09:53.547] Config(CustomActionGroup1) Squad/Controls/Dvorak/CustomActionGroup1
[LOG 23:09:53.547] Config(CustomActionGroup2) Squad/Controls/Dvorak/CustomActionGroup2
[LOG 23:09:53.547] Config(CustomActionGroup3) Squad/Controls/Dvorak/CustomActionGroup3
[LOG 23:09:53.547] Config(CustomActionGroup4) Squad/Controls/Dvorak/CustomActionGroup4
[LOG 23:09:53.547] Config(CustomActionGroup5) Squad/Controls/Dvorak/CustomActionGroup5
[LOG 23:09:53.547] Config(CustomActionGroup6) Squad/Controls/Dvorak/CustomActionGroup6
[LOG 23:09:53.547] Config(CustomActionGroup7) Squad/Controls/Dvorak/CustomActionGroup7
[LOG 23:09:53.547] Config(CustomActionGroup8) Squad/Controls/Dvorak/CustomActionGroup8
[LOG 23:09:53.548] Config(CustomActionGroup9) Squad/Controls/Dvorak/CustomActionGroup9
[LOG 23:09:53.548] Config(CustomActionGroup10) Squad/Controls/Dvorak/CustomActionGroup10
[LOG 23:09:53.548] Config(KEY_MAP) Squad/Controls/Dvorak/KEY_MAP
[LOG 23:09:53.548] Config(KEYBOARD_LAYOUT) Squad/Controls/Qwerty/#autoLOC_6001227
[LOG 23:09:53.548] Config(PITCH_DOWN) Squad/Controls/Qwerty/PITCH_DOWN
[LOG 23:09:53.548] Config(PITCH_UP) Squad/Controls/Qwerty/PITCH_UP
[LOG 23:09:53.548] Config(YAW_LEFT) Squad/Controls/Qwerty/YAW_LEFT
[LOG 23:09:53.548] Config(YAW_RIGHT) Squad/Controls/Qwerty/YAW_RIGHT
[LOG 23:09:53.548] Config(ROLL_LEFT) Squad/Controls/Qwerty/ROLL_LEFT
[LOG 23:09:53.548] Config(ROLL_RIGHT) Squad/Controls/Qwerty/ROLL_RIGHT
[LOG 23:09:53.548] Config(THROTTLE_UP) Squad/Controls/Qwerty/THROTTLE_UP
[LOG 23:09:53.548] Config(THROTTLE_DOWN) Squad/Controls/Qwerty/THROTTLE_DOWN
[LOG 23:09:53.548] Config(SAS_HOLD) Squad/Controls/Qwerty/SAS_HOLD
[LOG 23:09:53.548] Config(SAS_TOGGLE) Squad/Controls/Qwerty/SAS_TOGGLE
[LOG 23:09:53.548] Config(LAUNCH_STAGES) Squad/Controls/Qwerty/LAUNCH_STAGES
[LOG 23:09:53.548] Config(Docking_toggleRotLin) Squad/Controls/Qwerty/Docking_toggleRotLin
[LOG 23:09:53.548] Config(CAMERA_MODE) Squad/Controls/Qwerty/CAMERA_MODE
[LOG 23:09:53.548] Config(CAMERA_NEXT) Squad/Controls/Qwerty/CAMERA_NEXT
[LOG 23:09:53.548] Config(PAUSE) Squad/Controls/Qwerty/PAUSE
[LOG 23:09:53.548] Config(PRECISION_CTRL) Squad/Controls/Qwerty/PRECISION_CTRL
[LOG 23:09:53.548] Config(ZOOM_IN) Squad/Controls/Qwerty/ZOOM_IN
[LOG 23:09:53.548] Config(ZOOM_OUT) Squad/Controls/Qwerty/ZOOM_OUT
[LOG 23:09:53.548] Config(SCROLL_VIEW_UP) Squad/Controls/Qwerty/SCROLL_VIEW_UP
[LOG 23:09:53.548] Config(SCROLL_VIEW_DOWN) Squad/Controls/Qwerty/SCROLL_VIEW_DOWN
[LOG 23:09:53.548] Config(SCROLL_ICONS_UP) Squad/Controls/Qwerty/SCROLL_ICONS_UP
[LOG 23:09:53.548] Config(SCROLL_ICONS_DOWN) Squad/Controls/Qwerty/SCROLL_ICONS_DOWN
[LOG 23:09:53.548] Config(CAMERA_ORBIT_UP) Squad/Controls/Qwerty/CAMERA_ORBIT_UP
[LOG 23:09:53.548] Config(CAMERA_ORBIT_DOWN) Squad/Controls/Qwerty/CAMERA_ORBIT_DOWN
[LOG 23:09:53.548] Config(CAMERA_ORBIT_LEFT) Squad/Controls/Qwerty/CAMERA_ORBIT_LEFT
[LOG 23:09:53.548] Config(CAMERA_ORBIT_RIGHT) Squad/Controls/Qwerty/CAMERA_ORBIT_RIGHT
[LOG 23:09:53.548] Config(CAMERA_RESET) Squad/Controls/Qwerty/CAMERA_RESET
[LOG 23:09:53.548] Config(CAMERA_MOUSE_TOGGLE) Squad/Controls/Qwerty/CAMERA_MOUSE_TOGGLE
[LOG 23:09:53.548] Config(TIME_WARP_INCREASE) Squad/Controls/Qwerty/TIME_WARP_INCREASE
[LOG 23:09:53.548] Config(TIME_WARP_DECREASE) Squad/Controls/Qwerty/TIME_WARP_DECREASE
[LOG 23:09:53.548] Config(TIME_WARP_STOP) Squad/Controls/Qwerty/TIME_WARP_STOP
[LOG 23:09:53.548] Config(MAP_VIEW_TOGGLE) Squad/Controls/Qwerty/MAP_VIEW_TOGGLE
[LOG 23:09:53.548] Config(NAVBALL_TOGGLE) Squad/Controls/Qwerty/NAVBALL_TOGGLE
[LOG 23:09:53.548] Config(UIMODE_STAGING) Squad/Controls/Qwerty/UIMODE_STAGING
[LOG 23:09:53.548] Config(UIMODE_DOCKING) Squad/Controls/Qwerty/UIMODE_DOCKING
[LOG 23:09:53.548] Config(TRANSLATE_DOWN) Squad/Controls/Qwerty/TRANSLATE_DOWN
[LOG 23:09:53.548] Config(TRANSLATE_UP) Squad/Controls/Qwerty/TRANSLATE_UP
[LOG 23:09:53.548] Config(TRANSLATE_LEFT) Squad/Controls/Qwerty/TRANSLATE_LEFT
[LOG 23:09:53.548] Config(TRANSLATE_RIGHT) Squad/Controls/Qwerty/TRANSLATE_RIGHT
[LOG 23:09:53.548] Config(TRANSLATE_FWD) Squad/Controls/Qwerty/TRANSLATE_FWD
[LOG 23:09:53.548] Config(TRANSLATE_BACK) Squad/Controls/Qwerty/TRANSLATE_BACK
[LOG 23:09:53.548] Config(RCS_TOGGLE) Squad/Controls/Qwerty/RCS_TOGGLE
[LOG 23:09:53.548] Config(FOCUS_NEXT_VESSEL) Squad/Controls/Qwerty/FOCUS_NEXT_VESSEL
[LOG 23:09:53.548] Config(FOCUS_PREV_VESSEL) Squad/Controls/Qwerty/FOCUS_PREV_VESSEL
[LOG 23:09:53.548] Config(TOGGLE_UI) Squad/Controls/Qwerty/TOGGLE_UI
[LOG 23:09:53.548] Config(TOGGLE_STATUS_SCREEN) Squad/Controls/Qwerty/TOGGLE_STATUS_SCREEN
[LOG 23:09:53.548] Config(TAKE_SCREENSHOT) Squad/Controls/Qwerty/TAKE_SCREENSHOT
[LOG 23:09:53.549] Config(TOGGLE_LABELS) Squad/Controls/Qwerty/TOGGLE_LABELS
[LOG 23:09:53.549] Config(TOGGLE_TEMP_GAUGES) Squad/Controls/Qwerty/TOGGLE_TEMP_GAUGES
[LOG 23:09:53.549] Config(TOGGLE_TEMP_OVERLAY) Squad/Controls/Qwerty/TOGGLE_TEMP_OVERLAY
[LOG 23:09:53.549] Config(TOGGLE_FLIGHT_FORCES) Squad/Controls/Qwerty/TOGGLE_FLIGHT_FORCES
[LOG 23:09:53.549] Config(QUICKSAVE) Squad/Controls/Qwerty/QUICKSAVE
[LOG 23:09:53.549] Config(QUICKLOAD) Squad/Controls/Qwerty/QUICKLOAD
[LOG 23:09:53.549] Config(THROTTLE_CUTOFF) Squad/Controls/Qwerty/THROTTLE_CUTOFF
[LOG 23:09:53.549] Config(THROTTLE_FULL) Squad/Controls/Qwerty/THROTTLE_FULL
[LOG 23:09:53.549] Config(LANDING_GEAR) Squad/Controls/Qwerty/LANDING_GEAR
[LOG 23:09:53.549] Config(HEADLIGHT_TOGGLE) Squad/Controls/Qwerty/HEADLIGHT_TOGGLE
[LOG 23:09:53.549] Config(BRAKES) Squad/Controls/Qwerty/BRAKES
[LOG 23:09:53.549] Config(TOGGLE_SPACENAV_FLIGHT_CONTROL) Squad/Controls/Qwerty/TOGGLE_SPACENAV_FLIGHT_CONTROL
[LOG 23:09:53.549] Config(TOGGLE_SPACENAV_ROLL_LOCK) Squad/Controls/Qwerty/TOGGLE_SPACENAV_ROLL_LOCK
[LOG 23:09:53.549] Config(WHEEL_STEER_LEFT) Squad/Controls/Qwerty/WHEEL_STEER_LEFT
[LOG 23:09:53.549] Config(WHEEL_STEER_RIGHT) Squad/Controls/Qwerty/WHEEL_STEER_RIGHT
[LOG 23:09:53.549] Config(WHEEL_THROTTLE_DOWN) Squad/Controls/Qwerty/WHEEL_THROTTLE_DOWN
[LOG 23:09:53.549] Config(WHEEL_THROTTLE_UP) Squad/Controls/Qwerty/WHEEL_THROTTLE_UP
[LOG 23:09:53.549] Config(EVA_forward) Squad/Controls/Qwerty/EVA_forward
[LOG 23:09:53.549] Config(EVA_back) Squad/Controls/Qwerty/EVA_back
[LOG 23:09:53.549] Config(EVA_left) Squad/Controls/Qwerty/EVA_left
[LOG 23:09:53.549] Config(EVA_right) Squad/Controls/Qwerty/EVA_right
[LOG 23:09:53.549] Config(EVA_yaw_left) Squad/Controls/Qwerty/EVA_yaw_left
[LOG 23:09:53.549] Config(EVA_yaw_right) Squad/Controls/Qwerty/EVA_yaw_right
[LOG 23:09:53.549] Config(EVA_Pack_forward) Squad/Controls/Qwerty/EVA_Pack_forward
[LOG 23:09:53.549] Config(EVA_Pack_back) Squad/Controls/Qwerty/EVA_Pack_back
[LOG 23:09:53.549] Config(EVA_Pack_left) Squad/Controls/Qwerty/EVA_Pack_left
[LOG 23:09:53.549] Config(EVA_Pack_right) Squad/Controls/Qwerty/EVA_Pack_right
[LOG 23:09:53.549] Config(EVA_Pack_up) Squad/Controls/Qwerty/EVA_Pack_up
[LOG 23:09:53.549] Config(EVA_Pack_down) Squad/Controls/Qwerty/EVA_Pack_down
[LOG 23:09:53.549] Config(EVA_Jump) Squad/Controls/Qwerty/EVA_Jump
[LOG 23:09:53.549] Config(EVA_Run) Squad/Controls/Qwerty/EVA_Run
[LOG 23:09:53.549] Config(EVA_ToggleMovementMode) Squad/Controls/Qwerty/EVA_ToggleMovementMode
[LOG 23:09:53.549] Config(EVA_TogglePack) Squad/Controls/Qwerty/EVA_TogglePack
[LOG 23:09:53.549] Config(EVA_Use) Squad/Controls/Qwerty/EVA_Use
[LOG 23:09:53.549] Config(EVA_Board) Squad/Controls/Qwerty/EVA_Board
[LOG 23:09:53.549] Config(EVA_Orient) Squad/Controls/Qwerty/EVA_Orient
[LOG 23:09:53.549] Config(EVA_Lights) Squad/Controls/Qwerty/EVA_Lights
[LOG 23:09:53.549] Config(EVA_ChuteDeploy) Squad/Controls/Qwerty/EVA_ChuteDeploy
[LOG 23:09:53.549] Config(Editor_pitchUp) Squad/Controls/Qwerty/Editor_pitchUp
[LOG 23:09:53.549] Config(Editor_pitchDown) Squad/Controls/Qwerty/Editor_pitchDown
[LOG 23:09:53.549] Config(Editor_yawLeft) Squad/Controls/Qwerty/Editor_yawLeft
[LOG 23:09:53.549] Config(Editor_yawRight) Squad/Controls/Qwerty/Editor_yawRight
[LOG 23:09:53.549] Config(Editor_rollLeft) Squad/Controls/Qwerty/Editor_rollLeft
[LOG 23:09:53.549] Config(Editor_rollRight) Squad/Controls/Qwerty/Editor_rollRight
[LOG 23:09:53.549] Config(Editor_resetRotation) Squad/Controls/Qwerty/Editor_resetRotation
[LOG 23:09:53.549] Config(Editor_modePlace) Squad/Controls/Qwerty/Editor_modePlace
[LOG 23:09:53.549] Config(Editor_modeOffset) Squad/Controls/Qwerty/Editor_modeOffset
[LOG 23:09:53.549] Config(Editor_modeRotate) Squad/Controls/Qwerty/Editor_modeRotate
[LOG 23:09:53.549] Config(Editor_modeRoot) Squad/Controls/Qwerty/Editor_modeRoot
[LOG 23:09:53.550] Config(Editor_coordSystem) Squad/Controls/Qwerty/Editor_coordSystem
[LOG 23:09:53.550] Config(Editor_toggleSymMethod) Squad/Controls/Qwerty/Editor_toggleSymMethod
[LOG 23:09:53.550] Config(Editor_toggleSymMode) Squad/Controls/Qwerty/Editor_toggleSymMode
[LOG 23:09:53.550] Config(Editor_toggleAngleSnap) Squad/Controls/Qwerty/Editor_toggleAngleSnap
[LOG 23:09:53.550] Config(Editor_fineTweak) Squad/Controls/Qwerty/Editor_fineTweak
[LOG 23:09:53.550] Config(Editor_partSearch) Squad/Controls/Qwerty/Editor_partSearch
[LOG 23:09:53.550] Config(Editor_zoomScrollModifier) Squad/Controls/Qwerty/Editor_zoomScrollModifier
[LOG 23:09:53.550] Config(MODIFIER_KEY) Squad/Controls/Qwerty/MODIFIER_KEY
[LOG 23:09:53.550] Config(AbortActionGroup) Squad/Controls/Qwerty/AbortActionGroup
[LOG 23:09:53.550] Config(CustomActionGroup1) Squad/Controls/Qwerty/CustomActionGroup1
[LOG 23:09:53.550] Config(CustomActionGroup2) Squad/Controls/Qwerty/CustomActionGroup2
[LOG 23:09:53.550] Config(CustomActionGroup3) Squad/Controls/Qwerty/CustomActionGroup3
[LOG 23:09:53.550] Config(CustomActionGroup4) Squad/Controls/Qwerty/CustomActionGroup4
[LOG 23:09:53.550] Config(CustomActionGroup5) Squad/Controls/Qwerty/CustomActionGroup5
[LOG 23:09:53.550] Config(CustomActionGroup6) Squad/Controls/Qwerty/CustomActionGroup6
[LOG 23:09:53.550] Config(CustomActionGroup7) Squad/Controls/Qwerty/CustomActionGroup7
[LOG 23:09:53.550] Config(CustomActionGroup8) Squad/Controls/Qwerty/CustomActionGroup8
[LOG 23:09:53.550] Config(CustomActionGroup9) Squad/Controls/Qwerty/CustomActionGroup9
[LOG 23:09:53.550] Config(CustomActionGroup10) Squad/Controls/Qwerty/CustomActionGroup10
[LOG 23:09:53.550] Config(KEY_MAP) Squad/Controls/Qwerty/KEY_MAP
[LOG 23:09:53.550] Config(KEYBOARD_LAYOUT) Squad/Controls/Qwerty_en-GB/#autoLOC_6001228
[LOG 23:09:53.550] Config(KEY_MAP) Squad/Controls/Qwerty_en-GB/KEY_MAP
[LOG 23:09:53.550] Config(KEYBOARD_LAYOUT) Squad/Controls/Qwerty_es-LA/#autoLOC_6001229
[LOG 23:09:53.550] Config(CAMERA_MOUSE_TOGGLE) Squad/Controls/Qwerty_es-LA/CAMERA_MOUSE_TOGGLE
[LOG 23:09:53.550] Config(TIME_WARP_STOP) Squad/Controls/Qwerty_es-LA/TIME_WARP_STOP
[LOG 23:09:53.550] Config(FOCUS_NEXT_VESSEL) Squad/Controls/Qwerty_es-LA/FOCUS_NEXT_VESSEL
[LOG 23:09:53.550] Config(FOCUS_PREV_VESSEL) Squad/Controls/Qwerty_es-LA/FOCUS_PREV_VESSEL
[LOG 23:09:53.550] Config(CAMERA_RESET) Squad/Controls/Qwerty_es-LA/CAMERA_RESET
[LOG 23:09:53.550] Config(Editor_partSearch) Squad/Controls/Qwerty_es-LA/Editor_partSearch
[LOG 23:09:53.550] Config(KEY_MAP) Squad/Controls/Qwerty_es-LA/KEY_MAP
[LOG 23:09:53.550] Config(KEYBOARD_LAYOUT) Squad/Controls/Qwerty_it-IT/#autoLOC_6001230
[LOG 23:09:53.550] Config(FOCUS_NEXT_VESSEL) Squad/Controls/Qwerty_it-IT/FOCUS_NEXT_VESSEL
[LOG 23:09:53.550] Config(FOCUS_PREV_VESSEL) Squad/Controls/Qwerty_it-IT/FOCUS_PREV_VESSEL
[LOG 23:09:53.550] Config(CAMERA_MOUSE_TOGGLE) Squad/Controls/Qwerty_it-IT/CAMERA_MOUSE_TOGGLE
[LOG 23:09:53.550] Config(TIME_WARP_STOP) Squad/Controls/Qwerty_it-IT/TIME_WARP_STOP
[LOG 23:09:53.550] Config(CAMERA_RESET) Squad/Controls/Qwerty_it-IT/CAMERA_RESET
[LOG 23:09:53.550] Config(Editor_partSearch) Squad/Controls/Qwerty_it-IT/Editor_partSearch
[LOG 23:09:53.550] Config(KEY_MAP) Squad/Controls/Qwerty_it-IT/KEY_MAP
[LOG 23:09:53.550] Config(KEYBOARD_LAYOUT) Squad/Controls/Qwerty_ja-JP/#autoLOC_6001231
[LOG 23:09:53.550] Config(FOCUS_NEXT_VESSEL) Squad/Controls/Qwerty_ja-JP/FOCUS_NEXT_VESSEL
[LOG 23:09:53.550] Config(FOCUS_PREV_VESSEL) Squad/Controls/Qwerty_ja-JP/FOCUS_PREV_VESSEL
[LOG 23:09:53.550] Config(PRECISION_CTRL) Squad/Controls/Qwerty_ja-JP/PRECISION_CTRL
[LOG 23:09:53.550] Config(CAMERA_MOUSE_TOGGLE) Squad/Controls/Qwerty_ja-JP/CAMERA_MOUSE_TOGGLE
[LOG 23:09:53.550] Config(Editor_partSearch) Squad/Controls/Qwerty_ja-JP/Editor_partSearch
[LOG 23:09:53.550] Config(CAMERA_RESET) Squad/Controls/Qwerty_ja-JP/CAMERA_RESET
[LOG 23:09:53.550] Config(KEY_MAP) Squad/Controls/Qwerty_ja-JP/KEY_MAP
[LOG 23:09:53.550] Config(KEYBOARD_LAYOUT) Squad/Controls/Qwerty_pt-PT/#autoLOC_6001230
[LOG 23:09:53.550] Config(FOCUS_NEXT_VESSEL) Squad/Controls/Qwerty_pt-PT/FOCUS_NEXT_VESSEL
[LOG 23:09:53.550] Config(FOCUS_PREV_VESSEL) Squad/Controls/Qwerty_pt-PT/FOCUS_PREV_VESSEL
[LOG 23:09:53.551] Config(CAMERA_MOUSE_TOGGLE) Squad/Controls/Qwerty_pt-PT/CAMERA_MOUSE_TOGGLE
[LOG 23:09:53.551] Config(TIME_WARP_STOP) Squad/Controls/Qwerty_pt-PT/TIME_WARP_STOP
[LOG 23:09:53.551] Config(CAMERA_RESET) Squad/Controls/Qwerty_pt-PT/CAMERA_RESET
[LOG 23:09:53.551] Config(Editor_partSearch) Squad/Controls/Qwerty_pt-PT/Editor_partSearch
[LOG 23:09:53.551] Config(KEY_MAP) Squad/Controls/Qwerty_pt-PT/KEY_MAP
[LOG 23:09:53.551] Config(KEYBOARD_LAYOUT) Squad/Controls/Qwertz/#autoLOC_6001232
[LOG 23:09:53.551] Config(PITCH_DOWN) Squad/Controls/Qwertz/PITCH_DOWN
[LOG 23:09:53.551] Config(PITCH_UP) Squad/Controls/Qwertz/PITCH_UP
[LOG 23:09:53.551] Config(YAW_LEFT) Squad/Controls/Qwertz/YAW_LEFT
[LOG 23:09:53.551] Config(YAW_RIGHT) Squad/Controls/Qwertz/YAW_RIGHT
[LOG 23:09:53.551] Config(ROLL_LEFT) Squad/Controls/Qwertz/ROLL_LEFT
[LOG 23:09:53.551] Config(ROLL_RIGHT) Squad/Controls/Qwertz/ROLL_RIGHT
[LOG 23:09:53.551] Config(THROTTLE_UP) Squad/Controls/Qwertz/THROTTLE_UP
[LOG 23:09:53.551] Config(THROTTLE_DOWN) Squad/Controls/Qwertz/THROTTLE_DOWN
[LOG 23:09:53.551] Config(SAS_HOLD) Squad/Controls/Qwertz/SAS_HOLD
[LOG 23:09:53.551] Config(SAS_TOGGLE) Squad/Controls/Qwertz/SAS_TOGGLE
[LOG 23:09:53.551] Config(LAUNCH_STAGES) Squad/Controls/Qwertz/LAUNCH_STAGES
[LOG 23:09:53.551] Config(Docking_toggleRotLin) Squad/Controls/Qwertz/Docking_toggleRotLin
[LOG 23:09:53.551] Config(CAMERA_MODE) Squad/Controls/Qwertz/CAMERA_MODE
[LOG 23:09:53.551] Config(CAMERA_NEXT) Squad/Controls/Qwertz/CAMERA_NEXT
[LOG 23:09:53.551] Config(PAUSE) Squad/Controls/Qwertz/PAUSE
[LOG 23:09:53.551] Config(PRECISION_CTRL) Squad/Controls/Qwertz/PRECISION_CTRL
[LOG 23:09:53.551] Config(ZOOM_IN) Squad/Controls/Qwertz/ZOOM_IN
[LOG 23:09:53.551] Config(ZOOM_OUT) Squad/Controls/Qwertz/ZOOM_OUT
[LOG 23:09:53.551] Config(SCROLL_VIEW_UP) Squad/Controls/Qwertz/SCROLL_VIEW_UP
[LOG 23:09:53.551] Config(SCROLL_VIEW_DOWN) Squad/Controls/Qwertz/SCROLL_VIEW_DOWN
[LOG 23:09:53.551] Config(SCROLL_ICONS_UP) Squad/Controls/Qwertz/SCROLL_ICONS_UP
[LOG 23:09:53.551] Config(SCROLL_ICONS_DOWN) Squad/Controls/Qwertz/SCROLL_ICONS_DOWN
[LOG 23:09:53.551] Config(CAMERA_ORBIT_UP) Squad/Controls/Qwertz/CAMERA_ORBIT_UP
[LOG 23:09:53.551] Config(CAMERA_ORBIT_DOWN) Squad/Controls/Qwertz/CAMERA_ORBIT_DOWN
[LOG 23:09:53.551] Config(CAMERA_ORBIT_LEFT) Squad/Controls/Qwertz/CAMERA_ORBIT_LEFT
[LOG 23:09:53.551] Config(CAMERA_ORBIT_RIGHT) Squad/Controls/Qwertz/CAMERA_ORBIT_RIGHT
[LOG 23:09:53.551] Config(CAMERA_RESET) Squad/Controls/Qwertz/CAMERA_RESET
[LOG 23:09:53.551] Config(CAMERA_MOUSE_TOGGLE) Squad/Controls/Qwertz/CAMERA_MOUSE_TOGGLE
[LOG 23:09:53.551] Config(TIME_WARP_INCREASE) Squad/Controls/Qwertz/TIME_WARP_INCREASE
[LOG 23:09:53.551] Config(TIME_WARP_DECREASE) Squad/Controls/Qwertz/TIME_WARP_DECREASE
[LOG 23:09:53.551] Config(TIME_WARP_STOP) Squad/Controls/Qwertz/TIME_WARP_STOP
[LOG 23:09:53.551] Config(MAP_VIEW_TOGGLE) Squad/Controls/Qwertz/MAP_VIEW_TOGGLE
[LOG 23:09:53.551] Config(NAVBALL_TOGGLE) Squad/Controls/Qwertz/NAVBALL_TOGGLE
[LOG 23:09:53.551] Config(UIMODE_STAGING) Squad/Controls/Qwertz/UIMODE_STAGING
[LOG 23:09:53.551] Config(UIMODE_DOCKING) Squad/Controls/Qwertz/UIMODE_DOCKING
[LOG 23:09:53.551] Config(TRANSLATE_DOWN) Squad/Controls/Qwertz/TRANSLATE_DOWN
[LOG 23:09:53.551] Config(TRANSLATE_UP) Squad/Controls/Qwertz/TRANSLATE_UP
[LOG 23:09:53.551] Config(TRANSLATE_LEFT) Squad/Controls/Qwertz/TRANSLATE_LEFT
[LOG 23:09:53.551] Config(TRANSLATE_RIGHT) Squad/Controls/Qwertz/TRANSLATE_RIGHT
[LOG 23:09:53.551] Config(TRANSLATE_FWD) Squad/Controls/Qwertz/TRANSLATE_FWD
[LOG 23:09:53.551] Config(TRANSLATE_BACK) Squad/Controls/Qwertz/TRANSLATE_BACK
[LOG 23:09:53.551] Config(RCS_TOGGLE) Squad/Controls/Qwertz/RCS_TOGGLE
[LOG 23:09:53.551] Config(FOCUS_NEXT_VESSEL) Squad/Controls/Qwertz/FOCUS_NEXT_VESSEL
[LOG 23:09:53.552] Config(FOCUS_PREV_VESSEL) Squad/Controls/Qwertz/FOCUS_PREV_VESSEL
[LOG 23:09:53.552] Config(TOGGLE_UI) Squad/Controls/Qwertz/TOGGLE_UI
[LOG 23:09:53.552] Config(TOGGLE_STATUS_SCREEN) Squad/Controls/Qwertz/TOGGLE_STATUS_SCREEN
[LOG 23:09:53.552] Config(TAKE_SCREENSHOT) Squad/Controls/Qwertz/TAKE_SCREENSHOT
[LOG 23:09:53.552] Config(TOGGLE_LABELS) Squad/Controls/Qwertz/TOGGLE_LABELS
[LOG 23:09:53.552] Config(TOGGLE_TEMP_GAUGES) Squad/Controls/Qwertz/TOGGLE_TEMP_GAUGES
[LOG 23:09:53.552] Config(TOGGLE_TEMP_OVERLAY) Squad/Controls/Qwertz/TOGGLE_TEMP_OVERLAY
[LOG 23:09:53.552] Config(TOGGLE_FLIGHT_FORCES) Squad/Controls/Qwertz/TOGGLE_FLIGHT_FORCES
[LOG 23:09:53.552] Config(QUICKSAVE) Squad/Controls/Qwertz/QUICKSAVE
[LOG 23:09:53.552] Config(QUICKLOAD) Squad/Controls/Qwertz/QUICKLOAD
[LOG 23:09:53.552] Config(THROTTLE_CUTOFF) Squad/Controls/Qwertz/THROTTLE_CUTOFF
[LOG 23:09:53.552] Config(THROTTLE_FULL) Squad/Controls/Qwertz/THROTTLE_FULL
[LOG 23:09:53.552] Config(LANDING_GEAR) Squad/Controls/Qwertz/LANDING_GEAR
[LOG 23:09:53.552] Config(HEADLIGHT_TOGGLE) Squad/Controls/Qwertz/HEADLIGHT_TOGGLE
[LOG 23:09:53.552] Config(BRAKES) Squad/Controls/Qwertz/BRAKES
[LOG 23:09:53.552] Config(TOGGLE_SPACENAV_FLIGHT_CONTROL) Squad/Controls/Qwertz/TOGGLE_SPACENAV_FLIGHT_CONTROL
[LOG 23:09:53.552] Config(TOGGLE_SPACENAV_ROLL_LOCK) Squad/Controls/Qwertz/TOGGLE_SPACENAV_ROLL_LOCK
[LOG 23:09:53.552] Config(WHEEL_STEER_LEFT) Squad/Controls/Qwertz/WHEEL_STEER_LEFT
[LOG 23:09:53.552] Config(WHEEL_STEER_RIGHT) Squad/Controls/Qwertz/WHEEL_STEER_RIGHT
[LOG 23:09:53.552] Config(WHEEL_THROTTLE_DOWN) Squad/Controls/Qwertz/WHEEL_THROTTLE_DOWN
[LOG 23:09:53.552] Config(WHEEL_THROTTLE_UP) Squad/Controls/Qwertz/WHEEL_THROTTLE_UP
[LOG 23:09:53.552] Config(EVA_forward) Squad/Controls/Qwertz/EVA_forward
[LOG 23:09:53.552] Config(EVA_back) Squad/Controls/Qwertz/EVA_back
[LOG 23:09:53.552] Config(EVA_left) Squad/Controls/Qwertz/EVA_left
[LOG 23:09:53.552] Config(EVA_right) Squad/Controls/Qwertz/EVA_right
[LOG 23:09:53.552] Config(EVA_yaw_left) Squad/Controls/Qwertz/EVA_yaw_left
[LOG 23:09:53.552] Config(EVA_yaw_right) Squad/Controls/Qwertz/EVA_yaw_right
[LOG 23:09:53.552] Config(EVA_Pack_forward) Squad/Controls/Qwertz/EVA_Pack_forward
[LOG 23:09:53.552] Config(EVA_Pack_back) Squad/Controls/Qwertz/EVA_Pack_back
[LOG 23:09:53.552] Config(EVA_Pack_left) Squad/Controls/Qwertz/EVA_Pack_left
[LOG 23:09:53.552] Config(EVA_Pack_right) Squad/Controls/Qwertz/EVA_Pack_right
[LOG 23:09:53.552] Config(EVA_Pack_up) Squad/Controls/Qwertz/EVA_Pack_up
[LOG 23:09:53.552] Config(EVA_Pack_down) Squad/Controls/Qwertz/EVA_Pack_down
[LOG 23:09:53.552] Config(EVA_Jump) Squad/Controls/Qwertz/EVA_Jump
[LOG 23:09:53.552] Config(EVA_Run) Squad/Controls/Qwertz/EVA_Run
[LOG 23:09:53.552] Config(EVA_ToggleMovementMode) Squad/Controls/Qwertz/EVA_ToggleMovementMode
[LOG 23:09:53.552] Config(EVA_TogglePack) Squad/Controls/Qwertz/EVA_TogglePack
[LOG 23:09:53.552] Config(EVA_Use) Squad/Controls/Qwertz/EVA_Use
[LOG 23:09:53.552] Config(EVA_Board) Squad/Controls/Qwertz/EVA_Board
[LOG 23:09:53.552] Config(EVA_Orient) Squad/Controls/Qwertz/EVA_Orient
[LOG 23:09:53.552] Config(EVA_Lights) Squad/Controls/Qwertz/EVA_Lights
[LOG 23:09:53.552] Config(Editor_pitchUp) Squad/Controls/Qwertz/Editor_pitchUp
[LOG 23:09:53.552] Config(Editor_pitchDown) Squad/Controls/Qwertz/Editor_pitchDown
[LOG 23:09:53.552] Config(Editor_yawLeft) Squad/Controls/Qwertz/Editor_yawLeft
[LOG 23:09:53.552] Config(Editor_yawRight) Squad/Controls/Qwertz/Editor_yawRight
[LOG 23:09:53.552] Config(Editor_rollLeft) Squad/Controls/Qwertz/Editor_rollLeft
[LOG 23:09:53.552] Config(Editor_rollRight) Squad/Controls/Qwertz/Editor_rollRight
[LOG 23:09:53.552] Config(Editor_resetRotation) Squad/Controls/Qwertz/Editor_resetRotation
[LOG 23:09:53.552] Config(Editor_modePlace) Squad/Controls/Qwertz/Editor_modePlace
[LOG 23:09:53.552] Config(Editor_modeOffset) Squad/Controls/Qwertz/Editor_modeOffset
[LOG 23:09:53.553] Config(Editor_modeRotate) Squad/Controls/Qwertz/Editor_modeRotate
[LOG 23:09:53.553] Config(Editor_modeRoot) Squad/Controls/Qwertz/Editor_modeRoot
[LOG 23:09:53.553] Config(Editor_coordSystem) Squad/Controls/Qwertz/Editor_coordSystem
[LOG 23:09:53.553] Config(Editor_toggleSymMethod) Squad/Controls/Qwertz/Editor_toggleSymMethod
[LOG 23:09:53.553] Config(Editor_toggleSymMode) Squad/Controls/Qwertz/Editor_toggleSymMode
[LOG 23:09:53.553] Config(Editor_toggleAngleSnap) Squad/Controls/Qwertz/Editor_toggleAngleSnap
[LOG 23:09:53.553] Config(Editor_fineTweak) Squad/Controls/Qwertz/Editor_fineTweak
[LOG 23:09:53.553] Config(Editor_partSearch) Squad/Controls/Qwertz/Editor_partSearch
[LOG 23:09:53.553] Config(Editor_zoomScrollModifier) Squad/Controls/Qwertz/Editor_zoomScrollModifier
[LOG 23:09:53.553] Config(MODIFIER_KEY) Squad/Controls/Qwertz/MODIFIER_KEY
[LOG 23:09:53.553] Config(AbortActionGroup) Squad/Controls/Qwertz/AbortActionGroup
[LOG 23:09:53.553] Config(CustomActionGroup1) Squad/Controls/Qwertz/CustomActionGroup1
[LOG 23:09:53.553] Config(CustomActionGroup2) Squad/Controls/Qwertz/CustomActionGroup2
[LOG 23:09:53.553] Config(CustomActionGroup3) Squad/Controls/Qwertz/CustomActionGroup3
[LOG 23:09:53.553] Config(CustomActionGroup4) Squad/Controls/Qwertz/CustomActionGroup4
[LOG 23:09:53.553] Config(CustomActionGroup5) Squad/Controls/Qwertz/CustomActionGroup5
[LOG 23:09:53.553] Config(CustomActionGroup6) Squad/Controls/Qwertz/CustomActionGroup6
[LOG 23:09:53.553] Config(CustomActionGroup7) Squad/Controls/Qwertz/CustomActionGroup7
[LOG 23:09:53.553] Config(CustomActionGroup8) Squad/Controls/Qwertz/CustomActionGroup8
[LOG 23:09:53.553] Config(CustomActionGroup9) Squad/Controls/Qwertz/CustomActionGroup9
[LOG 23:09:53.553] Config(CustomActionGroup10) Squad/Controls/Qwertz/CustomActionGroup10
[LOG 23:09:53.553] Config(KEY_MAP) Squad/Controls/Qwertz/KEY_MAP
[LOG 23:09:53.553] Config(EXPERIENCE_TRAIT) Squad/Experience/Traits/Pilot
[LOG 23:09:53.553] Config(EXPERIENCE_TRAIT) Squad/Experience/Traits/Engineer
[LOG 23:09:53.553] Config(EXPERIENCE_TRAIT) Squad/Experience/Traits/Scientist
[LOG 23:09:53.553] Config(EXPERIENCE_TRAIT) Squad/Experience/Traits/Tourist
[LOG 23:09:53.553] Config(Localization) Squad/Localization/dictionary/Localization
[LOG 23:09:53.553] Config(MISSIONPACK) Squad/Missions/MissionPacks/squad_ESA
[LOG 23:09:53.553] Config(VARIANTTHEME) Squad/Parts/VariantThemes/White
[LOG 23:09:53.553] Config(VARIANTTHEME) Squad/Parts/VariantThemes/BlackAndWhite
[LOG 23:09:53.553] Config(VARIANTTHEME) Squad/Parts/VariantThemes/GrayAndOrange
[LOG 23:09:53.553] Config(VARIANTTHEME) Squad/Parts/VariantThemes/Dark
[LOG 23:09:53.553] Config(VARIANTTHEME) Squad/Parts/VariantThemes/Gray
[LOG 23:09:53.553] Config(VARIANTTHEME) Squad/Parts/VariantThemes/Orange
[LOG 23:09:53.553] Config(VARIANTTHEME) Squad/Parts/VariantThemes/Gold
[LOG 23:09:53.553] Config(VARIANTTHEME) Squad/Parts/VariantThemes/Bare
[LOG 23:09:53.553] Config(VARIANTTHEME) Squad/Parts/VariantThemes/Shroud
[LOG 23:09:53.553] Config(VARIANTTHEME) Squad/Parts/VariantThemes/GrayAndWhite
[LOG 23:09:53.553] Config(VARIANTTHEME) Squad/Parts/VariantThemes/YellowAndWhite
[LOG 23:09:53.553] Config(VARIANTTHEME) Squad/Parts/VariantThemes/Silver
[LOG 23:09:53.554] Config(VARIANTTHEME) Squad/Parts/VariantThemes/Gray with Stripes
[LOG 23:09:53.554] Config(PART) Squad/Parts/Aero/aerodynamicNoseCone/aerodynamicNoseCone/noseCone
[LOG 23:09:53.554] Config(PART) Squad/Parts/Aero/airbrake/Airbrake/airbrake1
[LOG 23:09:53.554] Config(PART) Squad/Parts/Aero/airIntakeRadialXM-G50/airIntakeRadialXM-G50/airScoop
[LOG 23:09:53.554] Config(PART) Squad/Parts/Aero/airlinerWings/ControlSurface/airlinerCtrlSrf
[LOG 23:09:53.554] Config(PART) Squad/Parts/Aero/airlinerWings/MainWing/airlinerMainWing
[LOG 23:09:53.554] Config(PART) Squad/Parts/Aero/airlinerWings/TailFin/airlinerTailFin
[LOG 23:09:53.554] Config(PART) Squad/Parts/Aero/airplaneFins/advancedCanard/AdvancedCanard
[LOG 23:09:53.554] Config(PART) Squad/Parts/Aero/airplaneFins/standardCanard/CanardController
[LOG 23:09:53.554] Config(PART) Squad/Parts/Aero/airplaneFins/sweptWing/sweptWing
[LOG 23:09:53.554] Config(PART) Squad/Parts/Aero/airplaneFins/tailfin/tailfin
[LOG 23:09:53.554] Config(PART) Squad/Parts/Aero/basicFin/basicFin/basicFin
[LOG 23:09:53.554] Config(PART) Squad/Parts/Aero/circularIntake/circularIntake/CircularIntake
[LOG 23:09:53.554] Config(PART) Squad/Parts/Aero/circularIntake/intakeShockCone/shockConeIntake
[LOG 23:09:53.554] Config(PART) Squad/Parts/Aero/cones/avionicsNoseCone/avionicsNoseCone
[LOG 23:09:53.554] Config(PART) Squad/Parts/Aero/cones/ConeA/pointyNoseConeA
[LOG 23:09:53.554] Config(PART) Squad/Parts/Aero/cones/ConeB/pointyNoseConeB
[LOG 23:09:53.554] Config(PART) Squad/Parts/Aero/cones/noseConeAdapter/noseConeAdapter
[LOG 23:09:53.554] Config(PART) Squad/Parts/Aero/cones/protectiveRocketNoseMk7_v2/rocketNoseCone_v2
[LOG 23:09:53.554] Config(PART) Squad/Parts/Aero/cones/protectiveRocketNoseMk7_v3/rocketNoseCone_v3
[LOG 23:09:53.554] Config(PART) Squad/Parts/Aero/cones/rocketNoseCone_size3/rocketNoseConeSize3
[LOG 23:09:53.554] Config(PART) Squad/Parts/Aero/cones/smallNoseCone/standardNoseCone
[LOG 23:09:53.554] Config(PART) Squad/Parts/Aero/cones/tailConnectorA/airplaneTail
[LOG 23:09:53.554] Config(PART) Squad/Parts/Aero/cones/tailConnectorB/airplaneTailB
[LOG 23:09:53.554] Config(PART) Squad/Parts/Aero/fairings/fairingSize1/fairingSize1
[LOG 23:09:53.554] Config(PART) Squad/Parts/Aero/fairings/fairingSize2/fairingSize2
[LOG 23:09:53.554] Config(PART) Squad/Parts/Aero/fairings/fairingSize3/fairingSize3
[LOG 23:09:53.554] Config(PART) Squad/Parts/Aero/HeatShield/HeatShield0/HeatShield0
[LOG 23:09:53.554] Config(PART) Squad/Parts/Aero/HeatShield/HeatShield1/HeatShield1
[LOG 23:09:53.554] Config(PART) Squad/Parts/Aero/HeatShield/HeatShield2/HeatShield2
[LOG 23:09:53.554] Config(PART) Squad/Parts/Aero/HeatShield/HeatShield3/HeatShield3
[LOG 23:09:53.554] Config(PART) Squad/Parts/Aero/InflatableHeatShield/HeatShield/InflatableHeatShield
[LOG 23:09:53.554] Config(PART) Squad/Parts/Aero/intakeRadialLong/intakeRadialLong/IntakeRadialLong
[LOG 23:09:53.554] Config(PART) Squad/Parts/Aero/miniIntake/SmallIntake/miniIntake
[LOG 23:09:53.554] Config(PART) Squad/Parts/Aero/ramAirIntake/ramAirIntake/ramAirIntake
[LOG 23:09:53.555] Config(PART) Squad/Parts/Aero/shuttleWings/delta/wingShuttleDelta
[LOG 23:09:53.555] Config(PART) Squad/Parts/Aero/shuttleWings/elevon1/wingShuttleElevon1
[LOG 23:09:53.555] Config(PART) Squad/Parts/Aero/shuttleWings/elevon2/wingShuttleElevon2
[LOG 23:09:53.555] Config(PART) Squad/Parts/Aero/shuttleWings/rudder/wingShuttleRudder
[LOG 23:09:53.555] Config(PART) Squad/Parts/Aero/shuttleWings/strake/wingShuttleStrake
[LOG 23:09:53.555] Config(PART) Squad/Parts/Aero/wingletAV-R8/wingletAV-R8/R8winglet
[LOG 23:09:53.555] Config(PART) Squad/Parts/Aero/wingletAV-T1/wingletAV-T1/winglet
[LOG 23:09:53.555] Config(PART) Squad/Parts/Aero/wingletDeltaDeluxe/wingletDeltaDeluxe/winglet3
[LOG 23:09:53.555] Config(PART) Squad/Parts/Aero/wings/connector1/wingConnector
[LOG 23:09:53.555] Config(PART) Squad/Parts/Aero/wings/connector2/wingConnector2
[LOG 23:09:53.555] Config(PART) Squad/Parts/Aero/wings/connector3/wingConnector3
[LOG 23:09:53.555] Config(PART) Squad/Parts/Aero/wings/connector4/wingConnector4
[LOG 23:09:53.555] Config(PART) Squad/Parts/Aero/wings/connector5/wingConnector5
[LOG 23:09:53.555] Config(PART) Squad/Parts/Aero/wings/delta/deltaWing
[LOG 23:09:53.555] Config(PART) Squad/Parts/Aero/wings/delta_small/delta_small
[LOG 23:09:53.555] Config(PART) Squad/Parts/Aero/wings/elevon1/StandardCtrlSrf
[LOG 23:09:53.555] Config(PART) Squad/Parts/Aero/wings/elevon2/elevon2
[LOG 23:09:53.555] Config(PART) Squad/Parts/Aero/wings/elevon3/elevon3
[LOG 23:09:53.555] Config(PART) Squad/Parts/Aero/wings/elevon4/smallCtrlSrf
[LOG 23:09:53.555] Config(PART) Squad/Parts/Aero/wings/elevon5/elevon5
[LOG 23:09:53.555] Config(PART) Squad/Parts/Aero/wings/strake/wingStrake
[LOG 23:09:53.555] Config(PART) Squad/Parts/Aero/wings/structural1/structuralWing
[LOG 23:09:53.555] Config(PART) Squad/Parts/Aero/wings/structural2/structuralWing2
[LOG 23:09:53.555] Config(PART) Squad/Parts/Aero/wings/structural3/structuralWing3
[LOG 23:09:53.555] Config(PART) Squad/Parts/Aero/wings/structural4/structuralWing4
[LOG 23:09:53.555] Config(PART) Squad/Parts/Aero/wings/swept1/sweptWing1
[LOG 23:09:53.555] Config(PART) Squad/Parts/Aero/wings/swept2/sweptWing2
[LOG 23:09:53.555] Config(PART) Squad/Parts/Cargo/CargoContainers/cargoContainer/cargoContainer
[LOG 23:09:53.555] Config(PART) Squad/Parts/Cargo/CargoContainers/smallCargoContainer/smallCargoContainer
[LOG 23:09:53.555] Config(PART) Squad/Parts/Cargo/Cylinder/Cylinder/evaCylinder
[LOG 23:09:53.555] Config(PART) Squad/Parts/Cargo/GroundAnchor/groundAnchor/groundAnchor
[LOG 23:09:53.555] Config(PART) Squad/Parts/Cargo/Jetpack/Jetpack/evaJetpack
[LOG 23:09:53.555] Config(PART) Squad/Parts/Cargo/Parachute/Parachute/evaChute
[LOG 23:09:53.555] Config(PART) Squad/Parts/Cargo/RepairKit/RepairKit/evaRepairKit
[LOG 23:09:53.555] Config(PART) Squad/Parts/Cargo/ScienceKit/evaScienceKit/evaScienceKit
[LOG 23:09:53.555] Config(PART) Squad/Parts/Cargo/StorageUnits/CargoStorageUnit/CargoStorageUnit
[LOG 23:09:53.555] Config(PART) Squad/Parts/Cargo/StorageUnits/ConformalStorageUnit/ConformalStorageUnit
[LOG 23:09:53.555] Config(PART) Squad/Parts/Command/advancedSasModuleLarge/advSasModuleLarge/asasmodule1-2
[LOG 23:09:53.555] Config(PART) Squad/Parts/Command/cupola/cupola/cupola
[LOG 23:09:53.555] Config(PART) Squad/Parts/Command/externalCommandSeat/externalCommandSeat/seatExternalCmd
[LOG 23:09:53.555] Config(PART) Squad/Parts/Command/hitchhikerStorageContainer/hitchikerStorageContainer/crewCabin
[LOG 23:09:53.555] Config(PART) Squad/Parts/Command/inlineAdvancedStabilizer/inlineAdvancedStabilizer/advSasModule
[LOG 23:09:53.555] Config(PART) Squad/Parts/Command/inlineReactionWheel/inlineReactionWheel/sasModule
[LOG 23:09:53.556] Config(PART) Squad/Parts/Command/Mk1-3Pod/mk1-3/mk1-3pod
[LOG 23:09:53.556] Config(PART) Squad/Parts/Command/mk1Cockpits/mk1Cockpit/Mark1Cockpit
[LOG 23:09:53.556] Config(PART) Squad/Parts/Command/mk1Cockpits/mk1CrewCabin/MK1CrewCabin
[LOG 23:09:53.556] Config(PART) Squad/Parts/Command/mk1Cockpits/mk1InlineCockpit/Mark2Cockpit
[LOG 23:09:53.556] Config(PART) Squad/Parts/Command/mk1LanderCan/mk1LanderCan/landerCabinSmall
[LOG 23:09:53.556] Config(PART) Squad/Parts/Command/mk1pod_v2/mk1Pod_v2/mk1pod_v2
[LOG 23:09:53.556] Config(PART) Squad/Parts/Command/mk2CockpitInline/mk2CockpitInline/mk2Cockpit_Inline
[LOG 23:09:53.556] Config(PART) Squad/Parts/Command/mk2CockpitStandard/mk2CockpitStandard/mk2Cockpit_Standard
[LOG 23:09:53.556] Config(PART) Squad/Parts/Command/mk2DroneCore/mk2Dronecore/mk2DroneCore
[LOG 23:09:53.556] Config(PART) Squad/Parts/Command/mk2LanderCan/mk2LanderCan/mk2LanderCabin
[LOG 23:09:53.556] Config(PART) Squad/Parts/Command/mk2LanderCan_v2/mk2LanderCan_v2/mk2LanderCabin_v2
[LOG 23:09:53.556] Config(PART) Squad/Parts/Command/mk3CockpitShuttle/mk3CockpitShuttle/mk3Cockpit_Shuttle
[LOG 23:09:53.556] Config(PART) Squad/Parts/Command/MpoProbe/MpoProbe/MpoProbe
[LOG 23:09:53.556] Config(PART) Squad/Parts/Command/MtmStage/MTM_Stage/MtmStage
[LOG 23:09:53.556] Config(PART) Squad/Parts/Command/probeCoreCube/probeCoreCube/probeCoreCube
[LOG 23:09:53.556] Config(PART) Squad/Parts/Command/probeCoreHex/probeCoreHex/probeCoreHex
[LOG 23:09:53.556] Config(PART) Squad/Parts/Command/probeCoreHex_v2/probeCoreHex_v2/probeCoreHex_v2
[LOG 23:09:53.556] Config(PART) Squad/Parts/Command/probeCoreOcto2_v2/probeCoreOcto2_v2/probeCoreOcto2_v2
[LOG 23:09:53.556] Config(PART) Squad/Parts/Command/probeCoreOcto_v2/probeCoreOcto_v2/probeCoreOcto_v2
[LOG 23:09:53.556] Config(PART) Squad/Parts/Command/probeRoverBody/probeRoverBody/roverBody
[LOG 23:09:53.556] Config(PART) Squad/Parts/Command/probeRoverBody_v2/probeRoverBody_v2/roverBody_v2
[LOG 23:09:53.556] Config(PART) Squad/Parts/Command/probeStackLarge/probeStackLarge/probeStackLarge
[LOG 23:09:53.556] Config(PART) Squad/Parts/Command/probeStackSmall/probeStackSmall/probeStackSmall
[LOG 23:09:53.556] Config(PART) Squad/Parts/Command/probeStackSphere_v2/probeStackSphere_v2/probeCoreSphere_v2
[LOG 23:09:53.556] Config(PART) Squad/Parts/CompoundParts/FuelLine/fuelLine/fuelLine
[LOG 23:09:53.556] Config(PART) Squad/Parts/CompoundParts/strutConnector/strutConnector/strutConnector
[LOG 23:09:53.556] Config(PART) Squad/Parts/Coupling/Decoupler_0/Decoupler_0
[LOG 23:09:53.556] Config(PART) Squad/Parts/Coupling/Decoupler_1/Decoupler_1
[LOG 23:09:53.556] Config(PART) Squad/Parts/Coupling/Decoupler_2/Decoupler_2
[LOG 23:09:53.556] Config(PART) Squad/Parts/Coupling/Decoupler_3/Decoupler_3
[LOG 23:09:53.556] Config(PART) Squad/Parts/Coupling/Separator_0/Separator_0
[LOG 23:09:53.556] Config(PART) Squad/Parts/Coupling/Separator_1/Separator_1
[LOG 23:09:53.556] Config(PART) Squad/Parts/Coupling/Separator_2/Separator_2
[LOG 23:09:53.556] Config(PART) Squad/Parts/Coupling/Separator_3/Separator_3
[LOG 23:09:53.556] Config(PART) Squad/Parts/Electrical/10CSolarPanels/OX-10C/solarPanelOX10C
[LOG 23:09:53.556] Config(PART) Squad/Parts/Electrical/10CSolarPanels/SP-10C/solarPanelSP10C
[LOG 23:09:53.556] Config(PART) Squad/Parts/Electrical/10LSolarPanels/OX-10L/solarPanelOX10L
[LOG 23:09:53.556] Config(PART) Squad/Parts/Electrical/10LSolarPanels/SP-10L/solarPanelSP10L
[LOG 23:09:53.556] Config(PART) Squad/Parts/Electrical/1x6ShroudSolarPanels/1x6ShroudSolarPanels/solarPanels2
[LOG 23:09:53.556] Config(PART) Squad/Parts/Electrical/1x6SolarPanels/1x6SolarPanels/solarPanels4
[LOG 23:09:53.556] Config(PART) Squad/Parts/Electrical/3x2ShroudSolarPanels/3x2ShroudSolarPanels/solarPanels1
[LOG 23:09:53.556] Config(PART) Squad/Parts/Electrical/3x2SolarPanels/3x2SolarPanels/solarPanels3
[LOG 23:09:53.556] Config(PART) Squad/Parts/Electrical/gigantorXlSolarArray/gigantorXlSolarArray/largeSolarPanel
[LOG 23:09:53.556] Config(PART) Squad/Parts/Electrical/radialFlatSolarPanel/radialFlatSolarPanel/solarPanels5
[LOG 23:09:53.556] Config(PART) Squad/Parts/Electrical/RTG/RTG/rtg
[LOG 23:09:53.556] Config(PART) Squad/Parts/Electrical/z-100Battery/z-100Battery/batteryPack
[LOG 23:09:53.556] Config(PART) Squad/Parts/Electrical/z-1kBattery/z-1kBattery/batteryBank
[LOG 23:09:53.556] Config(PART) Squad/Parts/Electrical/z-200Battery/z-200Battery/batteryBankMini
[LOG 23:09:53.556] Config(PART) Squad/Parts/Electrical/z-400Battery/z-400Battery/ksp_r_largeBatteryPack
[LOG 23:09:53.556] Config(PART) Squad/Parts/Electrical/z-4kBattery/z-4kBattery/batteryBankLarge
[LOG 23:09:53.556] Config(PART) Squad/Parts/Engine/ionEngine/ionEngine/ionEngine
[LOG 23:09:53.556] Config(PART) Squad/Parts/Engine/jetEngines/jetEngineAfterburning/turboJet
[LOG 23:09:53.556] Config(PART) Squad/Parts/Engine/jetEngines/jetEngineBasic/JetEngine
[LOG 23:09:53.556] Config(PART) Squad/Parts/Engine/jetEngines/jetEngineBig/turboFanSize2
[LOG 23:09:53.556] Config(PART) Squad/Parts/Engine/jetEngines/jetEngineTurbo/turboFanEngine
[LOG 23:09:53.556] Config(PART) Squad/Parts/Engine/liquidEngine24-77/liquidEngine24-77/smallRadialEngine
[LOG 23:09:53.556] Config(PART) Squad/Parts/Engine/liquidEngine24-77_v2/liquidEngine24-77_v2/smallRadialEngine_v2
[LOG 23:09:53.556] Config(PART) Squad/Parts/Engine/liquidEngine48-7S_v2/liquidEngine48-7S_v2/liquidEngineMini_v2
[LOG 23:09:53.556] Config(PART) Squad/Parts/Engine/liquidEngineAerospike/liquidEngineAerospike/toroidalAerospike
[LOG 23:09:53.556] Config(PART) Squad/Parts/Engine/liquidEngineLV-1_v2/liquidEngineLV-1R _v2/radialEngineMini_v2
[LOG 23:09:53.556] Config(PART) Squad/Parts/Engine/liquidEngineLV-1_v2/liquidEngineLV-1_v2/microEngine_v2
[LOG 23:09:53.556] Config(PART) Squad/Parts/Engine/liquidEngineLV-909_v2/liquidEngineLV-909_v2/liquidEngine3_v2
[LOG 23:09:53.556] Config(PART) Squad/Parts/Engine/liquidEngineLV-N/liquidEngineLV-N/nuclearEngine
[LOG 23:09:53.557] Config(PART) Squad/Parts/Engine/liquidEngineLV-T30/liquidEngineLV-T30/liquidEngine
[LOG 23:09:53.557] Config(PART) Squad/Parts/Engine/liquidEngineLV-T30_v2/liquidEngineLV-T30_v2/liquidEngine_v2
[LOG 23:09:53.557] Config(PART) Squad/Parts/Engine/liquidEngineLV-T45/liquidEngineLV-T45/liquidEngine2
[LOG 23:09:53.557] Config(PART) Squad/Parts/Engine/liquidEngineLV-T45_v2/liquidEngineLV-T45_v2/liquidEngine2_v2
[LOG 23:09:53.557] Config(PART) Squad/Parts/Engine/liquidEngineMainsail_v2/liquidEngineMainsail_v2/liquidEngineMainsail_v2
[LOG 23:09:53.557] Config(PART) Squad/Parts/Engine/liquidEngineMk55/liquidEngineMk55/radialLiquidEngine1-2
[LOG 23:09:53.557] Config(PART) Squad/Parts/Engine/liquidEnginePoodle_v2/liquidEnginePoodle_v2/liquidEngine2-2_v2
[LOG 23:09:53.557] Config(PART) Squad/Parts/Engine/liquidEngineSkipper_v2/skipperLiquidEngine_v2/engineLargeSkipper_v2
[LOG 23:09:53.557] Config(PART) Squad/Parts/Engine/liquidEngineSSME/SSME/SSME
[LOG 23:09:53.557] Config(PART) Squad/Parts/Engine/MassiveSRB/part/MassiveBooster
[LOG 23:09:53.557] Config(PART) Squad/Parts/Engine/miniJet/SmallJetEngine/miniJetEngine
[LOG 23:09:53.557] Config(PART) Squad/Parts/Engine/OMSEngine/omsEngine/omsEngine
[LOG 23:09:53.557] Config(PART) Squad/Parts/Engine/rapierEngine/rapierEngine/RAPIER
[LOG 23:09:53.557] Config(PART) Squad/Parts/Engine/Size1_SRBs/solidBoosterRT-10_v2/solidBooster_v2
[LOG 23:09:53.557] Config(PART) Squad/Parts/Engine/Size1_SRBs/solidBoosterRT-5_v2/solidBooster_sm_v2
[LOG 23:09:53.557] Config(PART) Squad/Parts/Engine/Size2LFB/part/Size2LFB
[LOG 23:09:53.557] Config(PART) Squad/Parts/Engine/Size2LFB_v2/part/Size2LFB_v2
[LOG 23:09:53.557] Config(PART) Squad/Parts/Engine/Size3AdvancedEngine/part/Size3AdvancedEngine
[LOG 23:09:53.557] Config(PART) Squad/Parts/Engine/Size3EngineCluster/part/Size3EngineCluster
[LOG 23:09:53.557] Config(PART) Squad/Parts/Engine/solidBoosterBACC/solidBoosterBACC/solidBooster1-1
[LOG 23:09:53.557] Config(PART) Squad/Parts/Engine/solidBoosterS2-17/solidBoosterS2-17/Thoroughbred
[LOG 23:09:53.557] Config(PART) Squad/Parts/Engine/solidBoosterS2-33/solidBoosterS2-33/Clydesdale
[LOG 23:09:53.557] Config(PART) Squad/Parts/Engine/solidBoosterSep/solidBoosterSep/sepMotor1
[LOG 23:09:53.557] Config(PART) Squad/Parts/Engine/SolidBoostersF/SolidBoosterF3S0/Shrimp
[LOG 23:09:53.557] Config(PART) Squad/Parts/Engine/SolidBoostersF/SolidBoosterFM1/Mite
[LOG 23:09:53.557] Config(PART) Squad/Parts/FuelTank/adapterTanks/Mk3-Mk2/adapterMk3-Mk2
[LOG 23:09:53.557] Config(PART) Squad/Parts/FuelTank/adapterTanks/Mk3-ShuttleAdapter/adapterEngines
[LOG 23:09:53.557] Config(PART) Squad/Parts/FuelTank/adapterTanks/Mk3-Size2/adapterMk3-Size2
[LOG 23:09:53.557] Config(PART) Squad/Parts/FuelTank/adapterTanks/Mk3-Size2Slant/adapterMk3-Size2Slant
[LOG 23:09:53.557] Config(PART) Squad/Parts/FuelTank/adapterTanks/Size2-Mk2/adapterSize2-Mk2
[LOG 23:09:53.557] Config(PART) Squad/Parts/FuelTank/adapterTanks/Size2-Size1/adapterSize2-Size1
[LOG 23:09:53.557] Config(PART) Squad/Parts/FuelTank/adapterTanks/Size2-Size1Slant/adapterSize2-Size1Slant
[LOG 23:09:53.557] Config(PART) Squad/Parts/FuelTank/adapterTanks/Size3-Mk3/adapterSize3-Mk3
[LOG 23:09:53.557] Config(PART) Squad/Parts/FuelTank/drainTankFTE-1/ReleaseValve/ReleaseValve
[LOG 23:09:53.557] Config(PART) Squad/Parts/FuelTank/FoilTanks/RadialTank_Capsule/externalTankCapsule
[LOG 23:09:53.557] Config(PART) Squad/Parts/FuelTank/FoilTanks/RadialTank_Round/externalTankRound
[LOG 23:09:53.557] Config(PART) Squad/Parts/FuelTank/FoilTanks/ToroidTank/externalTankToroid
[LOG 23:09:53.557] Config(PART) Squad/Parts/FuelTank/fuelTankOscarB/fuelTankOscarB/miniFuelTank
[LOG 23:09:53.557] Config(PART) Squad/Parts/FuelTank/miniFuselage/miniFuselage/miniFuselage
[LOG 23:09:53.557] Config(PART) Squad/Parts/FuelTank/mk2Adapters/bicoupler/mk2_1m_Bicoupler
[LOG 23:09:53.557] Config(PART) Squad/Parts/FuelTank/mk2Adapters/long/mk2_1m_AdapterLong
[LOG 23:09:53.558] Config(PART) Squad/Parts/FuelTank/mk2Adapters/standard/mk2SpacePlaneAdapter
[LOG 23:09:53.558] Config(PART) Squad/Parts/FuelTank/mk2FuselageLong/LFO_long/mk2FuselageLongLFO
[LOG 23:09:53.558] Config(PART) Squad/Parts/FuelTank/mk2FuselageLong/L_long/mk2Fuselage
[LOG 23:09:53.558] Config(PART) Squad/Parts/FuelTank/mk2FuselageShort/LFO_short/mk2FuselageShortLFO
[LOG 23:09:53.558] Config(PART) Squad/Parts/FuelTank/mk2FuselageShort/L_short/mk2FuselageShortLiquid
[LOG 23:09:53.558] Config(PART) Squad/Parts/FuelTank/mk2FuselageShort/Mono_short/mk2FuselageShortMono
[LOG 23:09:53.558] Config(PART) Squad/Parts/FuelTank/mk3Fuselage/CREW/mk3CrewCabin
[LOG 23:09:53.558] Config(PART) Squad/Parts/FuelTank/mk3Fuselage/LFO_100/mk3FuselageLFO_100
[LOG 23:09:53.558] Config(PART) Squad/Parts/FuelTank/mk3Fuselage/LFO_25/mk3FuselageLFO_25
[LOG 23:09:53.558] Config(PART) Squad/Parts/FuelTank/mk3Fuselage/LFO_50/mk3FuselageLFO_50
[LOG 23:09:53.558] Config(PART) Squad/Parts/FuelTank/mk3Fuselage/LF_100/mk3FuselageLF_100
[LOG 23:09:53.558] Config(PART) Squad/Parts/FuelTank/mk3Fuselage/LF_25/mk3FuselageLF_25
[LOG 23:09:53.558] Config(PART) Squad/Parts/FuelTank/mk3Fuselage/LF_50/mk3FuselageLF_50
[LOG 23:09:53.558] Config(PART) Squad/Parts/FuelTank/mk3Fuselage/MONO/mk3FuselageMONO
[LOG 23:09:53.558] Config(PART) Squad/Parts/FuelTank/RCSFuelTankR1/RCSFuelTankR1/RCSTank1-2
[LOG 23:09:53.558] Config(PART) Squad/Parts/FuelTank/RCSFuelTankR10/RCSFuelTankR10/rcsTankMini
[LOG 23:09:53.558] Config(PART) Squad/Parts/FuelTank/RCSFuelTankR25/RCSFuelTankR25/RCSFuelTank
[LOG 23:09:53.558] Config(PART) Squad/Parts/FuelTank/RCSTankRadial/radialRCSTank/radialRCSTank
[LOG 23:09:53.558] Config(PART) Squad/Parts/FuelTank/RCStankRadialLong/RCSTankRadialLong/rcsTankRadialLong
[LOG 23:09:53.558] Config(PART) Squad/Parts/FuelTank/RockomaxTanks/Rockomax16/Rockomax16_BW
[LOG 23:09:53.558] Config(PART) Squad/Parts/FuelTank/RockomaxTanks/Rockomax32/Rockomax32_BW
[LOG 23:09:53.558] Config(PART) Squad/Parts/FuelTank/RockomaxTanks/Rockomax64/Rockomax64_BW
[LOG 23:09:53.558] Config(PART) Squad/Parts/FuelTank/RockomaxTanks/Rockomax8/Rockomax8BW
[LOG 23:09:53.558] Config(PART) Squad/Parts/FuelTank/Size1_Tanks/fuelTankT100/fuelTankSmallFlat
[LOG 23:09:53.558] Config(PART) Squad/Parts/FuelTank/Size1_Tanks/fuelTankT200/fuelTankSmall
[LOG 23:09:53.558] Config(PART) Squad/Parts/FuelTank/Size1_Tanks/fuelTankT400/fuelTank
[LOG 23:09:53.558] Config(PART) Squad/Parts/FuelTank/Size1_Tanks/fuelTankT800/fuelTank_long
[LOG 23:09:53.558] Config(PART) Squad/Parts/FuelTank/Size3Tanks/large/Size3LargeTank
[LOG 23:09:53.558] Config(PART) Squad/Parts/FuelTank/Size3Tanks/medium/Size3MediumTank
[LOG 23:09:53.558] Config(PART) Squad/Parts/FuelTank/Size3Tanks/small/Size3SmallTank
[LOG 23:09:53.558] Config(PART) Squad/Parts/FuelTank/xenonTank/xenonTank/xenonTank
[LOG 23:09:53.558] Config(PART) Squad/Parts/FuelTank/xenonTankLarge/xenonTankLarge/xenonTankLarge
[LOG 23:09:53.558] Config(PART) Squad/Parts/FuelTank/xenonTankRadial/xenonTankRadial/xenonTankRadial
[LOG 23:09:53.558] Config(PART) Squad/Parts/Misc/AsteroidDay/CamSat/InfraredTelescope
[LOG 23:09:53.558] Config(PART) Squad/Parts/Misc/AsteroidDay/HECS2/HECS2_ProbeCore
[LOG 23:09:53.558] Config(PART) Squad/Parts/Misc/AsteroidDay/HighGainAntenna/HighGainAntenna
[LOG 23:09:53.558] Config(PART) Squad/Parts/Misc/AsteroidDay/LgRadialSolar/LgRadialSolarPanel
[LOG 23:09:53.558] Config(PART) Squad/Parts/Misc/PotatoComet/part/PotatoComet
[LOG 23:09:53.558] Config(PART) Squad/Parts/Misc/PotatoRoid/part/PotatoRoid
[LOG 23:09:53.558] Config(PART) Squad/Parts/Prebuilt/flag/flag
[LOG 23:09:53.558] Config(PART) Squad/Parts/Prebuilt/kerbalEVA/kerbalEVA
[LOG 23:09:53.558] Config(PART) Squad/Parts/Prebuilt/kerbalEVAfemale/kerbalEVAfemale
[LOG 23:09:53.558] Config(PART) Squad/Parts/Prebuilt/kerbalEVASlimSuit/kerbalEVASlimSuit
[LOG 23:09:53.558] Config(PART) Squad/Parts/Prebuilt/kerbalEVASlimSuitFemale/kerbalEVASlimSuitFemale
[LOG 23:09:53.559] Config(PART) Squad/Parts/Resources/FuelCell/FuelCell/FuelCell
[LOG 23:09:53.559] Config(PART) Squad/Parts/Resources/FuelCell/FuelCellArray/FuelCellArray
[LOG 23:09:53.559] Config(PART) Squad/Parts/Resources/ISRU/ISRU/ISRU
[LOG 23:09:53.559] Config(PART) Squad/Parts/Resources/LargeTank/LargeTank/LargeTank
[LOG 23:09:53.559] Config(PART) Squad/Parts/Resources/MiniDrill/MiniDrill/MiniDrill
[LOG 23:09:53.559] Config(PART) Squad/Parts/Resources/MiniISRU/MiniISRU/MiniISRU
[LOG 23:09:53.559] Config(PART) Squad/Parts/Resources/OrbitalScanner/OrbitalScanner/OrbitalScanner
[LOG 23:09:53.559] Config(PART) Squad/Parts/Resources/RadialDrill/RadialDrill/RadialDrill
[LOG 23:09:53.559] Config(PART) Squad/Parts/Resources/RadialTank/RadialTank/RadialOreTank
[LOG 23:09:53.559] Config(PART) Squad/Parts/Resources/SmallTank/SmallTank/SmallTank
[LOG 23:09:53.559] Config(PART) Squad/Parts/Resources/SurfaceScanner/SurfaceScanner/SurfaceScanner
[LOG 23:09:53.559] Config(PART) Squad/Parts/Resources/SurveyScanner/SurveyScanner/SurveyScanner
[LOG 23:09:53.559] Config(PART) Squad/Parts/Science/AtmosphereSensor/sensorAtmosphere/sensorAtmosphere
[LOG 23:09:53.559] Config(PART) Squad/Parts/Science/GooExperiment/gooExperiment/GooExperiment
[LOG 23:09:53.559] Config(PART) Squad/Parts/Science/LargeCrewedLab/largeCrewedLab/Large_Crewed_Lab
[LOG 23:09:53.559] Config(PART) Squad/Parts/Science/Magnetometer/Magnetometer/Magnetometer
[LOG 23:09:53.559] Config(PART) Squad/Parts/Science/MaterialBay/materialBay/science_module
[LOG 23:09:53.559] Config(PART) Squad/Parts/Science/ScienceBox/ScienceBox/ScienceBox
[LOG 23:09:53.559] Config(PART) Squad/Parts/Science/sensorAccelerometer/sensorAccelerometer/sensorAccelerometer
[LOG 23:09:53.559] Config(PART) Squad/Parts/Science/sensorBarometer/sensorBarometer/sensorBarometer
[LOG 23:09:53.559] Config(PART) Squad/Parts/Science/sensorGravimeter/sensorGravimeter/sensorGravimeter
[LOG 23:09:53.559] Config(PART) Squad/Parts/Science/sensorThermometer/sensorThermometer/sensorThermometer
[LOG 23:09:53.559] Config(PART) Squad/Parts/Structural/FLAdapters/adapterSmallMiniShort/adapterSmallMiniShort
[LOG 23:09:53.559] Config(PART) Squad/Parts/Structural/FLAdapters/adapterSmallMiniTall/adapterSmallMiniTall
[LOG 23:09:53.559] Config(PART) Squad/Parts/Structural/mk1Parts/engineBodyRadial/radialEngineBody
[LOG 23:09:53.559] Config(PART) Squad/Parts/Structural/mk1Parts/engineNacelle/nacelleBody
[LOG 23:09:53.559] Config(PART) Squad/Parts/Structural/mk1Parts/mk1Fuselage/MK1Fuselage
[LOG 23:09:53.559] Config(PART) Squad/Parts/Structural/mk1Parts/mk1FuselageIntake/MK1IntakeFuselage
[LOG 23:09:53.559] Config(PART) Squad/Parts/Structural/mk1Parts/mk1Structural/Mk1FuselageStructural
[LOG 23:09:53.559] Config(PART) Squad/Parts/Structural/Size3To2Adapter_v2/Size2to3_v2/Size3To2Adapter_v2
[LOG 23:09:53.559] Config(PART) Squad/Parts/Structural/stackAdapters/adapterLargeSmallBi/adapterLargeSmallBi
[LOG 23:09:53.559] Config(PART) Squad/Parts/Structural/stackAdapters/adapterLargeSmallQuad/adapterLargeSmallQuad
[LOG 23:09:53.559] Config(PART) Squad/Parts/Structural/stackAdapters/adapterLargeSmallTri/adapterLargeSmallTri
[LOG 23:09:53.559] Config(PART) Squad/Parts/Structural/stationHub/stationHub/stationHub
[LOG 23:09:53.559] Config(PART) Squad/Parts/Structural/structuralIBeam200/structuralIBeam200/structuralIBeam2
[LOG 23:09:53.559] Config(PART) Squad/Parts/Structural/structuralIBeam200Pocket/structuralIBeam200Pocket/structuralIBeam3
[LOG 23:09:53.559] Config(PART) Squad/Parts/Structural/structuralIBeam650/structuralIBeam650/structuralIBeam1
[LOG 23:09:53.559] Config(PART) Squad/Parts/Structural/structuralMicronode/structuralMicronode/structuralMiniNode
[LOG 23:09:53.559] Config(PART) Squad/Parts/Structural/structuralPanel1x1/structuralPanel1x1/structuralPanel1
[LOG 23:09:53.559] Config(PART) Squad/Parts/Structural/structuralPanel2x2/structuralPanel2x2/structuralPanel2
[LOG 23:09:53.559] Config(PART) Squad/Parts/Structural/structuralPylons/smallHardpoint/smallHardpoint
[LOG 23:09:53.559] Config(PART) Squad/Parts/Structural/structuralPylons/structuralPylon/structuralPylon
[LOG 23:09:53.559] Config(PART) Squad/Parts/Structural/strutCubicOcto/strutCubicOcto/strutCube
[LOG 23:09:53.559] Config(PART) Squad/Parts/Structural/strutOcto/strutOcto/strutOcto
[LOG 23:09:53.560] Config(PART) Squad/Parts/Structural/trussGirderAdapter/trussGirderAdapter/trussAdapter
[LOG 23:09:53.560] Config(PART) Squad/Parts/Structural/trussGirderL/trussGirderL/trussPiece1x
[LOG 23:09:53.560] Config(PART) Squad/Parts/Structural/trussGirderXL/trussGirderXL/trussPiece3x
[LOG 23:09:53.560] Config(PART) Squad/Parts/Thermal/FoldingRadiators/foldingRadLarge/foldingRadLarge
[LOG 23:09:53.560] Config(PART) Squad/Parts/Thermal/FoldingRadiators/foldingRadMed/foldingRadMed
[LOG 23:09:53.560] Config(PART) Squad/Parts/Thermal/FoldingRadiators/foldingRadSmall/foldingRadSmall
[LOG 23:09:53.560] Config(PART) Squad/Parts/Thermal/RadiatorPanels/radPanelEdge/radPanelEdge
[LOG 23:09:53.560] Config(PART) Squad/Parts/Thermal/RadiatorPanels/radPanelLg/radPanelLg
[LOG 23:09:53.560] Config(PART) Squad/Parts/Thermal/RadiatorPanels/radPanelSm/radPanelSm
[LOG 23:09:53.560] Config(PART) Squad/Parts/Utility/commDish88-88/commDish88-88/commDish
[LOG 23:09:53.560] Config(PART) Squad/Parts/Utility/commsAntennaDTS-M1/commsAntennaDTS-M1/mediumDishAntenna
[LOG 23:09:53.560] Config(PART) Squad/Parts/Utility/commsDish16/commsAntenna16/longAntenna
[LOG 23:09:53.560] Config(PART) Squad/Parts/Utility/decouplerRadialHDM/decouplerRadialHDM/radialDecoupler1-2
[LOG 23:09:53.560] Config(PART) Squad/Parts/Utility/decouplerRadialTT-38K/decouplerRadialTT-38K/radialDecoupler
[LOG 23:09:53.560] Config(PART) Squad/Parts/Utility/decouplerRadialTT-70/decouplerRadialTT-70/radialDecoupler2
[LOG 23:09:53.560] Config(PART) Squad/Parts/Utility/DirectAntennas/C16S/SurfAntenna
[LOG 23:09:53.560] Config(PART) Squad/Parts/Utility/DirectAntennas/HG-5/HighGainAntenna5
[LOG 23:09:53.560] Config(PART) Squad/Parts/Utility/DirectAntennas/HG-5_v2/HighGainAntenna5_v2
[LOG 23:09:53.560] Config(PART) Squad/Parts/Utility/dockingPort/dockingPort/dockingPort2
[LOG 23:09:53.560] Config(PART) Squad/Parts/Utility/dockingPortInline/dockingPortInline/dockingPortLateral
[LOG 23:09:53.560] Config(PART) Squad/Parts/Utility/dockingPortJr/dockingPortJr/dockingPort3
[LOG 23:09:53.560] Config(PART) Squad/Parts/Utility/dockingPortShielded/dockingPortShielded/dockingPort1
[LOG 23:09:53.560] Config(PART) Squad/Parts/Utility/dockingPortSr/dockingPortSr/dockingPortLarge
[LOG 23:09:53.560] Config(PART) Squad/Parts/Utility/Fireworks/fireworksLauncherBig/fireworksLauncherBig
[LOG 23:09:53.560] Config(PART) Squad/Parts/Utility/Fireworks/fireworksLauncherSmall/fireworksLauncherSmall
[LOG 23:09:53.560] Config(PART) Squad/Parts/Utility/flags/flagFlat/flagFlat/flagPartFlat
[LOG 23:09:53.560] Config(PART) Squad/Parts/Utility/flags/flagSize0/flagSize0/flagPartSize0
[LOG 23:09:53.560] Config(PART) Squad/Parts/Utility/flags/flagSize1/flagSize1/flagPartSize1
[LOG 23:09:53.560] Config(PART) Squad/Parts/Utility/flags/flagSize2/flagSize2/flagPartSize2
[LOG 23:09:53.560] Config(PART) Squad/Parts/Utility/flags/flagSize3/flagSize3/flagPartSize3
[LOG 23:09:53.560] Config(PART) Squad/Parts/Utility/GrapplingDevice/part/GrapplingDevice
[LOG 23:09:53.560] Config(PART) Squad/Parts/Utility/ladderRadial/ladderRadial/ladder1
[LOG 23:09:53.560] Config(PART) Squad/Parts/Utility/ladderTelescopic/ladderTelescopic/telescopicLadder
[LOG 23:09:53.560] Config(PART) Squad/Parts/Utility/ladderTelescopicBay/ladderTelescopicBay/telescopicLadderBay
[LOG 23:09:53.560] Config(PART) Squad/Parts/Utility/landingLegLT-1/landingLegLT-1/landingLeg1
[LOG 23:09:53.560] Config(PART) Squad/Parts/Utility/landingLegLT-2/landingLegLT-2/landingLeg1-2
[LOG 23:09:53.560] Config(PART) Squad/Parts/Utility/landingLegLT-5/landingLegLT-5/miniLandingLeg
[LOG 23:09:53.560] Config(PART) Squad/Parts/Utility/launchClamp1/launchClamp1/launchClamp1
[LOG 23:09:53.560] Config(PART) Squad/Parts/Utility/launchEscapeSystem/part/LaunchEscapeSystem
[LOG 23:09:53.560] Config(PART) Squad/Parts/Utility/Lights/domeLight1/domeLight1
[LOG 23:09:53.560] Config(PART) Squad/Parts/Utility/Lights/groundLight1/groundLight1
[LOG 23:09:53.560] Config(PART) Squad/Parts/Utility/Lights/groundLight2/groundLight2
[LOG 23:09:53.560] Config(PART) Squad/Parts/Utility/Lights/navLight1/navLight1
[LOG 23:09:53.560] Config(PART) Squad/Parts/Utility/Lights/spotLight1/spotLight3
[LOG 23:09:53.561] Config(PART) Squad/Parts/Utility/Lights/stripLight1/stripLight1
[LOG 23:09:53.561] Config(PART) Squad/Parts/Utility/linearVernorRCS/linearRCS/linearRcs
[LOG 23:09:53.561] Config(PART) Squad/Parts/Utility/linearVernorRCS/vernorEngine/vernierEngine
[LOG 23:09:53.561] Config(PART) Squad/Parts/Utility/mk2CargoBay/BayL/mk2CargoBayL
[LOG 23:09:53.561] Config(PART) Squad/Parts/Utility/mk2CargoBay/BayS/mk2CargoBayS
[LOG 23:09:53.561] Config(PART) Squad/Parts/Utility/mk2CrewCabin/mk2CrewCabin/mk2CrewCabin
[LOG 23:09:53.561] Config(PART) Squad/Parts/Utility/mk2DockingPort/mk2DockingPort/mk2DockingPort
[LOG 23:09:53.561] Config(PART) Squad/Parts/Utility/mk3CargoBay/long/mk3CargoBayL
[LOG 23:09:53.561] Config(PART) Squad/Parts/Utility/mk3CargoBay/medium/mk3CargoBayM
[LOG 23:09:53.561] Config(PART) Squad/Parts/Utility/mk3CargoBay/ramp/mk3CargoRamp
[LOG 23:09:53.561] Config(PART) Squad/Parts/Utility/mk3CargoBay/short/mk3CargoBayS
[LOG 23:09:53.561] Config(PART) Squad/Parts/Utility/parachuteMk1/parachuteMk1/parachuteSingle
[LOG 23:09:53.561] Config(PART) Squad/Parts/Utility/parachuteMk12-R/parachuteMk12-R/radialDrogue
[LOG 23:09:53.561] Config(PART) Squad/Parts/Utility/parachuteMk16-XL/parachuteMk16-XL/parachuteLarge
[LOG 23:09:53.561] Config(PART) Squad/Parts/Utility/parachuteMk2-R/parachuteMk2-R/parachuteRadial
[LOG 23:09:53.561] Config(PART) Squad/Parts/Utility/parachuteMk25/parachuteMk25/parachuteDrogue
[LOG 23:09:53.561] Config(PART) Squad/Parts/Utility/radialAttachmentPoint/radialAttachmentPoint/stackPoint1
[LOG 23:09:53.561] Config(PART) Squad/Parts/Utility/rcsBlockRV-105_v2/rcsBlockRV-105/RCSBlock_v2
[LOG 23:09:53.561] Config(PART) Squad/Parts/Utility/rcsBlockRV-105_v2/RCSblock_01_small/RCSblock_01_small
[LOG 23:09:53.561] Config(PART) Squad/Parts/Utility/rcsSmallLinear/RCSLinearSmall/RCSLinearSmall
[LOG 23:09:53.561] Config(PART) Squad/Parts/Utility/RelayAntennas/RA-100/RelayAntenna100
[LOG 23:09:53.561] Config(PART) Squad/Parts/Utility/RelayAntennas/RA-5/RelayAntenna5
[LOG 23:09:53.561] Config(PART) Squad/Parts/Utility/RelayAntennas/RA-50/RelayAntenna50
[LOG 23:09:53.561] Config(PART) Squad/Parts/Utility/rockomaxAdapters/largeAdapter/largeAdapter
[LOG 23:09:53.561] Config(PART) Squad/Parts/Utility/rockomaxAdapters/largeAdapterShort/largeAdapter2
[LOG 23:09:53.561] Config(PART) Squad/Parts/Utility/ServiceBay_v2/ServiceBay_125_v2/ServiceBay_125_v2
[LOG 23:09:53.561] Config(PART) Squad/Parts/Utility/ServiceBay_v2/ServiceBay_250_v2/ServiceBay_250_v2
[LOG 23:09:53.561] Config(PART) Squad/Parts/Utility/smallClaw/smallClaw/smallClaw
[LOG 23:09:53.561] Config(PART) Squad/Parts/Utility/spotLightMk1/spotLightMk1/spotLight1
[LOG 23:09:53.561] Config(PART) Squad/Parts/Utility/spotLightMk1_v2/spotLightMk1_v2/spotLight1_v2
[LOG 23:09:53.561] Config(PART) Squad/Parts/Utility/spotLightMk2/spotLightMk2/spotLight2
[LOG 23:09:53.561] Config(PART) Squad/Parts/Utility/spotLightMk2_v2/spotLightMk2_v2/spotLight2_v2
[LOG 23:09:53.561] Config(PART) Squad/Parts/Utility/stackCouplers/stackBiCoupler_v2/stackBiCoupler_v2
[LOG 23:09:53.561] Config(PART) Squad/Parts/Utility/stackCouplers/stackQuadCoupler/stackQuadCoupler
[LOG 23:09:53.561] Config(PART) Squad/Parts/Utility/stackCouplers/stackTriCoupler_v2/stackTriCoupler_v2
[LOG 23:09:53.561] Config(PART) Squad/Parts/Wheel/LandingGear/GearExtraLarge/GearLarge
[LOG 23:09:53.561] Config(PART) Squad/Parts/Wheel/LandingGear/GearFixed/GearFixed
[LOG 23:09:53.561] Config(PART) Squad/Parts/Wheel/LandingGear/GearFree/GearFree
[LOG 23:09:53.561] Config(PART) Squad/Parts/Wheel/LandingGear/GearLarge/GearMedium
[LOG 23:09:53.561] Config(PART) Squad/Parts/Wheel/LandingGear/GearMedium/GearSmall
[LOG 23:09:53.561] Config(PART) Squad/Parts/Wheel/LandingGear/GearSmall/SmallGearBay
[LOG 23:09:53.561] Config(PART) Squad/Parts/Wheel/roverWheelM1/roverWheelM1/roverWheel1
[LOG 23:09:53.562] Config(PART) Squad/Parts/Wheel/roverWheelS2/roverWheelS2/roverWheel2
[LOG 23:09:53.562] Config(PART) Squad/Parts/Wheel/roverWheelTR-2L/roverWheelTR-2L/wheelMed
[LOG 23:09:53.562] Config(PART) Squad/Parts/Wheel/roverWheelXL3/roverWheelXL3/roverWheel3
[LOG 23:09:53.562] Config(PROP) Squad/Props/AltimeterThreeHands/prop/AltimeterThreeHands
[LOG 23:09:53.562] Config(PROP) Squad/Props/AtmosphereDepth/prop/AtmosphereDepth
[LOG 23:09:53.562] Config(PROP) Squad/Props/AxisIndicator/pitchConfig/AxisIndicatorPitch
[LOG 23:09:53.562] Config(PROP) Squad/Props/AxisIndicator/rollConfig/AxisIndicatorRoll
[LOG 23:09:53.562] Config(PROP) Squad/Props/AxisIndicator/yawConfig/AxisIndicatorYaw
[LOG 23:09:53.562] Config(PROP) Squad/Props/buttonsGeneric/circularButton/genericCircularButton
[LOG 23:09:53.562] Config(PROP) Squad/Props/buttonsGeneric/clusterButtons/genericClusterButtons
[LOG 23:09:53.562] Config(PROP) Squad/Props/buttonsGeneric/clusterButtons2/genericClusterButtons2
[LOG 23:09:53.562] Config(PROP) Squad/Props/buttonsGeneric/clusterKnob/genericClusterKnobs
[LOG 23:09:53.562] Config(PROP) Squad/Props/buttonsGeneric/clusterKnob2/genericClusterKnobs2
[LOG 23:09:53.562] Config(PROP) Squad/Props/buttonsGeneric/clusterMixed/genericClusterMixed
[LOG 23:09:53.562] Config(PROP) Squad/Props/buttonsGeneric/clusterSwitches01/genericClusterSwitches01
[LOG 23:09:53.562] Config(PROP) Squad/Props/buttonsGeneric/clusterSwitches02/genericClusterSwitches02
[LOG 23:09:53.562] Config(PROP) Squad/Props/buttonsGeneric/clusterSwitches03/genericClusterSwitches03
[LOG 23:09:53.562] Config(PROP) Squad/Props/buttonsGeneric/clusterSwitches04/genericClusterSwitches04
[LOG 23:09:53.562] Config(PROP) Squad/Props/buttonsGeneric/clusterSwitches05/genericClusterSwitches05
[LOG 23:09:53.562] Config(PROP) Squad/Props/buttonsGeneric/clusterSwitches06/genericClusterSwitches06
[LOG 23:09:53.562] Config(PROP) Squad/Props/buttonsGeneric/clusterSwitches07/genericClusterSwitches07
[LOG 23:09:53.562] Config(PROP) Squad/Props/buttonsGeneric/directionalKnob/genericDirectionalKnob
[LOG 23:09:53.562] Config(PROP) Squad/Props/buttonsGeneric/directionalKnob2/genericDirectionalKnob2
[LOG 23:09:53.562] Config(PROP) Squad/Props/buttonsGeneric/pullSwitch/genericPullSwitch
[LOG 23:09:53.562] Config(PROP) Squad/Props/buttonsGeneric/squareButton/genericSquareButton
[LOG 23:09:53.562] Config(PROP) Squad/Props/buttonsGeneric/standingSwitch/genericStandingSwitch
[LOG 23:09:53.562] Config(PROP) Squad/Props/buttonsGeneric/switch/genericSwitch
[LOG 23:09:53.562] Config(PROP) Squad/Props/buttonsGeneric/switchWithGuards/genericSwitchWithGuards
[LOG 23:09:53.562] Config(PROP) Squad/Props/ButtonSquare/prop/ButtonSquare
[LOG 23:09:53.562] Config(PROP) Squad/Props/circularButton/prop/circularButton
[LOG 23:09:53.562] Config(PROP) Squad/Props/Compass/prop/Compass
[LOG 23:09:53.562] Config(PROP) Squad/Props/directionalKnob/prop/directionalKnob
[LOG 23:09:53.562] Config(PROP) Squad/Props/directionalKnob2/prop/directionalKnob2
[LOG 23:09:53.562] Config(PROP) Squad/Props/IndicatorPanel/prop/IndicatorPanel
[LOG 23:09:53.562] Config(PROP) Squad/Props/IVANavBall/prop/NavBall
[LOG 23:09:53.562] Config(PROP) Squad/Props/IVANavBallNoBase/prop/NavBallNoBase
[LOG 23:09:53.562] Config(PROP) Squad/Props/ledPanelSpeed/prop/ledPanelSpeed
[LOG 23:09:53.562] Config(PROP) Squad/Props/Monitor/DockingMode/MonitorDockingMode
[LOG 23:09:53.562] Config(PROP) Squad/Props/NavBall/prop/NavBall
[LOG 23:09:53.562] Config(PROP) Squad/Props/PropsGeneric/Button_DockingMode/Button_DockingMode
[LOG 23:09:53.562] Config(PROP) Squad/Props/PropsGeneric/CargoBagA/CargoBagA
[LOG 23:09:53.562] Config(PROP) Squad/Props/PropsGeneric/CargoBagB/CargoBagB
[LOG 23:09:53.562] Config(PROP) Squad/Props/PropsGeneric/CargoBagC/CargoBagC
[LOG 23:09:53.562] Config(PROP) Squad/Props/PropsGeneric/Hatch_Plane/Hatch_Plane
[LOG 23:09:53.562] Config(PROP) Squad/Props/PropsGeneric/Hatch_Plane_Curve90/Hatch_Plane_Curve90
[LOG 23:09:53.562] Config(PROP) Squad/Props/PropsGeneric/Hatch_Plane_Frame/Hatch_Plane_Frame
[LOG 23:09:53.562] Config(PROP) Squad/Props/PropsGeneric/Seat_Passenger/Seat_Passenger
[LOG 23:09:53.563] Config(PROP) Squad/Props/PropsGeneric/Seat_Pilot/Seat_Pilot
[LOG 23:09:53.563] Config(PROP) Squad/Props/PropsGeneric/Seat_Pilot_Helmet/Seat_Pilot_Helmet
[LOG 23:09:53.563] Config(PROP) Squad/Props/PropsGeneric/SideStick/SideStick
[LOG 23:09:53.563] Config(PROP) Squad/Props/pullSwitch/prop/pullSwitch
[LOG 23:09:53.563] Config(PROP) Squad/Props/radarAltitude/prop/RadarAltimeter
[LOG 23:09:53.563] Config(PROP) Squad/Props/squareButton/prop/squareButton
[LOG 23:09:53.563] Config(PROP) Squad/Props/standingSwitch/prop/standingSwitch
[LOG 23:09:53.563] Config(PROP) Squad/Props/switch/prop/switch
[LOG 23:09:53.563] Config(PROP) Squad/Props/switchGuard/prop/switchGuard
[LOG 23:09:53.563] Config(PROP) Squad/Props/switchWithGuards/prop/switchWithGuards
[LOG 23:09:53.563] Config(PROP) Squad/Props/throttle/prop/throttle
[LOG 23:09:53.563] Config(PROP) Squad/Props/VSI/prop/VSI
[LOG 23:09:53.563] Config(SPACEOBJECTS_LIMITS) Squad/Resources/CometDefs/SPACEOBJECTS_LIMITS
[LOG 23:09:53.563] Config(COMET_MANAGER) Squad/Resources/CometDefs/COMET_MANAGER
[LOG 23:09:53.563] Config(COMET_ORBIT_TYPE) Squad/Resources/CometDefs/short
[LOG 23:09:53.563] Config(COMET_ORBIT_TYPE) Squad/Resources/CometDefs/intermediate
[LOG 23:09:53.563] Config(COMET_ORBIT_TYPE) Squad/Resources/CometDefs/long
[LOG 23:09:53.563] Config(COMET_ORBIT_TYPE) Squad/Resources/CometDefs/interstellar
[LOG 23:09:53.563] Config(FIREWORKFX_DEFINITION) Squad/Resources/FireworkFXDefinitions/classicTrail
[LOG 23:09:53.563] Config(FIREWORKFX_DEFINITION) Squad/Resources/FireworkFXDefinitions/whirlyTrail
[LOG 23:09:53.563] Config(FIREWORKFX_DEFINITION) Squad/Resources/FireworkFXDefinitions/strobeTrail
[LOG 23:09:53.563] Config(FIREWORKFX_DEFINITION) Squad/Resources/FireworkFXDefinitions/bareTrail
[LOG 23:09:53.563] Config(FIREWORKFX_DEFINITION) Squad/Resources/FireworkFXDefinitions/classicBurst
[LOG 23:09:53.563] Config(FIREWORKFX_DEFINITION) Squad/Resources/FireworkFXDefinitions/chrysBurst
[LOG 23:09:53.563] Config(FIREWORKFX_DEFINITION) Squad/Resources/FireworkFXDefinitions/palmBurst
[LOG 23:09:53.563] Config(FIREWORKFX_DEFINITION) Squad/Resources/FireworkFXDefinitions/ringBurst
[LOG 23:09:53.563] Config(FIREWORKFX_DEFINITION) Squad/Resources/FireworkFXDefinitions/crosetteBurst
[LOG 23:09:53.563] Config(FIREWORKFX_DEFINITION) Squad/Resources/FireworkFXDefinitions/willowBurst
[LOG 23:09:53.563] Config(FIREWORKFX_DEFINITION) Squad/Resources/FireworkFXDefinitions/crackeBurst
[LOG 23:09:53.563] Config(FIREWORKFX_DEFINITION) Squad/Resources/FireworkFXDefinitions/palmCrackleBurst
[LOG 23:09:53.563] Config(FIREWORKFX_DEFINITION) Squad/Resources/FireworkFXDefinitions/dragonBurst
[LOG 23:09:53.563] Config(GLOBAL_RESOURCE) Squad/Resources/Ore/GLOBAL_RESOURCE
[LOG 23:09:53.563] Config(PLANETARY_RESOURCE) Squad/Resources/Ore/PLANETARY_RESOURCE
[LOG 23:09:53.563] Config(PLANETARY_RESOURCE) Squad/Resources/Ore/PLANETARY_RESOURCE
[LOG 23:09:53.563] Config(RESOURCE_OVERLAY_CONFIGURATION_SOLID) Squad/Resources/Overlay/RESOURCE_OVERLAY_CONFIGURATION_SOLID
[LOG 23:09:53.563] Config(RESOURCE_OVERLAY_CONFIGURATION_LINES) Squad/Resources/Overlay/RESOURCE_OVERLAY_CONFIGURATION_LINES
[LOG 23:09:53.563] Config(RESOURCE_OVERLAY_CONFIGURATION_DOTS) Squad/Resources/Overlay/RESOURCE_OVERLAY_CONFIGURATION_DOTS
[LOG 23:09:53.563] Config(RESOURCE_CONFIGURATION) Squad/Resources/ResourceDefaults/RESOURCE_CONFIGURATION
[LOG 23:09:53.563] Config(RESOURCE_DEFINITION) Squad/Resources/ResourcesGeneric/LiquidFuel
[LOG 23:09:53.563] Config(RESOURCE_DEFINITION) Squad/Resources/ResourcesGeneric/Oxidizer
[LOG 23:09:53.563] Config(RESOURCE_DEFINITION) Squad/Resources/ResourcesGeneric/SolidFuel
[LOG 23:09:53.563] Config(RESOURCE_DEFINITION) Squad/Resources/ResourcesGeneric/MonoPropellant
[LOG 23:09:53.563] Config(RESOURCE_DEFINITION) Squad/Resources/ResourcesGeneric/XenonGas
[LOG 23:09:53.563] Config(RESOURCE_DEFINITION) Squad/Resources/ResourcesGeneric/ElectricCharge
[LOG 23:09:53.564] Config(RESOURCE_DEFINITION) Squad/Resources/ResourcesGeneric/IntakeAir
[LOG 23:09:53.564] Config(RESOURCE_DEFINITION) Squad/Resources/ResourcesGeneric/EVA Propellant
[LOG 23:09:53.564] Config(RESOURCE_DEFINITION) Squad/Resources/ResourcesGeneric/Ore
[LOG 23:09:53.564] Config(RESOURCE_DEFINITION) Squad/Resources/ResourcesGeneric/Ablator
[LOG 23:09:53.564] Config(EXPERIMENT_DEFINITION) Squad/Resources/ScienceDefs/EXPERIMENT_DEFINITION
[LOG 23:09:53.564] Config(EXPERIMENT_DEFINITION) Squad/Resources/ScienceDefs/EXPERIMENT_DEFINITION
[LOG 23:09:53.564] Config(EXPERIMENT_DEFINITION) Squad/Resources/ScienceDefs/EXPERIMENT_DEFINITION
[LOG 23:09:53.564] Config(EXPERIMENT_DEFINITION) Squad/Resources/ScienceDefs/EXPERIMENT_DEFINITION
[LOG 23:09:53.564] Config(EXPERIMENT_DEFINITION) Squad/Resources/ScienceDefs/EXPERIMENT_DEFINITION
[LOG 23:09:53.564] Config(EXPERIMENT_DEFINITION) Squad/Resources/ScienceDefs/EXPERIMENT_DEFINITION
[LOG 23:09:53.564] Config(EXPERIMENT_DEFINITION) Squad/Resources/ScienceDefs/EXPERIMENT_DEFINITION
[LOG 23:09:53.564] Config(EXPERIMENT_DEFINITION) Squad/Resources/ScienceDefs/EXPERIMENT_DEFINITION
[LOG 23:09:53.564] Config(EXPERIMENT_DEFINITION) Squad/Resources/ScienceDefs/EXPERIMENT_DEFINITION
[LOG 23:09:53.564] Config(EXPERIMENT_DEFINITION) Squad/Resources/ScienceDefs/EXPERIMENT_DEFINITION
[LOG 23:09:53.564] Config(EXPERIMENT_DEFINITION) Squad/Resources/ScienceDefs/EXPERIMENT_DEFINITION
[LOG 23:09:53.564] Config(EXPERIMENT_DEFINITION) Squad/Resources/ScienceDefs/EXPERIMENT_DEFINITION
[LOG 23:09:53.564] Config(EXPERIMENT_DEFINITION) Squad/Resources/ScienceDefs/EXPERIMENT_DEFINITION
[LOG 23:09:53.564] Config(EXPERIMENT_DEFINITION) Squad/Resources/ScienceDefs/EXPERIMENT_DEFINITION
[LOG 23:09:53.564] Config(EXPERIMENT_DEFINITION) Squad/Resources/ScienceDefs/EXPERIMENT_DEFINITION
[LOG 23:09:53.564] Config(EXPERIMENT_DEFINITION) Squad/Resources/ScienceDefs/EXPERIMENT_DEFINITION
[LOG 23:09:53.564] Config(EXPERIMENT_DEFINITION) Squad/Resources/ScienceDefs/EXPERIMENT_DEFINITION
[LOG 23:09:53.564] Config(EXPERIMENT_DEFINITION) Squad/Resources/ScienceDefs/EXPERIMENT_DEFINITION
[LOG 23:09:53.564] Config(STORY_DEF) Squad/Resources/StoryDefs/STORY_DEF
[LOG 23:09:53.564] Config(TechTree) Squad/Resources/TechTree/TechTree
[LOG 23:09:53.564] Config(INTERNAL) Squad/Spaces/crewCabinInternals/internal/crewCabinInternals
[LOG 23:09:53.564] Config(INTERNAL) Squad/Spaces/cupolaInternal/internal/cupolaInternal
[LOG 23:09:53.564] Config(INTERNAL) Squad/Spaces/GenericSpace1/internal/GenericSpace1
[LOG 23:09:53.564] Config(INTERNAL) Squad/Spaces/GenericSpace3/internal/GenericSpace3
[LOG 23:09:53.564] Config(INTERNAL) Squad/Spaces/landerCabinInternals/internal/landerCabinInternals
[LOG 23:09:53.564] Config(INTERNAL) Squad/Spaces/landerCabinSmallInternal/internal/landerCabinSmallInternal
[LOG 23:09:53.564] Config(INTERNAL) Squad/Spaces/LargeCrewedLabInternals/internal/Mobile_Processing_Lab_Int
[LOG 23:09:53.564] Config(INTERNAL) Squad/Spaces/Mk1-3/internal/Mk1-3
[LOG 23:09:53.564] Config(INTERNAL) Squad/Spaces/mk1CabinInternal/internal/mk1CabinInternal
[LOG 23:09:53.564] Config(INTERNAL) Squad/Spaces/mk1CockpitInternal/internal/mk1CockpitInternal
[LOG 23:09:53.564] Config(INTERNAL) Squad/Spaces/mk1InlineInternal/internal/mk1InlineInternal
[LOG 23:09:53.564] Config(INTERNAL) Squad/Spaces/mk1PodCockpit/internal/mk1PodCockpit
[LOG 23:09:53.564] Config(INTERNAL) Squad/Spaces/mk1pod_IVA/mk1pod_Internal/mk1pod_IVA
[LOG 23:09:53.564] Config(INTERNAL) Squad/Spaces/mk2CockpitStandardInternal/internal/mk2CockpitStandardInternals
[LOG 23:09:53.564] Config(INTERNAL) Squad/Spaces/Mk2CrewCabinInternal/internal_MK2_CrewCab/MK2_CrewCab_Int
[LOG 23:09:53.564] Config(INTERNAL) Squad/Spaces/mk2InlineInternal/internal/mk2InlineInternal
[LOG 23:09:53.564] Config(INTERNAL) Squad/Spaces/mk2LanderCanInternal/internal/mk2LanderCanInternal
[LOG 23:09:53.565] Config(INTERNAL) Squad/Spaces/MK3CockpitInternal/internal_MK3/MK3_Cockpit_Int
[LOG 23:09:53.565] Config(INTERNAL) Squad/Spaces/MK3_CrewCab_Int/internal_MK3_CrewCab/MK3_CrewCab_Int
[LOG 23:09:53.565] Config(INTERNAL) Squad/Spaces/Placeholder/internal/Placeholder
[LOG 23:09:53.565] Config(INTERNAL) Squad/Spaces/PodCockpit/internal/PodCockpit
[LOG 23:09:53.565] Config(STRATEGY_DEPARTMENT) Squad/Strategies/Departments/Finances
[LOG 23:09:53.565] Config(STRATEGY_DEPARTMENT) Squad/Strategies/Departments/Science
[LOG 23:09:53.565] Config(STRATEGY_DEPARTMENT) Squad/Strategies/Departments/Public Relations
[LOG 23:09:53.565] Config(STRATEGY_DEPARTMENT) Squad/Strategies/Departments/Operations
[LOG 23:09:53.565] Config(STRATEGY) Squad/Strategies/Strategies/AppreciationCampaignCfg
[LOG 23:09:53.565] Config(STRATEGY) Squad/Strategies/Strategies/FundraisingCampaignCfg
[LOG 23:09:53.565] Config(STRATEGY) Squad/Strategies/Strategies/OpenSourceTechProgramCfg
[LOG 23:09:53.565] Config(STRATEGY) Squad/Strategies/Strategies/UnpaidResearchProgramCfg
[LOG 23:09:53.565] Config(STRATEGY) Squad/Strategies/Strategies/OutsourcedResearchCfg
[LOG 23:09:53.565] Config(STRATEGY) Squad/Strategies/Strategies/PatentsLicensingCfg
[LOG 23:09:53.565] Config(STRATEGY) Squad/Strategies/Strategies/AgressiveNegotiations
[LOG 23:09:53.565] Config(STRATEGY) Squad/Strategies/Strategies/RecoveryTransponders
[LOG 23:09:53.565] Config(STRATEGY) Squad/Strategies/Strategies/BailoutGrant
[LOG 23:09:53.565] Config(STRATEGY) Squad/Strategies/Strategies/researchIPsellout
[LOG 23:09:53.565] Config(STRATEGY) Squad/Strategies/Strategies/LeadershipInitiative
[LOG 23:09:53.565] Config(TUTORIAL) Squad/Tutorials/FlightSuborbital/FlightSuborbital
[LOG 23:09:53.565] Config(TUTORIAL) Squad/Tutorials/FromMun/FromMun
[LOG 23:09:53.565] Config(TUTORIAL) Squad/Tutorials/GoForOrbit/GoForOrbit
[LOG 23:09:53.565] Config(MISSIONPACK) SquadExpansion/MakingHistory/Missions/MissionPacks/squad_MakingHistory
[LOG 23:09:53.565] Config(MISSIONPACK) SquadExpansion/MakingHistory/Missions/MissionPacks/squad_MakingHistory_Other
[LOG 23:09:53.565] Config(MISSIONPACK) SquadExpansion/MakingHistory/Missions/MissionPacks/squad_MakingHistory_Tutorial
[LOG 23:09:53.565] Config(MEBASICNODE) SquadExpansion/MakingHistory/Nodes/AccuracyLogic/TestAccuracyLogic
[LOG 23:09:53.565] Config(MEBASICNODE) SquadExpansion/MakingHistory/Nodes/ActionChancePartResourceLevels/ActionPartResourceAmount
[LOG 23:09:53.565] Config(MEBASICNODE) SquadExpansion/MakingHistory/Nodes/ActionExplode/ActionVesselExplode
[LOG 23:09:53.565] Config(MEBASICNODE) SquadExpansion/MakingHistory/Nodes/ActionMissionScore/MissionScore
[LOG 23:09:53.565] Config(MEBASICNODE) SquadExpansion/MakingHistory/Nodes/ActionModifierFunds/ModifyFunds
[LOG 23:09:53.565] Config(MEBASICNODE) SquadExpansion/MakingHistory/Nodes/ActionModifierScore/MissionScore
[LOG 23:09:53.565] Config(MEBASICNODE) SquadExpansion/MakingHistory/Nodes/ActionPartExplode/ActionPartExplode
[LOG 23:09:53.565] Config(MEBASICNODE) SquadExpansion/MakingHistory/Nodes/ActionPartResourceDrain/ActionPartResourceDrain
[LOG 23:09:53.565] Config(MEBASICNODE) SquadExpansion/MakingHistory/Nodes/ActionVesselActionGroup/ActionVesselActionGroup
[LOG 23:09:53.565] Config(MEBASICNODE) SquadExpansion/MakingHistory/Nodes/ActionVesselStage/ActionVesselStage
[LOG 23:09:53.565] Config(MEBASICNODE) SquadExpansion/MakingHistory/Nodes/CreateAsteroid/CreateAsteroid
[LOG 23:09:53.565] Config(MEBASICNODE) SquadExpansion/MakingHistory/Nodes/CreateComet/CreateComet
[LOG 23:09:53.565] Config(MEBASICNODE) SquadExpansion/MakingHistory/Nodes/CreateFlag/CreateFlag
[LOG 23:09:53.565] Config(MEBASICNODE) SquadExpansion/MakingHistory/Nodes/CreateLaunchSite/CreateLaunchSite
[LOG 23:09:53.565] Config(MEBASICNODE) SquadExpansion/MakingHistory/Nodes/CreateVessel/CreateVessel
[LOG 23:09:53.565] Config(MEBASICNODE) SquadExpansion/MakingHistory/Nodes/CrewAssignment/TestCrewAssignment
[LOG 23:09:53.565] Config(MEBASICNODE) SquadExpansion/MakingHistory/Nodes/Destroyed/Crashed
[LOG 23:09:53.565] Config(MEBASICNODE) SquadExpansion/MakingHistory/Nodes/DialogMessage/DialogMessage
[LOG 23:09:53.565] Config(MEBASICNODE) SquadExpansion/MakingHistory/Nodes/Distance/Distance
[LOG 23:09:53.566] Config(MEBASICNODE) SquadExpansion/MakingHistory/Nodes/EmptyFalse/EmptyFalse
[LOG 23:09:53.566] Config(MEBASICNODE) SquadExpansion/MakingHistory/Nodes/EmptyTrue/EmptyTrue
[LOG 23:09:53.566] Config(MEBASICNODE) SquadExpansion/MakingHistory/Nodes/EscapeSOI/SOILeft
[LOG 23:09:53.566] Config(MEBASICNODE) SquadExpansion/MakingHistory/Nodes/EVA/EVA
[LOG 23:09:53.566] Config(MEBASICNODE) SquadExpansion/MakingHistory/Nodes/Flying/Flying
[LOG 23:09:53.566] Config(MEBASICNODE) SquadExpansion/MakingHistory/Nodes/FundsRecovery/FundsRecovery
[LOG 23:09:53.566] Config(MEBASICNODE) SquadExpansion/MakingHistory/Nodes/KerbalBoarded/TestKerbalBoarded
[LOG 23:09:53.566] Config(MEBASICNODE) SquadExpansion/MakingHistory/Nodes/KerbalKilled/EVA
[LOG 23:09:53.566] Config(MEBASICNODE) SquadExpansion/MakingHistory/Nodes/KerbalRecovery/KerbalRecovery
[LOG 23:09:53.566] Config(MEBASICNODE) SquadExpansion/MakingHistory/Nodes/KerbalRescue/KerbalRescue
[LOG 23:09:53.566] Config(MEBASICNODE) SquadExpansion/MakingHistory/Nodes/Landed/Landed
[LOG 23:09:53.566] Config(MEBASICNODE) SquadExpansion/MakingHistory/Nodes/Message/Message
[LOG 23:09:53.566] Config(MEBASICNODE) SquadExpansion/MakingHistory/Nodes/MissionFunds/MissionFunds
[LOG 23:09:53.566] Config(MEBASICNODE) SquadExpansion/MakingHistory/Nodes/MissionScore/MissionScore
[LOG 23:09:53.566] Config(MEBASICNODE) SquadExpansion/MakingHistory/Nodes/Orbit/Orbit
[LOG 23:09:53.566] Config(MEBASICNODE) SquadExpansion/MakingHistory/Nodes/OrbitParams/OrbitParams
[LOG 23:09:53.566] Config(MEBASICNODE) SquadExpansion/MakingHistory/Nodes/PartDocking/TestPartDocking
[LOG 23:09:53.566] Config(MEBASICNODE) SquadExpansion/MakingHistory/Nodes/PartFailure/PartFailure
[LOG 23:09:53.566] Config(MEBASICNODE) SquadExpansion/MakingHistory/Nodes/PartGrapple/TestGrapple
[LOG 23:09:53.566] Config(MEBASICNODE) SquadExpansion/MakingHistory/Nodes/PartRepair/PartRepair
[LOG 23:09:53.566] Config(MEBASICNODE) SquadExpansion/MakingHistory/Nodes/PlaceKerbal/CreateKerbal
[LOG 23:09:53.566] Config(MEBASICNODE) SquadExpansion/MakingHistory/Nodes/PlantFlag/PlantFlag
[LOG 23:09:53.566] Config(MEBASICNODE) SquadExpansion/MakingHistory/Nodes/ReachSOI/ReachSOI
[LOG 23:09:53.566] Config(MEBASICNODE) SquadExpansion/MakingHistory/Nodes/Resource/ResourceAmount
[LOG 23:09:53.566] Config(MEBASICNODE) SquadExpansion/MakingHistory/Nodes/ResourceRecovery/TestResourcesRecovery
[LOG 23:09:53.566] Config(MEBASICNODE) SquadExpansion/MakingHistory/Nodes/ScienceExperiment/ScienceExperiment
[LOG 23:09:53.566] Config(MEBASICNODE) SquadExpansion/MakingHistory/Nodes/SetCamera/SetCamera
[LOG 23:09:53.566] Config(MEBASICNODE) SquadExpansion/MakingHistory/Nodes/SplashDown/SplashDown
[LOG 23:09:53.566] Config(MEBASICNODE) SquadExpansion/MakingHistory/Nodes/StageActivated/TestVesselStageActivated
[LOG 23:09:53.566] Config(MEBASICNODE) SquadExpansion/MakingHistory/Nodes/TakeKerbal/TestTakeKerbal
[LOG 23:09:53.566] Config(MEBASICNODE) SquadExpansion/MakingHistory/Nodes/TestFlyThrough/TestFlyThrough
[LOG 23:09:53.566] Config(MEBASICNODE) SquadExpansion/MakingHistory/Nodes/TestGoTo/TestGoTo
[LOG 23:09:53.566] Config(MEBASICNODE) SquadExpansion/MakingHistory/Nodes/TimeMET/TimeMET
[LOG 23:09:53.566] Config(MEBASICNODE) SquadExpansion/MakingHistory/Nodes/TimeOfMission/TimeOfMission
[LOG 23:09:53.566] Config(MEBASICNODE) SquadExpansion/MakingHistory/Nodes/TimeSinceNode/TestTimeSinceNode
[LOG 23:09:53.566] Config(MEBASICNODE) SquadExpansion/MakingHistory/Nodes/VesselActiveCount/TestVesselActiveCount
[LOG 23:09:53.566] Config(MEBASICNODE) SquadExpansion/MakingHistory/Nodes/VesselAltitudeGoal/VesselAltitudeGoal
[LOG 23:09:53.566] Config(MEBASICNODE) SquadExpansion/MakingHistory/Nodes/VesselCrewCount/VeselCrewCount
[LOG 23:09:53.566] Config(MEBASICNODE) SquadExpansion/MakingHistory/Nodes/VesselMassLogic/VesselMass
[LOG 23:09:53.566] Config(MEBASICNODE) SquadExpansion/MakingHistory/Nodes/VesselPartCount/PartCount
[LOG 23:09:53.566] Config(MEBASICNODE) SquadExpansion/MakingHistory/Nodes/VesselRecovery/TestVesselRecovery
[LOG 23:09:53.566] Config(MEBASICNODE) SquadExpansion/MakingHistory/Nodes/VesselStage/TestVesselStage
[LOG 23:09:53.566] Config(MEBASICNODE) SquadExpansion/MakingHistory/Nodes/VesselVelocity/VesselVelocity
[LOG 23:09:53.566] Config(PART) SquadExpansion/MakingHistory/Parts/Aero/protectiveRocketNoseMk16/rocketNoseCone_size4/rocketNoseConeSize4
[LOG 23:09:53.566] Config(PART) SquadExpansion/MakingHistory/Parts/Aero/protectiveRocketNoseMk5A/Size_1_5_Cone/Size_1_5_Cone
[LOG 23:09:53.566] Config(PART) SquadExpansion/MakingHistory/Parts/Coupling/Decoupler_1p5/Decoupler_1p5
[LOG 23:09:53.567] Config(PART) SquadExpansion/MakingHistory/Parts/Coupling/Decoupler_4/Decoupler_4
[LOG 23:09:53.567] Config(PART) SquadExpansion/MakingHistory/Parts/Coupling/EnginePlate_1p5/EnginePlate1p5
[LOG 23:09:53.567] Config(PART) SquadExpansion/MakingHistory/Parts/Coupling/EnginePlate_2/EnginePlate2
[LOG 23:09:53.567] Config(PART) SquadExpansion/MakingHistory/Parts/Coupling/EnginePlate_3/EnginePlate3
[LOG 23:09:53.567] Config(PART) SquadExpansion/MakingHistory/Parts/Coupling/EnginePlate_4/EnginePlate4
[LOG 23:09:53.567] Config(PART) SquadExpansion/MakingHistory/Parts/Coupling/EnginePlate_5/EnginePlate5
[LOG 23:09:53.567] Config(PART) SquadExpansion/MakingHistory/Parts/Coupling/InflatableAirlock/InflatableAirlock
[LOG 23:09:53.567] Config(PART) SquadExpansion/MakingHistory/Parts/Coupling/Separator_1p5/Separator_1p5
[LOG 23:09:53.567] Config(PART) SquadExpansion/MakingHistory/Parts/Coupling/Separator_4/Separator_4
[LOG 23:09:53.567] Config(PART) SquadExpansion/MakingHistory/Parts/Coupling/Size1p5_Strut_Decoupler/Size1p5_Strut_Decoupler
[LOG 23:09:53.567] Config(PART) SquadExpansion/MakingHistory/Parts/Engine/LiquidEngineKE-1/LiquidEngineKE-1
[LOG 23:09:53.567] Config(PART) SquadExpansion/MakingHistory/Parts/Engine/LiquidEngineLV-T91/LiquidEngineLV-T91
[LOG 23:09:53.567] Config(PART) SquadExpansion/MakingHistory/Parts/Engine/LiquidEngineLV-TX87/LiquidEngineLV-TX87
[LOG 23:09:53.567] Config(PART) SquadExpansion/MakingHistory/Parts/Engine/LiquidEngineRE-I2/LiquidEngineRE-I2
[LOG 23:09:53.567] Config(PART) SquadExpansion/MakingHistory/Parts/Engine/LiquidEngineRE-J10/LiquidEngineRE-J10
[LOG 23:09:53.567] Config(PART) SquadExpansion/MakingHistory/Parts/Engine/LiquidEngineRK-7/LiquidEngineRK-7
[LOG 23:09:53.567] Config(PART) SquadExpansion/MakingHistory/Parts/Engine/LiquidEngineRV-1/LiquidEngineRV-1
[LOG 23:09:53.567] Config(PART) SquadExpansion/MakingHistory/Parts/Engine/solidBoosterTHK/solidBoosterTHK/Pollux
[LOG 23:09:53.567] Config(PART) SquadExpansion/MakingHistory/Parts/FuelTank/MonoPropMini/monopropMiniSphere
[LOG 23:09:53.567] Config(PART) SquadExpansion/MakingHistory/Parts/FuelTank/Size1p5_Monoprop/Size1p5_Monoprop
[LOG 23:09:53.567] Config(PART) SquadExpansion/MakingHistory/Parts/FuelTank/Size1p5_Size0_Adapter_01/Size1p5_Size0_Adapter_01
[LOG 23:09:53.568] Config(PART) SquadExpansion/MakingHistory/Parts/FuelTank/Size1p5_Size1_Adapter_01/Size1p5_Size1_Adapter_01
[LOG 23:09:53.568] Config(PART) SquadExpansion/MakingHistory/Parts/FuelTank/Size1p5_Size1_Adapter_02/Size1p5_Size1_Adapter_02
[LOG 23:09:53.568] Config(PART) SquadExpansion/MakingHistory/Parts/FuelTank/Size1p5_Size2_Adapter_01/Size1p5_Size2_Adapter_01
[LOG 23:09:53.568] Config(PART) SquadExpansion/MakingHistory/Parts/FuelTank/Size1p5_Tank_01/Size1p5_Tank_01
[LOG 23:09:53.568] Config(PART) SquadExpansion/MakingHistory/Parts/FuelTank/Size1p5_Tank_02/Size1p5_Tank_02
[LOG 23:09:53.568] Config(PART) SquadExpansion/MakingHistory/Parts/FuelTank/Size1p5_Tank_03/Size1p5_Tank_03
[LOG 23:09:53.568] Config(PART) SquadExpansion/MakingHistory/Parts/FuelTank/Size1p5_Tank_04/Size1p5_Tank_04
[LOG 23:09:53.568] Config(PART) SquadExpansion/MakingHistory/Parts/FuelTank/Size1p5_Tank_05/Size1p5_Tank_05
[LOG 23:09:53.568] Config(PART) SquadExpansion/MakingHistory/Parts/FuelTank/Size3_Size4_Adapter_01/Size3_Size4_Adapter_01
[LOG 23:09:53.568] Config(PART) SquadExpansion/MakingHistory/Parts/FuelTank/Size4_EngineAdapter_01/Size4_EngineAdapter_01
[LOG 23:09:53.568] Config(PART) SquadExpansion/MakingHistory/Parts/FuelTank/Size4_Tank_01/Size4_Tank_01
[LOG 23:09:53.568] Config(PART) SquadExpansion/MakingHistory/Parts/FuelTank/Size4_Tank_02/Size4_Tank_02
[LOG 23:09:53.568] Config(PART) SquadExpansion/MakingHistory/Parts/FuelTank/Size4_Tank_03/Size4_Tank_03
[LOG 23:09:53.568] Config(PART) SquadExpansion/MakingHistory/Parts/FuelTank/Size4_Tank_04/Size4_Tank_04
[LOG 23:09:53.568] Config(PART) SquadExpansion/MakingHistory/Parts/Ground/RoverWheel/roverWheelM1-F
[LOG 23:09:53.568] Config(PART) SquadExpansion/MakingHistory/Parts/Payload/fairingSize1p5/fairingSize1p5
[LOG 23:09:53.568] Config(PART) SquadExpansion/MakingHistory/Parts/Payload/fairingSize4/fairingSize4
[LOG 23:09:53.568] Config(PART) SquadExpansion/MakingHistory/Parts/Payload/Size1to0ServiceModule/Size1to0ServiceModule
[LOG 23:09:53.568] Config(PART) SquadExpansion/MakingHistory/Parts/Payload/SM18/ServiceModule18
[LOG 23:09:53.568] Config(PART) SquadExpansion/MakingHistory/Parts/Payload/SM25/ServiceModule25
[LOG 23:09:53.568] Config(PART) SquadExpansion/MakingHistory/Parts/Pods/KV1Pod/kv1Pod
[LOG 23:09:53.568] Config(PART) SquadExpansion/MakingHistory/Parts/Pods/KV2Pod/kv2Pod
[LOG 23:09:53.568] Config(PART) SquadExpansion/MakingHistory/Parts/Pods/KV3Pod/kv3Pod
[LOG 23:09:53.568] Config(PART) SquadExpansion/MakingHistory/Parts/Pods/Mk2Pod/Mk2Pod
[LOG 23:09:53.568] Config(PART) SquadExpansion/MakingHistory/Parts/Pods/Size1_5_Lander/MEMLander
[LOG 23:09:53.568] Config(PART) SquadExpansion/MakingHistory/Parts/Prebuilt/kerbalEVAfemaleVintage/kerbalEVAfemaleVintage
[LOG 23:09:53.568] Config(PART) SquadExpansion/MakingHistory/Parts/Prebuilt/kerbalEVAVintage/kerbalEVAVintage
[LOG 23:09:53.568] Config(PART) SquadExpansion/MakingHistory/Parts/Structural/EquiTriangle0/EquiTriangle0
[LOG 23:09:53.568] Config(PART) SquadExpansion/MakingHistory/Parts/Structural/EquiTriangle1/EquiTriangle1
[LOG 23:09:53.568] Config(PART) SquadExpansion/MakingHistory/Parts/Structural/EquiTriangle1p5/EquiTriangle1p5
[LOG 23:09:53.568] Config(PART) SquadExpansion/MakingHistory/Parts/Structural/EquiTriangle2/EquiTriangle2
[LOG 23:09:53.568] Config(PART) SquadExpansion/MakingHistory/Parts/Structural/Panel0/Panel0
[LOG 23:09:53.568] Config(PART) SquadExpansion/MakingHistory/Parts/Structural/Panel1/Panel1
[LOG 23:09:53.568] Config(PART) SquadExpansion/MakingHistory/Parts/Structural/Panel1p5/Panel1p5
[LOG 23:09:53.568] Config(PART) SquadExpansion/MakingHistory/Parts/Structural/Panel2/Panel2
[LOG 23:09:53.568] Config(PART) SquadExpansion/MakingHistory/Parts/Structural/Triangle0/Triangle0
[LOG 23:09:53.568] Config(PART) SquadExpansion/MakingHistory/Parts/Structural/Triangle1/Triangle1
[LOG 23:09:53.568] Config(PART) SquadExpansion/MakingHistory/Parts/Structural/Triangle1p5/Triangle1p5
[LOG 23:09:53.568] Config(PART) SquadExpansion/MakingHistory/Parts/Structural/Triangle2/Triangle2
[LOG 23:09:53.568] Config(PART) SquadExpansion/MakingHistory/Parts/Structural/Tube1/Tube1
[LOG 23:09:53.568] Config(PART) SquadExpansion/MakingHistory/Parts/Structural/Tube1p5/Tube1p5
[LOG 23:09:53.568] Config(PART) SquadExpansion/MakingHistory/Parts/Structural/Tube2/Tube2
[LOG 23:09:53.568] Config(PART) SquadExpansion/MakingHistory/Parts/Structural/Tube3/Tube3
[LOG 23:09:53.568] Config(PART) SquadExpansion/MakingHistory/Parts/Structural/Tube4/Tube4
[LOG 23:09:53.569] Config(PART) SquadExpansion/MakingHistory/Parts/Thermal/HeatShield1p5/HeatShield1p5
[LOG 23:09:53.569] Config(PART) SquadExpansion/MakingHistory/Parts/Utility/flags/flagSize1p5/flagSize1p5/flagPartSize1p5
[LOG 23:09:53.569] Config(PART) SquadExpansion/MakingHistory/Parts/Utility/flags/flagSize4/flagSize4/flagPartSize4
[LOG 23:09:53.569] Config(INTERNAL) SquadExpansion/MakingHistory/Spaces/KVPods/Airlock_Internal/Airlock_IVA
[LOG 23:09:53.569] Config(INTERNAL) SquadExpansion/MakingHistory/Spaces/KVPods/KV1_Internal/KV1_IVA
[LOG 23:09:53.569] Config(INTERNAL) SquadExpansion/MakingHistory/Spaces/KVPods/KV2_Internal/KV2_IVA
[LOG 23:09:53.569] Config(INTERNAL) SquadExpansion/MakingHistory/Spaces/KVPods/KV3_Internal/KV3_IVA
[LOG 23:09:53.569] Config(INTERNAL) SquadExpansion/MakingHistory/Spaces/MEM/MEM_IVA/MEM_IVA
[LOG 23:09:53.569] Config(INTERNAL) SquadExpansion/MakingHistory/Spaces/Mk2Pod/Mk2Pod_Internal/MK2POD_IVA
[LOG 23:09:53.569] Config(Contracts) SquadExpansion/Serenity/Contracts/contracts/Contracts
[LOG 23:09:53.569] Config(EXPERIENCE_TRAIT) SquadExpansion/Serenity/Experience/Traits/Engineer
[LOG 23:09:53.569] Config(EXPERIENCE_TRAIT) SquadExpansion/Serenity/Experience/Traits/Scientist
[LOG 23:09:53.569] Config(Localization) SquadExpansion/Serenity/Localization/dictionary/Localization
[LOG 23:09:53.569] Config(PART) SquadExpansion/Serenity/Parts/Aero/FanShroud_01/FanShroud_01
[LOG 23:09:53.569] Config(PART) SquadExpansion/Serenity/Parts/Aero/FanShroud_02/FanShroud_02
[LOG 23:09:53.569] Config(PART) SquadExpansion/Serenity/Parts/Aero/FanShroud_03/FanShroud_03
[LOG 23:09:53.569] Config(PART) SquadExpansion/Serenity/Parts/Aero/noseconeTiny/noseconeTiny
[LOG 23:09:53.569] Config(PART) SquadExpansion/Serenity/Parts/Aero/noseconeVS/noseconeVS
[LOG 23:09:53.569] Config(PART) SquadExpansion/Serenity/Parts/DeployedScience/centralStation/DeployedCentralStation
[LOG 23:09:53.569] Config(PART) SquadExpansion/Serenity/Parts/DeployedScience/gooObservation/DeployedGoExOb
[LOG 23:09:53.569] Config(PART) SquadExpansion/Serenity/Parts/DeployedScience/ionCollector/DeployedIONExp
[LOG 23:09:53.569] Config(PART) SquadExpansion/Serenity/Parts/DeployedScience/rtg/DeployedRTG
[LOG 23:09:53.569] Config(PART) SquadExpansion/Serenity/Parts/DeployedScience/satDish/DeployedSatDish
[LOG 23:09:53.569] Config(PART) SquadExpansion/Serenity/Parts/DeployedScience/seismicSensor/DeployedSeismicSensor
[LOG 23:09:53.569] Config(PART) SquadExpansion/Serenity/Parts/DeployedScience/solarPanel/DeployedSolarPanel
[LOG 23:09:53.569] Config(PART) SquadExpansion/Serenity/Parts/DeployedScience/weatherStation/DeployedWeatherStn
[LOG 23:09:53.569] Config(PART) SquadExpansion/Serenity/Parts/Prebuilt/kerbalEVA/kerbalEVA
[LOG 23:09:53.569] Config(PART) SquadExpansion/Serenity/Parts/Prebuilt/kerbalEVAfemale/kerbalEVAfemale
[LOG 23:09:53.569] Config(PART) SquadExpansion/Serenity/Parts/Prebuilt/kerbalEVAfemaleFuture/kerbalEVAfemaleFuture
[LOG 23:09:53.569] Config(PART) SquadExpansion/Serenity/Parts/Prebuilt/kerbalEVAfemaleVintage/kerbalEVAfemaleVintage
[LOG 23:09:53.569] Config(PART) SquadExpansion/Serenity/Parts/Prebuilt/kerbalEVAFuture/kerbalEVAFuture
[LOG 23:09:53.569] Config(PART) SquadExpansion/Serenity/Parts/Prebuilt/kerbalEVASlimSuit/kerbalEVASlimSuit
[LOG 23:09:53.569] Config(PART) SquadExpansion/Serenity/Parts/Prebuilt/kerbalEVASlimSuitFemale/kerbalEVASlimSuitFemale
[LOG 23:09:53.569] Config(PART) SquadExpansion/Serenity/Parts/Prebuilt/kerbalEVAVintage/kerbalEVAVintage
[LOG 23:09:53.569] Config(PART) SquadExpansion/Serenity/Parts/Propellers/largeFanBlade/largeFanBlade
[LOG 23:09:53.569] Config(PART) SquadExpansion/Serenity/Parts/Propellers/largeHeliBlade/largeHeliBlade
[LOG 23:09:53.569] Config(PART) SquadExpansion/Serenity/Parts/Propellers/largePropeller/largePropeller
[LOG 23:09:53.569] Config(PART) SquadExpansion/Serenity/Parts/Propellers/mediumFanBlade/mediumFanBlade
[LOG 23:09:53.569] Config(PART) SquadExpansion/Serenity/Parts/Propellers/mediumHeliBlade/mediumHeliBlade
[LOG 23:09:53.569] Config(PART) SquadExpansion/Serenity/Parts/Propellers/mediumPropeller/mediumPropeller
[LOG 23:09:53.569] Config(PART) SquadExpansion/Serenity/Parts/Propellers/smallFanBlade/smallFanBlade
[LOG 23:09:53.569] Config(PART) SquadExpansion/Serenity/Parts/Propellers/smallHeliBlade/smallHeliBlade
[LOG 23:09:53.570] Config(PART) SquadExpansion/Serenity/Parts/Propellers/smallPropeller/smallPropeller
[LOG 23:09:53.570] Config(PART) SquadExpansion/Serenity/Parts/Robotics/hinge_01/hinge_01
[LOG 23:09:53.570] Config(PART) SquadExpansion/Serenity/Parts/Robotics/hinge_01_s/hinge_01_s
[LOG 23:09:53.570] Config(PART) SquadExpansion/Serenity/Parts/Robotics/hinge_03/hinge_03
[LOG 23:09:53.570] Config(PART) SquadExpansion/Serenity/Parts/Robotics/hinge_03_s/hinge_03_s
[LOG 23:09:53.570] Config(PART) SquadExpansion/Serenity/Parts/Robotics/hinge_04/hinge_04
[LOG 23:09:53.570] Config(PART) SquadExpansion/Serenity/Parts/Robotics/piston_01/piston_01
[LOG 23:09:53.570] Config(PART) SquadExpansion/Serenity/Parts/Robotics/piston_02/piston_02
[LOG 23:09:53.570] Config(PART) SquadExpansion/Serenity/Parts/Robotics/piston_03/piston_03
[LOG 23:09:53.570] Config(PART) SquadExpansion/Serenity/Parts/Robotics/piston_04/piston_04
[LOG 23:09:53.570] Config(PART) SquadExpansion/Serenity/Parts/Robotics/RotorEngine_02/RotorEngine_02
[LOG 23:09:53.570] Config(PART) SquadExpansion/Serenity/Parts/Robotics/RotorEngine_03/RotorEngine_03
[LOG 23:09:53.570] Config(PART) SquadExpansion/Serenity/Parts/Robotics/rotor_01/rotor_01
[LOG 23:09:53.570] Config(PART) SquadExpansion/Serenity/Parts/Robotics/rotor_01s/rotor_01s
[LOG 23:09:53.570] Config(PART) SquadExpansion/Serenity/Parts/Robotics/rotor_02/rotor_02
[LOG 23:09:53.570] Config(PART) SquadExpansion/Serenity/Parts/Robotics/rotor_02s/rotor_02s
[LOG 23:09:53.570] Config(PART) SquadExpansion/Serenity/Parts/Robotics/rotor_03/rotor_03
[LOG 23:09:53.570] Config(PART) SquadExpansion/Serenity/Parts/Robotics/rotor_03s/rotor_03s
[LOG 23:09:53.570] Config(PART) SquadExpansion/Serenity/Parts/Robotics/rotoServo_00/rotoServo_00
[LOG 23:09:53.570] Config(PART) SquadExpansion/Serenity/Parts/Robotics/rotoServo_02/rotoServo_02
[LOG 23:09:53.570] Config(PART) SquadExpansion/Serenity/Parts/Robotics/rotoServo_03/rotoServo_03
[LOG 23:09:53.570] Config(PART) SquadExpansion/Serenity/Parts/Robotics/rotoServo_04/rotoServo_04
[LOG 23:09:53.570] Config(PART) SquadExpansion/Serenity/Parts/Robotics/Controllers/KAL1000/controller1000
[LOG 23:09:53.570] Config(PART) SquadExpansion/Serenity/Parts/Science/RobotArmScanner/RobotArmScanner_S1/RobotArmScanner_S1
[LOG 23:09:53.570] Config(PART) SquadExpansion/Serenity/Parts/Science/RobotArmScanner/RobotArmScanner_S2/RobotArmScanner_S2
[LOG 23:09:53.570] Config(PART) SquadExpansion/Serenity/Parts/Science/RobotArmScanner/RobotArmScanner_S3/RobotArmScanner_S3
[LOG 23:09:53.570] Config(PART) SquadExpansion/Serenity/Parts/Structural/gripPads/lGripPad/lGripPad
[LOG 23:09:53.570] Config(PART) SquadExpansion/Serenity/Parts/Structural/gripPads/lGripStrip/lGripStrip
[LOG 23:09:53.570] Config(PART) SquadExpansion/Serenity/Parts/Structural/gripPads/mGripPad/mGripPad
[LOG 23:09:53.570] Config(PART) SquadExpansion/Serenity/Parts/Structural/gripPads/sGripPad/sGripPad
[LOG 23:09:53.570] Config(PART) SquadExpansion/Serenity/Parts/Structural/gripPads/sGripStrip/sGripStrip
[LOG 23:09:53.570] Config(DEPLOYEDSCIENCE) SquadExpansion/Serenity/Resources/DeployedScience/DEPLOYEDSCIENCE
[LOG 23:09:53.570] Config(PHYSICMATERIAL_DEFINITION) SquadExpansion/Serenity/Resources/PhysicsMaterials/MediumGrip
[LOG 23:09:53.570] Config(PHYSICMATERIAL_DEFINITION) SquadExpansion/Serenity/Resources/PhysicsMaterials/HighGrip
[LOG 23:09:53.571] Config(PHYSICMATERIAL_DEFINITION) SquadExpansion/Serenity/Resources/PhysicsMaterials/ExtremeGrip
[LOG 23:09:53.571] Config(PHYSICMATERIAL_DEFINITION) SquadExpansion/Serenity/Resources/PhysicsMaterials/LowGrip
[LOG 23:09:53.571] Config(PHYSICMATERIAL_DEFINITION) SquadExpansion/Serenity/Resources/PhysicsMaterials/Default
[LOG 23:09:53.571] Config(ROC_DEFINITION) SquadExpansion/Serenity/Resources/rocsdef/ROC_DEFINITION
[LOG 23:09:53.571] Config(ROC_DEFINITION) SquadExpansion/Serenity/Resources/rocsdef/ROC_DEFINITION
[LOG 23:09:53.571] Config(ROC_DEFINITION) SquadExpansion/Serenity/Resources/rocsdef/ROC_DEFINITION
[LOG 23:09:53.571] Config(ROC_DEFINITION) SquadExpansion/Serenity/Resources/rocsdef/ROC_DEFINITION
[LOG 23:09:53.571] Config(ROC_DEFINITION) SquadExpansion/Serenity/Resources/rocsdef/ROC_DEFINITION
[LOG 23:09:53.571] Config(ROC_DEFINITION) SquadExpansion/Serenity/Resources/rocsdef/ROC_DEFINITION
[LOG 23:09:53.571] Config(ROC_DEFINITION) SquadExpansion/Serenity/Resources/rocsdef/ROC_DEFINITION
[LOG 23:09:53.571] Config(ROC_DEFINITION) SquadExpansion/Serenity/Resources/rocsdef/ROC_DEFINITION
[LOG 23:09:53.571] Config(ROC_DEFINITION) SquadExpansion/Serenity/Resources/rocsdef/ROC_DEFINITION
[LOG 23:09:53.571] Config(ROC_DEFINITION) SquadExpansion/Serenity/Resources/rocsdef/ROC_DEFINITION
[LOG 23:09:53.571] Config(ROC_DEFINITION) SquadExpansion/Serenity/Resources/rocsdef/ROC_DEFINITION
[LOG 23:09:53.571] Config(ROC_DEFINITION) SquadExpansion/Serenity/Resources/rocsdef/ROC_DEFINITION
[LOG 23:09:53.571] Config(ROC_DEFINITION) SquadExpansion/Serenity/Resources/rocsdef/ROC_DEFINITION
[LOG 23:09:53.571] Config(ROC_DEFINITION) SquadExpansion/Serenity/Resources/rocsdef/ROC_DEFINITION
[LOG 23:09:53.571] Config(ROC_DEFINITION) SquadExpansion/Serenity/Resources/rocsdef/ROC_DEFINITION
[LOG 23:09:53.571] Config(ROC_DEFINITION) SquadExpansion/Serenity/Resources/rocsdef/ROC_DEFINITION
[LOG 23:09:53.571] Config(ROC_DEFINITION) SquadExpansion/Serenity/Resources/rocsdef/ROC_DEFINITION
[LOG 23:09:53.571] Config(ROC_DEFINITION) SquadExpansion/Serenity/Resources/rocsdef/ROC_DEFINITION
[LOG 23:09:53.571] Config(ROC_DEFINITION) SquadExpansion/Serenity/Resources/rocsdef/ROC_DEFINITION
[LOG 23:09:53.571] Config(ROC_DEFINITION) SquadExpansion/Serenity/Resources/rocsdef/ROC_DEFINITION
[LOG 23:09:53.571] Config(ROC_DEFINITION) SquadExpansion/Serenity/Resources/rocsdef/ROC_DEFINITION
[LOG 23:09:53.571] Config(ROC_DEFINITION) SquadExpansion/Serenity/Resources/rocsdef/ROC_DEFINITION
[LOG 23:09:53.571] Config(ROC_DEFINITION) SquadExpansion/Serenity/Resources/rocsdef/ROC_DEFINITION
[LOG 23:09:53.571] Config(ROC_DEFINITION) SquadExpansion/Serenity/Resources/rocsdef/ROC_DEFINITION
[LOG 23:09:53.571] Config(ROC_DEFINITION) SquadExpansion/Serenity/Resources/rocsdef/ROC_DEFINITION
[LOG 23:09:53.571] Config(ROC_DEFINITION) SquadExpansion/Serenity/Resources/rocsdef/ROC_DEFINITION
[LOG 23:09:53.571] Config(ROC_DEFINITION) SquadExpansion/Serenity/Resources/rocsdef/ROC_DEFINITION
[LOG 23:09:53.571] Config(ROC_DEFINITION) SquadExpansion/Serenity/Resources/rocsdef/ROC_DEFINITION
[LOG 23:09:53.571] Config(ROC_DEFINITION) SquadExpansion/Serenity/Resources/rocsdef/ROC_DEFINITION
[LOG 23:09:53.571] Config(ROC_DEFINITION) SquadExpansion/Serenity/Resources/rocsdef/ROC_DEFINITION
[LOG 23:09:53.571] Config(ROC_DEFINITION) SquadExpansion/Serenity/Resources/rocsdef/ROC_DEFINITION
[LOG 23:09:53.571] Config(ROC_DEFINITION) SquadExpansion/Serenity/Resources/rocsdef/ROC_DEFINITION
[LOG 23:09:53.571] Config(ROC_DEFINITION) SquadExpansion/Serenity/Resources/rocsdef/ROC_DEFINITION
[LOG 23:09:53.571] Config(ROC_DEFINITION) SquadExpansion/Serenity/Resources/rocsdef/ROC_DEFINITION
[LOG 23:09:53.571] Config(EXPERIMENT_DEFINITION) SquadExpansion/Serenity/Resources/ScienceDefs/EXPERIMENT_DEFINITION
[LOG 23:09:53.571] Config(EXPERIMENT_DEFINITION) SquadExpansion/Serenity/Resources/ScienceDefs/EXPERIMENT_DEFINITION
[LOG 23:09:53.571] Config(EXPERIMENT_DEFINITION) SquadExpansion/Serenity/Resources/ScienceDefs/EXPERIMENT_DEFINITION
[LOG 23:09:53.571] Config(EXPERIMENT_DEFINITION) SquadExpansion/Serenity/Resources/ScienceDefs/EXPERIMENT_DEFINITION
[LOG 23:09:53.571] Config(EXPERIMENT_DEFINITION) SquadExpansion/Serenity/Resources/ScienceDefs/EXPERIMENT_DEFINITION
[LOG 23:09:53.571] Config(EXPERIMENT_DEFINITION) SquadExpansion/Serenity/Resources/ScienceDefs/EXPERIMENT_DEFINITION
[LOG 23:09:53.571] Config(EXPERIMENT_DEFINITION) SquadExpansion/Serenity/Resources/ScienceDefs/EXPERIMENT_DEFINITION
[LOG 23:09:53.571] Config(EXPERIMENT_DEFINITION) SquadExpansion/Serenity/Resources/ScienceDefs/EXPERIMENT_DEFINITION
[LOG 23:09:53.571] Config(EXPERIMENT_DEFINITION) SquadExpansion/Serenity/Resources/ScienceDefs/EXPERIMENT_DEFINITION
[LOG 23:09:53.571] Config(EXPERIMENT_DEFINITION) SquadExpansion/Serenity/Resources/ScienceDefs/EXPERIMENT_DEFINITION
[LOG 23:09:53.571] Config(EXPERIMENT_DEFINITION) SquadExpansion/Serenity/Resources/ScienceDefs/EXPERIMENT_DEFINITION
[LOG 23:09:53.571] Config(EXPERIMENT_DEFINITION) SquadExpansion/Serenity/Resources/ScienceDefs/EXPERIMENT_DEFINITION
[LOG 23:09:53.572] Config(EXPERIMENT_DEFINITION) SquadExpansion/Serenity/Resources/ScienceDefs/EXPERIMENT_DEFINITION
[LOG 23:09:53.572] Config(EXPERIMENT_DEFINITION) SquadExpansion/Serenity/Resources/ScienceDefs/EXPERIMENT_DEFINITION
[LOG 23:09:53.572] Config(EXPERIMENT_DEFINITION) SquadExpansion/Serenity/Resources/ScienceDefs/EXPERIMENT_DEFINITION
[LOG 23:09:53.572] Config(EXPERIMENT_DEFINITION) SquadExpansion/Serenity/Resources/ScienceDefs/EXPERIMENT_DEFINITION
[LOG 23:09:53.572] Config(EXPERIMENT_DEFINITION) SquadExpansion/Serenity/Resources/ScienceDefs/EXPERIMENT_DEFINITION
[LOG 23:09:53.572] Config(EXPERIMENT_DEFINITION) SquadExpansion/Serenity/Resources/ScienceDefs/EXPERIMENT_DEFINITION
[LOG 23:09:53.572] Config(EXPERIMENT_DEFINITION) SquadExpansion/Serenity/Resources/ScienceDefs/EXPERIMENT_DEFINITION
[LOG 23:09:53.572] Config(EXPERIMENT_DEFINITION) SquadExpansion/Serenity/Resources/ScienceDefs/EXPERIMENT_DEFINITION
[LOG 23:09:53.572] Config(EXPERIMENT_DEFINITION) SquadExpansion/Serenity/Resources/ScienceDefs/EXPERIMENT_DEFINITION
[LOG 23:09:53.572] Config(EXPERIMENT_DEFINITION) SquadExpansion/Serenity/Resources/ScienceDefs/EXPERIMENT_DEFINITION
[LOG 23:09:53.572] Config(EXPERIMENT_DEFINITION) SquadExpansion/Serenity/Resources/ScienceDefs/EXPERIMENT_DEFINITION
[LOG 23:09:53.572] Config(EXPERIMENT_DEFINITION) SquadExpansion/Serenity/Resources/ScienceDefs/EXPERIMENT_DEFINITION
[LOG 23:09:53.572] Config(EXPERIMENT_DEFINITION) SquadExpansion/Serenity/Resources/ScienceDefs/EXPERIMENT_DEFINITION
[LOG 23:09:53.572] Config(EXPERIMENT_DEFINITION) SquadExpansion/Serenity/Resources/ScienceDefs/EXPERIMENT_DEFINITION
[LOG 23:09:53.572] Config(EXPERIMENT_DEFINITION) SquadExpansion/Serenity/Resources/ScienceDefs/EXPERIMENT_DEFINITION
[LOG 23:09:53.572] Config(EXPERIMENT_DEFINITION) SquadExpansion/Serenity/Resources/ScienceDefs/EXPERIMENT_DEFINITION
[LOG 23:09:53.572] Config(EXPERIMENT_DEFINITION) SquadExpansion/Serenity/Resources/ScienceDefs/EXPERIMENT_DEFINITION
[LOG 23:09:53.572] Config(EXPERIMENT_DEFINITION) SquadExpansion/Serenity/Resources/ScienceDefs/EXPERIMENT_DEFINITION
[LOG 23:09:53.572] Config(EXPERIMENT_DEFINITION) SquadExpansion/Serenity/Resources/ScienceDefs/EXPERIMENT_DEFINITION
[LOG 23:09:53.572] Config(EXPERIMENT_DEFINITION) SquadExpansion/Serenity/Resources/ScienceDefs/EXPERIMENT_DEFINITION
[LOG 23:09:53.572] Config(EXPERIMENT_DEFINITION) SquadExpansion/Serenity/Resources/ScienceDefs/EXPERIMENT_DEFINITION
[LOG 23:09:53.572] Config(EXPERIMENT_DEFINITION) SquadExpansion/Serenity/Resources/ScienceDefs/EXPERIMENT_DEFINITION
[LOG 23:09:53.572] Config(EXPERIMENT_DEFINITION) SquadExpansion/Serenity/Resources/ScienceDefs/EXPERIMENT_DEFINITION
[LOG 23:09:53.572] Config(EXPERIMENT_DEFINITION) SquadExpansion/Serenity/Resources/ScienceDefs/EXPERIMENT_DEFINITION
[LOG 23:09:53.572] Config(EXPERIMENT_DEFINITION) SquadExpansion/Serenity/Resources/ScienceDefs/EXPERIMENT_DEFINITION
[LOG 23:09:53.572] Config(EXPERIMENT_DEFINITION) SquadExpansion/Serenity/Resources/ScienceDefs/EXPERIMENT_DEFINITION
[LOG 23:09:53.572] Config(STORY_DEF) SquadExpansion/Serenity/Resources/StoryDefs/STORY_DEF
[LOG 23:09:53.572] Compiling Configs Completed.
[LOG 23:09:53.574] Resource LiquidFuel added to database
[LOG 23:09:53.574] Resource Oxidizer added to database
[LOG 23:09:53.574] Resource SolidFuel added to database
[LOG 23:09:53.574] Resource MonoPropellant added to database
[LOG 23:09:53.574] Resource XenonGas added to database
[LOG 23:09:53.574] Resource ElectricCharge added to database
[LOG 23:09:53.574] Resource IntakeAir added to database
[LOG 23:09:53.574] Resource EVA Propellant added to database
[LOG 23:09:53.574] Resource Ore added to database
[LOG 23:09:53.574] Resource Ablator added to database
[LOG 23:09:53.575] Resource MediumGrip added to database
[LOG 23:09:53.575] Resource HighGrip added to database
[LOG 23:09:53.575] Resource ExtremeGrip added to database
[LOG 23:09:53.575] Resource LowGrip added to database
[LOG 23:09:53.575] Resource Default added to database
[LOG 23:09:53.577] CodeAssetLoader: Compiling all code assets
[LOG 23:09:53.580] ExperienceSystemConfig: Added Effect 'DeployedSciencePowerSkill' to Trait 'Ingénieur'
[LOG 23:09:53.580] ExperienceSystemConfig: Added Effect 'DeployedScienceExpSkill' to Trait 'Scientifique'
[LOG 23:09:53.583] ConfigNode[]
[LOG 23:09:53.583] GameDatabase: Assets loaded in 29.013s
[LOG 23:09:53.585] [ModuleManager] Waited 0.000s for patching to finish
[LOG 23:09:53.585] [ModuleManager] Applying patched game database
[LOG 23:09:53.587] [ModuleManager] Dumping ModuleManager log to main log
[LOG 23:09:53.587] [ModuleManager] 
#### BEGIN MODULEMANAGER LOG ####


[LOG 23:09:33.753] Log started at 2026-10-03 23:09:33.753
[LOG 23:09:35.754] Checking Cache
[LOG 23:09:36.075] SHA generated in 0.318s
[LOG 23:09:36.075]       SHA = CB-5D-99-B2-0F-1F-32-FF-A1-C9-6A-83-E9-F8-19-7F-85-5C-87-1E-30-42-D3-71-28-38-1F-08-1A-46-20-9F
[LOG 23:09:36.098] Cache SHA = C2-AE-65-4C-3C-44-77-9D-E8-C0-39-A2-72-E8-F8-84-15-9B-D2-CE-8B-70-1A-1A-56-90-3A-2A-10-A0-50-99
[LOG 23:09:36.098] useCache = False
[LOG 23:09:36.098] Pre patch init
[LOG 23:09:36.211] compiling list of loaded mods...
Mod DLLs found:
  Name                                    Assembly Version         Assembly File Version    KSPAssembly Version      SHA256

  Assembly-CSharp                         0.0.0.0                  0.0.0.0                  1.12                     d9e42483f25ee80a9c11d6c1c0a0d29b4ec78c1e08d76c971b71580c9cce51e4
  ModuleManager                           4.2.3.0                  4.2.3.0                  2.5                      95847827ab293b9e82a19b7efb97ffea3e98cc03b181862536ac8eb572e30d7d
  0Harmony                                2.2.1.0                  2.2.1.0                                           19ce60ac3280f72ec1751d36a40cb7e2fece2934df8345969dc7feb83bd633e4
  HarmonyInstallChecker                   2.2.1.0                  2.2.1.0                  1.0                      f11e659e91a52c21c5bda78e52b82a7bdc246bcab6a999733af3c69a11a9dc0e
  0_MultipleModuleInPartAPI               1.0.0.0                  1.0.0.0                  1.0                      df4a22fb0535de7fa154ca234b50dd7c2fc6be879e4a877d9bad1f87bafafcbf
  KSPCommunityFixes                       1.41.0.0                 1.41.1.0                 1.41                     e08ebbec7ab34f4f7ff56d6e900051bb0d259a4bc092881d7db3ca2f9f2e9a11
  KSPDiagFloatingOrigin                   1.0.9772.27899           1.0.9772.27899                                    d65227613665a07aab942b2d115dd856415bc803096650d5c179d182d12c87e1
  KSPMCPServer                            0.0.0.0                  0.0.0.0                                           56bcb230993f9c1813e7a75061e3581fe48cb1cc5e27c109d4337494d506b1aa
  KSPSteamCtrlr                           0.0.1.35                 0.0.1.35                                          1675fa4fcb61d014eb1babe7eed703e7f76a1008537ee57ca7cec65cd9ff94ac
Non-DLL mods added (:FOR[xxx]):
Mods by directory (sub directories of GameData):
  000_Harmony
  Squad
  SquadExpansion
Mods added by assemblies:

[LOG 23:09:36.213] Loading Physics.cfg
[LOG 23:09:36.216] Extracting patches
[LOG 23:09:36.223] Deleting root node in file KSPCommunityFixes/MMPatches/ModSupport/FixDockingNodes node: @PART[*]:HAS[@MODULE[ModuleDockingNodeFixed]]:NEEDS[FixDockingNodes]:FINAL as it can't satisfy its NEEDS
[LOG 23:09:36.224] Deleting root node in file KSPCommunityFixes/MMPatches/ModSupport/KSPRecall node: @KSP_COMMUNITY_FIXES:NEEDS[AttachedOnEditor] as it can't satisfy its NEEDS
[LOG 23:09:36.224] Deleting root node in file KSPCommunityFixes/MMPatches/ModSupport/UniversalStorage node: @KSP_COMMUNITY_FIXES:NEEDS[UniversalStorage2] as it can't satisfy its NEEDS
[LOG 23:09:36.269] Applying patches
[LOG 23:09:36.270] :INSERT (initial) pass
[LOG 23:09:36.291] :FIRST pass
[LOG 23:09:36.293] Applying update KSPCommunityFixes/MMPatches/StockTweaks/LadderToggleableLight/@PART[telescopicLadderBay]:FIRST to Squad/Parts/Utility/ladderTelescopicBay/ladderTelescopicBay.cfg/PART[telescopicLadderBay]
[LOG 23:09:36.299] Applying update KSPCommunityFixes/MMPatches/StockTweaks/LadderToggleableLight/@PART[telescopicLadderBay]:HAS[#LadderToggleableLight[?rue]]:FIRST to Squad/Parts/Utility/ladderTelescopicBay/ladderTelescopicBay.cfg/PART[telescopicLadderBay]
[LOG 23:09:36.300] Applying update KSPCommunityFixes/MMPatches/StockTweaks/LadderToggleableLight/@PART[telescopicLadderBay]:HAS[#LadderToggleableLight]:FIRST to Squad/Parts/Utility/ladderTelescopicBay/ladderTelescopicBay.cfg/PART[telescopicLadderBay]
[LOG 23:09:36.300] Applying update KSPCommunityFixes/MMPatches/StockTweaks/LandingGearLights/@PART[GearSmall]:FIRST to Squad/Parts/Wheel/LandingGear/GearMedium.cfg/PART[GearSmall]
[LOG 23:09:36.302] Applying update KSPCommunityFixes/MMPatches/StockTweaks/LandingGearLights/@PART[SmallGearBay]:FIRST to Squad/Parts/Wheel/LandingGear/GearSmall.cfg/PART[SmallGearBay]
[LOG 23:09:36.302] :LEGACY (default) pass
[LOG 23:09:36.304] :BEFORE[0_MULTIPLEMODULEINPARTAPI] pass
[LOG 23:09:36.304] :FOR[0_MULTIPLEMODULEINPARTAPI] pass
[LOG 23:09:36.304] :AFTER[0_MULTIPLEMODULEINPARTAPI] pass
[LOG 23:09:36.304] :BEFORE[000_HARMONY] pass
[LOG 23:09:36.304] :FOR[000_HARMONY] pass
[LOG 23:09:36.304] :AFTER[000_HARMONY] pass
[LOG 23:09:36.304] :BEFORE[0HARMONY] pass
[LOG 23:09:36.304] :FOR[0HARMONY] pass
[LOG 23:09:36.304] :AFTER[0HARMONY] pass
[LOG 23:09:36.304] :BEFORE[ASSEMBLY-CSHARP] pass
[LOG 23:09:36.304] :FOR[ASSEMBLY-CSHARP] pass
[LOG 23:09:36.304] :AFTER[ASSEMBLY-CSHARP] pass
[LOG 23:09:36.304] :BEFORE[HARMONYINSTALLCHECKER] pass
[LOG 23:09:36.304] :FOR[HARMONYINSTALLCHECKER] pass
[LOG 23:09:36.304] :AFTER[HARMONYINSTALLCHECKER] pass
[LOG 23:09:36.304] :BEFORE[KSPCOMMUNITYFIXES] pass
[LOG 23:09:36.304] :FOR[KSPCOMMUNITYFIXES] pass
[LOG 23:09:36.304] Applying update KSPCommunityFixes/MMPatches/StockTweaks/ManufacturerFixes/@PART[sasModule]:FOR[KSPCommunityFixes] to Squad/Parts/Command/inlineReactionWheel/inlineReactionWheel.cfg/PART[sasModule]
[LOG 23:09:36.304] Applying update KSPCommunityFixes/MMPatches/StockTweaks/ManufacturerFixes/@PART[xenonTankRadial]:FOR[KSPCommunityFixes] to Squad/Parts/FuelTank/xenonTankRadial/xenonTankRadial.cfg/PART[xenonTankRadial]
[LOG 23:09:36.304] Applying update KSPCommunityFixes/MMPatches/StockTweaks/ManufacturerFixes/@PART[winglet|fireworksLauncherSmall|fireworksLauncherBig]:FOR[KSPCommunityFixes] to Squad/Parts/Aero/wingletAV-T1/wingletAV-T1.cfg/PART[winglet]
[LOG 23:09:36.305] Applying update KSPCommunityFixes/MMPatches/StockTweaks/ManufacturerFixes/@PART[winglet|fireworksLauncherSmall|fireworksLauncherBig]:FOR[KSPCommunityFixes] to Squad/Parts/Utility/Fireworks/fireworksLauncherBig.cfg/PART[fireworksLauncherBig]
[LOG 23:09:36.305] Applying update KSPCommunityFixes/MMPatches/StockTweaks/ManufacturerFixes/@PART[winglet|fireworksLauncherSmall|fireworksLauncherBig]:FOR[KSPCommunityFixes] to Squad/Parts/Utility/Fireworks/fireworksLauncherSmall.cfg/PART[fireworksLauncherSmall]
[LOG 23:09:36.305] Applying update KSPCommunityFixes/MMPatches/StockTweaks/ManufacturerFixes/@PART[solidBooster_sm_v2|solidBooster_v2]:FOR[KSPCommunityFixes] to Squad/Parts/Engine/Size1_SRBs/solidBoosterRT-10_v2.cfg/PART[solidBooster_v2]
[LOG 23:09:36.305] Applying update KSPCommunityFixes/MMPatches/StockTweaks/ManufacturerFixes/@PART[solidBooster_sm_v2|solidBooster_v2]:FOR[KSPCommunityFixes] to Squad/Parts/Engine/Size1_SRBs/solidBoosterRT-5_v2.cfg/PART[solidBooster_sm_v2]
[LOG 23:09:36.305] Applying update KSPCommunityFixes/MMPatches/StockTweaks/ManufacturerFixes/@PART[ServiceBay_125_v2|ServiceBay_250_v2]:FOR[KSPCommunityFixes] to Squad/Parts/Utility/ServiceBay_v2/ServiceBay_125_v2.cfg/PART[ServiceBay_125_v2]
[LOG 23:09:36.305] Applying update KSPCommunityFixes/MMPatches/StockTweaks/ManufacturerFixes/@PART[ServiceBay_125_v2|ServiceBay_250_v2]:FOR[KSPCommunityFixes] to Squad/Parts/Utility/ServiceBay_v2/ServiceBay_250_v2.cfg/PART[ServiceBay_250_v2]
[LOG 23:09:36.307] Applying update KSPCommunityFixes/MMPatches/StockTweaks/ManufacturerFixes/@PART[externalTankCapsule]:FOR[KSPCommunityFixes] to Squad/Parts/FuelTank/FoilTanks/RadialTank_Capsule.cfg/PART[externalTankCapsule]
[LOG 23:09:36.307] Applying update KSPCommunityFixes/MMPatches/StockTweaks/ManufacturerFixes/@PART[RCSFuelTank|rcsTankMini|RCSTank1-2]:FOR[KSPCommunityFixes] to Squad/Parts/FuelTank/RCSFuelTankR1/RCSFuelTankR1.cfg/PART[RCSTank1-2]
[LOG 23:09:36.307] Applying update KSPCommunityFixes/MMPatches/StockTweaks/ManufacturerFixes/@PART[RCSFuelTank|rcsTankMini|RCSTank1-2]:FOR[KSPCommunityFixes] to Squad/Parts/FuelTank/RCSFuelTankR10/RCSFuelTankR10.cfg/PART[rcsTankMini]
[LOG 23:09:36.307] Applying update KSPCommunityFixes/MMPatches/StockTweaks/ManufacturerFixes/@PART[RCSFuelTank|rcsTankMini|RCSTank1-2]:FOR[KSPCommunityFixes] to Squad/Parts/FuelTank/RCSFuelTankR25/RCSFuelTankR25.cfg/PART[RCSFuelTank]
[LOG 23:09:36.308] Applying update KSPCommunityFixes/MMPatches/StockTweaks/ManufacturerFixes/@PART[landerCabinSmall]:FOR[KSPCommunityFixes] to Squad/Parts/Command/mk1LanderCan/mk1LanderCan.cfg/PART[landerCabinSmall]
[LOG 23:09:36.308] Applying update KSPCommunityFixes/MMPatches/StockTweaks/ManufacturerFixes/@PART[dockingPortLateral]:FOR[KSPCommunityFixes] to Squad/Parts/Utility/dockingPortInline/dockingPortInline.cfg/PART[dockingPortLateral]
[LOG 23:09:36.308] Applying update KSPCommunityFixes/MMPatches/StockTweaks/ManufacturerFixes/@PART[EnginePlate4]:FOR[KSPCommunityFixes]:NEEDS[SquadExpansion/MakingHistory] to SquadExpansion/MakingHistory/Parts/Coupling/EnginePlate_4.cfg/PART[EnginePlate4]
[LOG 23:09:36.309] Applying update KSPCommunityFixes/MMPatches/StockTweaks/ManufacturerFixes/@PART[Mk2Pod]:FOR[KSPCommunityFixes]:NEEDS[SquadExpansion/MakingHistory] to SquadExpansion/MakingHistory/Parts/Pods/Mk2Pod.cfg/PART[Mk2Pod]
[LOG 23:09:36.309] Applying update KSPCommunityFixes/MMPatches/StockTweaks/ManufacturerFixes/@PART[evaChute|parachuteSingle|parachuteRadial|radialDrogue|parachuteLarge|parachuteDrogue]:FOR[KSPCommunityFixes] to Squad/Parts/Cargo/Parachute/Parachute.cfg/PART[evaChute]
[LOG 23:09:36.309] Applying update KSPCommunityFixes/MMPatches/StockTweaks/ManufacturerFixes/@PART[evaChute|parachuteSingle|parachuteRadial|radialDrogue|parachuteLarge|parachuteDrogue]:FOR[KSPCommunityFixes] to Squad/Parts/Utility/parachuteMk1/parachuteMk1.cfg/PART[parachuteSingle]
[LOG 23:09:36.309] Applying update KSPCommunityFixes/MMPatches/StockTweaks/ManufacturerFixes/@PART[evaChute|parachuteSingle|parachuteRadial|radialDrogue|parachuteLarge|parachuteDrogue]:FOR[KSPCommunityFixes] to Squad/Parts/Utility/parachuteMk12-R/parachuteMk12-R.cfg/PART[radialDrogue]
[LOG 23:09:36.309] Applying update KSPCommunityFixes/MMPatches/StockTweaks/ManufacturerFixes/@PART[evaChute|parachuteSingle|parachuteRadial|radialDrogue|parachuteLarge|parachuteDrogue]:FOR[KSPCommunityFixes] to Squad/Parts/Utility/parachuteMk16-XL/parachuteMk16-XL.cfg/PART[parachuteLarge]
[LOG 23:09:36.309] Applying update KSPCommunityFixes/MMPatches/StockTweaks/ManufacturerFixes/@PART[evaChute|parachuteSingle|parachuteRadial|radialDrogue|parachuteLarge|parachuteDrogue]:FOR[KSPCommunityFixes] to Squad/Parts/Utility/parachuteMk2-R/parachuteMk2-R.cfg/PART[parachuteRadial]
[LOG 23:09:36.309] Applying update KSPCommunityFixes/MMPatches/StockTweaks/ManufacturerFixes/@PART[evaChute|parachuteSingle|parachuteRadial|radialDrogue|parachuteLarge|parachuteDrogue]:FOR[KSPCommunityFixes] to Squad/Parts/Utility/parachuteMk25/parachuteMk25.cfg/PART[parachuteDrogue]
[LOG 23:09:36.310] Applying update KSPCommunityFixes/MMPatches/StockTweaks/ManufacturerFixes/@PART[stackPoint1|dockingPort1|dockingPort2|dockingPort3|dockingPortLarge]:FOR[KSPCommunityFixes] to Squad/Parts/Utility/dockingPort/dockingPort.cfg/PART[dockingPort2]
[LOG 23:09:36.310] Applying update KSPCommunityFixes/MMPatches/StockTweaks/ManufacturerFixes/@PART[stackPoint1|dockingPort1|dockingPort2|dockingPort3|dockingPortLarge]:FOR[KSPCommunityFixes] to Squad/Parts/Utility/dockingPortJr/dockingPortJr.cfg/PART[dockingPort3]
[LOG 23:09:36.310] Applying update KSPCommunityFixes/MMPatches/StockTweaks/ManufacturerFixes/@PART[stackPoint1|dockingPort1|dockingPort2|dockingPort3|dockingPortLarge]:FOR[KSPCommunityFixes] to Squad/Parts/Utility/dockingPortShielded/dockingPortShielded.cfg/PART[dockingPort1]
[LOG 23:09:36.311] Applying update KSPCommunityFixes/MMPatches/StockTweaks/ManufacturerFixes/@PART[stackPoint1|dockingPort1|dockingPort2|dockingPort3|dockingPortLarge]:FOR[KSPCommunityFixes] to Squad/Parts/Utility/dockingPortSr/dockingPortSr.cfg/PART[dockingPortLarge]
[LOG 23:09:36.311] Applying update KSPCommunityFixes/MMPatches/StockTweaks/ManufacturerFixes/@PART[stackPoint1|dockingPort1|dockingPort2|dockingPort3|dockingPortLarge]:FOR[KSPCommunityFixes] to Squad/Parts/Utility/radialAttachmentPoint/radialAttachmentPoint.cfg/PART[stackPoint1]
[LOG 23:09:36.311] :AFTER[KSPCOMMUNITYFIXES] pass
[LOG 23:09:36.311] :BEFORE[KSPDIAGFLOATINGORIGIN] pass
[LOG 23:09:36.311] :FOR[KSPDIAGFLOATINGORIGIN] pass
[LOG 23:09:36.311] :AFTER[KSPDIAGFLOATINGORIGIN] pass
[LOG 23:09:36.311] :BEFORE[KSPMCPSERVER] pass
[LOG 23:09:36.311] :FOR[KSPMCPSERVER] pass
[LOG 23:09:36.311] :AFTER[KSPMCPSERVER] pass
[LOG 23:09:36.311] :BEFORE[KSPSTEAMCTRLR] pass
[LOG 23:09:36.311] :FOR[KSPSTEAMCTRLR] pass
[LOG 23:09:36.311] :AFTER[KSPSTEAMCTRLR] pass
[LOG 23:09:36.311] :BEFORE[MODULEMANAGER] pass
[LOG 23:09:36.311] :FOR[MODULEMANAGER] pass
[LOG 23:09:36.311] :AFTER[MODULEMANAGER] pass
[LOG 23:09:36.311] :BEFORE[SQUAD] pass
[LOG 23:09:36.311] :FOR[SQUAD] pass
[LOG 23:09:36.311] :AFTER[SQUAD] pass
[LOG 23:09:36.311] :BEFORE[SQUADEXPANSION] pass
[LOG 23:09:36.311] :FOR[SQUADEXPANSION] pass
[LOG 23:09:36.311] :AFTER[SQUADEXPANSION] pass
[LOG 23:09:36.312] :LAST[999_KSP-RECALL] pass
[LOG 23:09:36.323] :FINAL pass
[LOG 23:09:36.323] Done patching
[LOG 23:09:36.323] Saving Cache
[LOG 23:09:36.364] Saving cache
[LOG 23:09:36.683] ModuleManager: 33 patches applied

[LOG 23:09:36.683] Ran in 0.928s
[LOG 23:09:36.692] Done!



#### END MODULEMANAGER LOG ####
[LOG 23:09:53.589] [ModuleManager] Running tests...
[LOG 23:09:53.589] [ModuleManager] tests complete.
[LOG 23:09:53.589] [ModuleManager] Reloading resources definitions
[LOG 23:09:53.590] Resource LiquidFuel added to database
[LOG 23:09:53.590] Resource Oxidizer added to database
[LOG 23:09:53.590] Resource SolidFuel added to database
[LOG 23:09:53.590] Resource MonoPropellant added to database
[LOG 23:09:53.590] Resource XenonGas added to database
[LOG 23:09:53.590] Resource ElectricCharge added to database
[LOG 23:09:53.590] Resource IntakeAir added to database
[LOG 23:09:53.590] Resource EVA Propellant added to database
[LOG 23:09:53.590] Resource Ore added to database
[LOG 23:09:53.590] Resource Ablator added to database
[LOG 23:09:53.590] [ModuleManager] Reloading Trait configs
[LOG 23:09:53.591] ExperienceSystemConfig: Added Effect 'DeployedSciencePowerSkill' to Trait 'Ingénieur'
[LOG 23:09:53.591] ExperienceSystemConfig: Added Effect 'DeployedScienceExpSkill' to Trait 'Scientifique'
[LOG 23:09:53.591] [ModuleManager] Reloading Part Upgrades
[LOG 23:09:53.591] [ModuleManager] Setting modded physics as the active one
[LOG 23:09:53.592] PhysicsGlobals: Loading database
[LOG 23:09:53.593] [ModuleManager] Running post patch callbacks
[LOG 23:09:53.602] [KSPCommunityFixes] Patch AutoStrutDrift applied.
[LOG 23:09:53.606] [KSPCommunityFixes] Patch EditorAnimatedPartsShipModified applied.
[LOG 23:09:53.610] [KSPCommunityFixes] Patch DragCubeLoadException applied.
[LOG 23:09:53.614] [KSPCommunityFixes] Patch DoubleCurvePreserveTangents applied.
[LOG 23:09:53.647] [KSPCommunityFixes] Patch DockingPortRotationDriftAndFixes applied.
[LOG 23:09:53.687] [KSPCommunityFixes] Patch DockingPortConserveMomentum applied.
[LOG 23:09:53.691] [KSPCommunityFixes] Patch DebugConsoleDontStealInput applied.
[LOG 23:09:53.695] [KSPCommunityFixes] Patch CorrectDragForFlags applied.
[LOG 23:09:53.697] [KSPCommunityFixes] Patch CometMiningNotRemovingMass applied.
[LOG 23:09:53.705] [KSPCommunityFixes] Patch ChutePhantomSymmetry applied.
[LOG 23:09:53.707] [KSPCommunityFixes] Patch CometSpawnerUniqueFlightId applied.
[LOG 23:09:53.708] [KSPCommunityFixes] Patch AsteroidSpawnerUniqueFlightId applied.
[LOG 23:09:53.709] [KSPCommunityFixes] Patch AsteroidInfiniteMining applied.
[LOG 23:09:53.730] [KSPCommunityFixes] Patch PersistentIConfigNode applied.
[LOG 23:09:53.731] [KSPCommunityFixes] Patch OnSymmetryFieldChanged not applied (not enabled in Settings.cfg)
[LOG 23:09:53.731] [KSPCommunityFixes] Patch ModUpgradePipeline not applied (not enabled in Settings.cfg)
[LOG 23:09:53.731] [KSPCommunityFixes] Patch KSPFieldEnumDesc not applied (not enabled in Settings.cfg)
[LOG 23:09:53.732] [KSPCommunityFixes] Patch EventProfilerMarkers not applied (not enabled in Settings.cfg)
[LOG 23:09:53.732] [KSPCommunityFixes] Patch DockingPortLockedEvents not applied (not enabled in Settings.cfg)
[LOG 23:09:53.734] [KSPCommunityFixes] Patch DepartmentHeadImage applied.
[LOG 23:09:53.744] [KSPCommunityFixes] Patch BaseFieldListUseFieldHost applied.
[LOG 23:09:53.765] [KSPCommunityFixes] Patch ResourceConverterPerf applied.
[LOG 23:09:53.770] [KSPCommunityFixes] Patch ProgressTrackingSpeedBoost applied.
[LOG 23:09:53.772] [KSPCommunityFixes] Patch PQSUpdateNoMemoryAlloc applied.
[LOG 23:09:53.772] [KSPCommunityFixes] Patch PQSOnlyStartOnce not applied (not enabled in Settings.cfg)
[LOG 23:09:53.781] [KSPCommunityFixes] Patch PQSCoroutineLeak applied.
[LOG 23:09:53.803] [KSPCommunityFixes] Patch PartSystemsFastUpdate applied.
[LOG 23:09:53.819] [KSPCommunityFixes] Patch PartParsingPerf applied.
[LOG 23:09:53.822] [KSPCommunityFixes] Patch EnginePlateAirstreamShieldedTopPart applied.
[LOG 23:09:53.827] [KSPCommunityFixes] Patch EVAConstructionMass applied.
[LOG 23:09:53.832] [KSPCommunityFixes] Patch EVAConstructionUninitializedInventory applied.
[LOG 23:09:53.840] [KSPCommunityFixes] Patch EVAKerbalRecovery applied.
[LOG 23:09:53.844] [KSPCommunityFixes] Patch TimeWarpOrbitShift applied.
[LOG 23:09:53.845] [KSPCommunityFixes] Patch TimeWarpBodyCollision applied.
[LOG 23:09:53.857] [KSPCommunityFixes] Patch ThumbnailSpotlight applied.
[LOG 23:09:53.862] [KSPCommunityFixes] Patch SymmetryReferenceOnDelete applied.
[LOG 23:09:53.862] [KSPCommunityFixes] Patch StrategyDuration not applied (not enabled in Settings.cfg)
[LOG 23:09:53.864] [KSPCommunityFixes] Patch StockAlarmDescPreserveLineBreak applied.
[LOG 23:09:53.888] [KSPCommunityFixes] Patch StickySplashedFixer applied.
[LOG 23:09:53.893] [KSPCommunityFixes] Patch ScatterDistribution applied.
[LOG 23:09:53.915] [KSPCommunityFixes] Patch RoboticsDrift applied.
[LOG 23:09:53.917] [KSPCommunityFixes] Patch RestoreMaxPhysicsDT applied.
[LOG 23:09:53.929] [KSPCommunityFixes] Patch RespawnDeadKerbals applied.
[LOG 23:09:53.933] [KSPCommunityFixes] Patch RescaledRoboticParts applied.
[LOG 23:09:53.935] [KSPCommunityFixes] Patch ReRootPreserveSurfaceAttach applied.
[LOG 23:09:53.950] [KSPCommunityFixes] Patch OptimizedModuleRaycasts applied.
[LOG 23:09:53.955] GetSubclassesOfParentClass: Found 1 types with ModuleInventoryPart parent in 9 assemblies.
[LOG 23:09:53.959] [KSPCommunityFixes] Patch RefundingOnRecovery applied.
[LOG 23:09:53.959] [KSPCommunityFixes] Patch PatchedConicEncounterFlickering applied.
[LOG 23:09:53.968] [KSPCommunityFixes] Patch PartListTooltipIconSpin applied.
[LOG 23:09:53.970] [KSPCommunityFixes] Patch PackedPartsRotation applied.
[LOG 23:09:53.981] [KSPCommunityFixes] Patch ModulePartVariantsNodePersistence applied.
[LOG 23:09:53.983] [KSPCommunityFixes] Patch ModuleAnimateGenericCrewModSpawnIVA applied.
[LOG 23:09:53.984] [KSPCommunityFixes] Patch ModuleActiveRadiatorNoParentException applied.
[LOG 23:09:53.987] [KSPCommunityFixes] Patch MapTargetBodyWithEncounter applied.
[LOG 23:09:53.989] [KSPCommunityFixes] Patch LostSoundAfterSceneSwitch applied.
[LOG 23:09:53.998] [KSPCommunityFixes] Patch LadderToggleableLight applied.
[LOG 23:09:54.009] [KSPCommunityFixes] Patch InventoryPartMass applied.
[LOG 23:09:54.017] [KSPCommunityFixes] Patch HarvesterECConsumption applied.
[LOG 23:09:54.018] [KSPCommunityFixes] Patch FixGetUnivseralTime applied.
[LOG 23:09:54.030] [KSPCommunityFixes] Patch ExtendedDeployableParts applied.
[LOG 23:09:54.032] [KSPCommunityFixes] Patch PropellantFlowDescription applied.
[LOG 23:09:54.048] [KSPCommunityFixes] Patch OptimisedVectorLines applied.
[LOG 23:09:54.055] [KSPCommunityFixes] Patch ModuleDockingNodeFindOtherNodesFaster applied.
[LOG 23:09:54.058] [KSPCommunityFixes] Patch ModuleColorChangerOptimization applied.
[LOG 23:09:54.063] [KSPCommunityFixes] Patch AutoSavedCraftNameAtLaunch applied.
[LOG 23:09:54.080] [KSPCommunityFixes] Patch PAWCollapsedInventories applied.
[LOG 23:09:54.084] [KSPCommunityFixes] Patch UIFloatEditNumericInput applied.
[LOG 23:09:54.103] [KSPCommunityFixes] Patch PAWStockGroups applied.
[LOG 23:09:54.111] [KSPCommunityFixes] Patch AltimeterHorizontalPosition applied.
[LOG 23:09:54.128] [KSPCommunityFixes] Patch SceneLoadSpeedBoost applied.
[LOG 23:09:54.170] [KSPCommunityFixes] Patch OnDemandPartBuoyancy applied.
[LOG 23:09:54.171] [KSPCommunityFixes] Patch ForceSyncSceneSwitch applied.
[LOG 23:09:54.171] [KSPCommunityFixes] Patch FewerSaves not applied (not enabled in Settings.cfg)
[LOG 23:09:54.172] [KSPCommunityFixes] Patch WheelInertiaLimit applied.
[LOG 23:09:54.172] [KSPCommunityFixes] Patch StockAlarmCustomFormatterDate isn't applicable to this KSP version.
[LOG 23:09:54.177] [KSPCommunityFixes] Patch ROCValidationOOR applied.
[LOG 23:09:54.181] [KSPCommunityFixes] Patch ZeroCostTechNodes applied.
[LOG 23:09:54.181] [KSPCommunityFixes] Patch ReactionWheelsPotentialTorque applied.
[LOG 23:09:54.185] [KSPCommunityFixes] Patch PAWGroupMemory applied.
[LOG 23:09:54.217] [KSPCommunityFixes] Patch PartStartStability applied.
[LOG 23:09:54.223] [KSPCommunityFixes] Patch PartBoundsIgnoreDisabledTransforms applied.
[LOG 23:09:54.257] [KSPCommunityFixes] Patch ModuleIndexingMismatch applied.
[LOG 23:09:54.261] [KSPCommunityFixes] Patch MapSOCorrectWrapping applied.
[LOG 23:09:54.261] [KSPCommunityFixes] Patch KerbalTooltipMaxSustainedG applied.
[LOG 23:09:54.264] [KSPCommunityFixes] Patch KerbalInventoryPersistence applied.
[LOG 23:09:54.264] [KSPCommunityFixes] Patch FlightSceneLoadKraken not applied (not enabled in Settings.cfg)
[LOG 23:09:54.265] [KSPCommunityFixes] Patch FIUpdateRadiation applied.
[LOG 23:09:54.268] [KSPCommunityFixes] Patch FastAndFixedEnumExtensions applied.
[LOG 23:09:54.301] [KSPCommunityFixes] Patch DeltaVHideWhenDisabled applied.
[LOG 23:09:54.305] [KSPCommunityFixes] Patch BlockMapViewPartClick applied.
[LOG 23:09:54.309] [KSPCommunityFixes] Patch PAWItemsOrder applied.
[LOG 23:09:54.358] [KSPCommunityFixes] Patch BetterEditorUndoRedo applied.
[LOG 23:09:54.368] [KSPCommunityFixes] Patch AutostrutActions applied.
[LOG 23:09:54.368] [KSPCommunityFixes] Patch DisableNewGameIntro not applied (not enabled in Settings.cfg)
[LOG 23:09:54.393] [KSPCommunityFixes] Patch MinorPerfTweaks applied.
[LOG 23:09:54.458] [KSPCommunityFixes] Patch MemoryLeaks applied.
[LOG 23:09:54.463] [KSPCommunityFixes] Patch LowerMinPhysicsDTPerFrame applied.
[LOG 23:09:54.467] [KSPCommunityFixes] Patch LocalizerPerf applied.
[LOG 23:09:54.469] [KSPCommunityFixes] Patch IMGUIOptimization applied.
[LOG 23:09:54.491] [KSPCommunityFixes] Patch FloatingOriginPerf applied.
[LOG 23:09:54.535] [KSPCommunityFixes] Patch FlightIntegratorPerf applied.
[LOG 23:09:54.539] [KSPCommunityFixes] Patch FasterPartFindTransform applied.
[LOG 23:09:54.549] [KSPCommunityFixes] Patch FasterEditorPartList applied.
[LOG 23:09:54.551] [KSPCommunityFixes] Patch ExpansionBundlePreload applied.
[LOG 23:09:54.562] [KSPCommunityFixes] Patch DragCubeGeneration applied.
[LOG 23:09:54.565] [KSPCommunityFixes] Patch DisableMapUpdateInFlight applied.
[LOG 23:09:54.566] [KSPCommunityFixes] Patch DisableHiddenPortraits applied.
[LOG 23:09:54.567] [KSPCommunityFixes] Patch DisableManeuverTool applied.
[LOG 23:09:54.594] [KSPCommunityFixes] Patch CraftBrowserOptimisations applied.
[LOG 23:09:54.596] [KSPCommunityFixes] Patch CommNetThrottling applied.
[LOG 23:09:54.599] [KSPCommunityFixes] Patch FairingMouseOverPersistence applied.
[LOG 23:09:54.614] [KSPCommunityFixes] Patch OptionalMakingHistoryDLCFeatures applied.
[LOG 23:09:54.632] [KSPCommunityFixes] Patch ResourceLockActions applied.
[LOG 23:09:54.638] [KSPCommunityFixes] Patch ShowContractFinishDates applied.
[LOG 23:09:54.645] [KSPCommunityFixes] Patch TargetParentBody applied.
[LOG 23:09:54.667] [KSPCommunityFixes] Patch ToolbarShowHide applied.
[LOG 23:09:54.670] [KSPCommunityFixes] Patch ContractProgressEnumCache applied.
[LOG 23:09:54.684] [KSPCommunityFixes] Patch ActiveRadiatorPerf applied.
[LOG 23:09:54.689] [KSPCommunityFixes] Patch CargoBayPerf applied.
[LOG 23:09:54.704] [KSPCommunityFixes] Patch CollisionEnhancerFastUpdate applied.
[LOG 23:09:54.709] [KSPCommunityFixes] Patch CollisionManagerFastUpdate applied.
[LOG 23:09:54.714] [KSPCommunityFixes] Patch AsteroidAndCometDrillCache applied.
[LOG 23:09:54.723] [KSPCommunityFixes] Patch TweakableWheelsAutostrut applied.
[LOG 23:09:54.743] [KSPCommunityFixes] Patch PatchSettings applied.
[LOG 23:09:54.777] [KSPCommunityFixes] Patch UpgradeBugs applied.
[LOG 23:09:54.777] [KSPCommunityFixes] Patch PartTooltipUpgradesApplyToSubstituteParts not applied (not enabled in Settings.cfg)
[LOG 23:09:54.837] [ModuleManager] Calling ConfigNodePerf.ModuleManagerPostLoad()
[LOG 23:09:54.838] [ModuleManager] Post patch ran in 1.253s
[LOG 23:09:54.855] PartLoader: Creating part database
[LOG 23:09:54.857] PartLoader: Compiling Part 'Squad/Parts/Aero/aerodynamicNoseCone/aerodynamicNoseCone/noseCone'
[LOG 23:09:54.873] EffectList: Created 15 effect types
[LOG 23:09:54.949] PartLoader: Part 'Squad/Parts/Aero/aerodynamicNoseCone/aerodynamicNoseCone/noseCone' has no database record. Creating.
[LOG 23:09:54.950] [DragCubeSystem]: Drag cubes not found or cannot be read for part Part. Generating New drag cubes.
[LOG 23:09:54.950] [KSPCF/DragCubeGeneration] Creating drag cubes for part 'noseCone'
[LOG 23:09:54.990] PartLoader: Compiling Part 'Squad/Parts/Aero/airbrake/Airbrake/airbrake1'
[LOG 23:09:55.035] PartLoader: Part 'Squad/Parts/Aero/airbrake/Airbrake/airbrake1' has no database record. Creating.
[LOG 23:09:55.035] [DragCubeSystem]: Drag cubes not found or cannot be read for part Part. Generating New drag cubes.
[LOG 23:09:55.035] [KSPCF/DragCubeGeneration] Creating drag cubes for part 'airbrake1'
[LOG 23:09:55.071] PartLoader: Compiling Part 'Squad/Parts/Aero/airIntakeRadialXM-G50/airIntakeRadialXM-G50/airScoop'
[LOG 23:09:55.080] PartLoader: Part 'Squad/Parts/Aero/airIntakeRadialXM-G50/airIntakeRadialXM-G50/airScoop' has no database record. Creating.
[LOG 23:09:55.080] [DragCubeSystem]: Drag cubes not found or cannot be read for part Part. Generating New drag cubes.
[LOG 23:09:55.080] [KSPCF/DragCubeGeneration] Creating drag cubes for part 'airScoop'
[LOG 23:09:55.089] PartLoader: Compiling Part 'Squad/Parts/Aero/airlinerWings/ControlSurface/airlinerCtrlSrf'
[LOG 23:09:55.096] PartLoader: Part 'Squad/Parts/Aero/airlinerWings/ControlSurface/airlinerCtrlSrf' has no database record. Creating.
[LOG 23:09:55.096] [DragCubeSystem]: Drag cubes not found or cannot be read for part Part. Generating New drag cubes.
[LOG 23:09:55.097] [KSPCF/DragCubeGeneration] Creating drag cubes for part 'airlinerCtrlSrf'
[LOG 23:09:55.131] PartLoader: Compiling Part 'Squad/Parts/Aero/airlinerWings/MainWing/airlinerMainWing'
[LOG 23:09:55.135] PartLoader: Part 'Squad/Parts/Aero/airlinerWings/MainWing/airlinerMainWing' has no database record. Creating.
[LOG 23:09:55.135] [DragCubeSystem]: Drag cubes not found or cannot be read for part Part. Generating New drag cubes.
[LOG 23:09:55.135] [KSPCF/DragCubeGeneration] Creating drag cubes for part 'airlinerMainWing'
[LOG 23:09:55.144] PartLoader: Compiling Part 'Squad/Parts/Aero/airlinerWings/TailFin/airlinerTailFin'
[LOG 23:09:55.149] PartLoader: Part 'Squad/Parts/Aero/airlinerWings/TailFin/airlinerTailFin' has no database record. Creating.
[LOG 23:09:55.149] [DragCubeSystem]: Drag cubes not found or cannot be read for part Part. Generating New drag cubes.
[LOG 23:09:55.149] [KSPCF/DragCubeGeneration] Creating drag cubes for part 'airlinerTailFin'
[LOG 23:09:55.173] PartLoader: Compiling Part 'Squad/Parts/Aero/airplaneFins/advancedCanard/AdvancedCanard'
[LOG 23:09:55.177] PartLoader: Part 'Squad/Parts/Aero/airplaneFins/advancedCanard/AdvancedCanard' has no database record. Creating.
[LOG 23:09:55.177] [DragCubeSystem]: Drag cubes not found or cannot be read for part Part. Generating New drag cubes.
[LOG 23:09:55.177] [KSPCF/DragCubeGeneration] Creating drag cubes for part 'AdvancedCanard'
[LOG 23:09:55.199] PartLoader: Compiling Part 'Squad/Parts/Aero/airplaneFins/standardCanard/CanardController'
[LOG 23:09:55.202] PartLoader: Part 'Squad/Parts/Aero/airplaneFins/standardCanard/CanardController' has no database record. Creating.
[LOG 23:09:55.202] [DragCubeSystem]: Drag cubes not found or cannot be read for part Part. Generating New drag cubes.
[LOG 23:09:55.202] [KSPCF/DragCubeGeneration] Creating drag cubes for part 'CanardController'
[LOG 23:09:55.225] PartLoader: Compiling Part 'Squad/Parts/Aero/airplaneFins/sweptWing/sweptWing'
[LOG 23:09:55.229] PartLoader: Part 'Squad/Parts/Aero/airplaneFins/sweptWing/sweptWing' has no database record. Creating.
[LOG 23:09:55.229] [DragCubeSystem]: Drag cubes not found or cannot be read for part Part. Generating New drag cubes.
[LOG 23:09:55.229] [KSPCF/DragCubeGeneration] Creating drag cubes for part 'sweptWing'
[LOG 23:09:55.240] PartLoader: Compiling Part 'Squad/Parts/Aero/airplaneFins/tailfin/tailfin'
[LOG 23:09:55.244] PartLoader: Part 'Squad/Parts/Aero/airplaneFins/tailfin/tailfin' has no database record. Creating.
[LOG 23:09:55.244] [DragCubeSystem]: Drag cubes not found or cannot be read for part Part. Generating New drag cubes.
[LOG 23:09:55.244] [KSPCF/DragCubeGeneration] Creating drag cubes for part 'tailfin'
[LOG 23:09:55.273] PartLoader: Compiling Part 'Squad/Parts/Aero/basicFin/basicFin/basicFin'
[LOG 23:09:55.276] PartLoader: Part 'Squad/Parts/Aero/basicFin/basicFin/basicFin' has no database record. Creating.
[LOG 23:09:55.276] [DragCubeSystem]: Drag cubes not found or cannot be read for part Part. Generating New drag cubes.
[LOG 23:09:55.276] [KSPCF/DragCubeGeneration] Creating drag cubes for part 'basicFin'
[LOG 23:09:55.281] PartLoader: Compiling Part 'Squad/Parts/Aero/circularIntake/circularIntake/CircularIntake'
[LOG 23:09:55.288] PartLoader: Part 'Squad/Parts/Aero/circularIntake/circularIntake/CircularIntake' has no database record. Creating.
[LOG 23:09:55.289] PartLoader: Compiling Part 'Squad/Parts/Aero/circularIntake/intakeShockCone/shockConeIntake'
[LOG 23:09:55.292] PartLoader: Part 'Squad/Parts/Aero/circularIntake/intakeShockCone/shockConeIntake' has no database record. Creating.
[LOG 23:09:55.293] PartLoader: Compiling Part 'Squad/Parts/Aero/cones/avionicsNoseCone/avionicsNoseCone'
[LOG 23:09:55.303] PartLoader: Part 'Squad/Parts/Aero/cones/avionicsNoseCone/avionicsNoseCone' has no database record. Creating.
[LOG 23:09:55.303] [DragCubeSystem]: Drag cubes not found or cannot be read for part Part. Generating New drag cubes.
[LOG 23:09:55.303] [KSPCF/DragCubeGeneration] Creating drag cubes for part 'avionicsNoseCone'
[LOG 23:09:55.314] PartLoader: Compiling Part 'Squad/Parts/Aero/cones/ConeA/pointyNoseConeA'
[LOG 23:09:55.317] PartLoader: Part 'Squad/Parts/Aero/cones/ConeA/pointyNoseConeA' has no database record. Creating.
[LOG 23:09:55.317] [DragCubeSystem]: Drag cubes not found or cannot be read for part Part. Generating New drag cubes.
[LOG 23:09:55.317] [KSPCF/DragCubeGeneration] Creating drag cubes for part 'pointyNoseConeA'
[LOG 23:09:55.322] PartLoader: Compiling Part 'Squad/Parts/Aero/cones/ConeB/pointyNoseConeB'
[LOG 23:09:55.326] PartLoader: Part 'Squad/Parts/Aero/cones/ConeB/pointyNoseConeB' has no database record. Creating.
[LOG 23:09:55.326] [DragCubeSystem]: Drag cubes not found or cannot be read for part Part. Generating New drag cubes.
[LOG 23:09:55.326] [KSPCF/DragCubeGeneration] Creating drag cubes for part 'pointyNoseConeB'
[LOG 23:09:55.332] PartLoader: Compiling Part 'Squad/Parts/Aero/cones/noseConeAdapter/noseConeAdapter'
[LOG 23:09:55.334] PartLoader: Part 'Squad/Parts/Aero/cones/noseConeAdapter/noseConeAdapter' has no database record. Creating.
[LOG 23:09:55.334] [DragCubeSystem]: Drag cubes not found or cannot be read for part Part. Generating New drag cubes.
[LOG 23:09:55.334] [KSPCF/DragCubeGeneration] Creating drag cubes for part 'noseConeAdapter'
[LOG 23:09:55.341] PartLoader: Compiling Part 'Squad/Parts/Aero/cones/protectiveRocketNoseMk7_v2/rocketNoseCone_v2'
[LOG 23:09:55.343] PartLoader: Part 'Squad/Parts/Aero/cones/protectiveRocketNoseMk7_v2/rocketNoseCone_v2' has no database record. Creating.
[LOG 23:09:55.343] [DragCubeSystem]: Drag cubes not found or cannot be read for part Part. Generating New drag cubes.
[LOG 23:09:55.343] [KSPCF/DragCubeGeneration] Creating drag cubes for part 'rocketNoseCone.v2'
[LOG 23:09:55.350] PartLoader: Compiling Part 'Squad/Parts/Aero/cones/protectiveRocketNoseMk7_v3/rocketNoseCone_v3'
[LOG 23:09:55.353] PartLoader: Part 'Squad/Parts/Aero/cones/protectiveRocketNoseMk7_v3/rocketNoseCone_v3' has no database record. Creating.
[LOG 23:09:55.353] [DragCubeSystem]: Drag cubes not found or cannot be read for part Part. Generating New drag cubes.
[LOG 23:09:55.353] [KSPCF/DragCubeGeneration] Creating drag cubes for part 'rocketNoseCone.v3'
[LOG 23:09:55.358] PartLoader: Compiling Part 'Squad/Parts/Aero/cones/rocketNoseCone_size3/rocketNoseConeSize3'
[LOG 23:09:55.361] PartLoader: Part 'Squad/Parts/Aero/cones/rocketNoseCone_size3/rocketNoseConeSize3' has no database record. Creating.
[LOG 23:09:55.361] [DragCubeSystem]: Drag cubes not found or cannot be read for part Part. Generating New drag cubes.
[LOG 23:09:55.361] [KSPCF/DragCubeGeneration] Creating drag cubes for part 'rocketNoseConeSize3'
[LOG 23:09:55.367] PartLoader: Compiling Part 'Squad/Parts/Aero/cones/smallNoseCone/standardNoseCone'
[LOG 23:09:55.369] PartLoader: Part 'Squad/Parts/Aero/cones/smallNoseCone/standardNoseCone' has no database record. Creating.
[LOG 23:09:55.369] [DragCubeSystem]: Drag cubes not found or cannot be read for part Part. Generating New drag cubes.
[LOG 23:09:55.369] [KSPCF/DragCubeGeneration] Creating drag cubes for part 'standardNoseCone'
[LOG 23:09:55.375] PartLoader: Compiling Part 'Squad/Parts/Aero/cones/tailConnectorA/airplaneTail'
[LOG 23:09:55.377] PartLoader: Part 'Squad/Parts/Aero/cones/tailConnectorA/airplaneTail' has no database record. Creating.
[LOG 23:09:55.377] [DragCubeSystem]: Drag cubes not found or cannot be read for part Part. Generating New drag cubes.
[LOG 23:09:55.377] [KSPCF/DragCubeGeneration] Creating drag cubes for part 'airplaneTail'
[LOG 23:09:55.383] PartLoader: Compiling Part 'Squad/Parts/Aero/cones/tailConnectorB/airplaneTailB'
[LOG 23:09:55.385] PartLoader: Part 'Squad/Parts/Aero/cones/tailConnectorB/airplaneTailB' has no database record. Creating.
[LOG 23:09:55.385] [DragCubeSystem]: Drag cubes not found or cannot be read for part Part. Generating New drag cubes.
[LOG 23:09:55.385] [KSPCF/DragCubeGeneration] Creating drag cubes for part 'airplaneTailB'
[LOG 23:09:55.391] PartLoader: Compiling Part 'Squad/Parts/Aero/fairings/fairingSize1/fairingSize1'
[LOG 23:09:55.414] PartLoader: Part 'Squad/Parts/Aero/fairings/fairingSize1/fairingSize1' has no database record. Creating.
[LOG 23:09:55.414] [DragCubeSystem]: Drag cubes not found or cannot be read for part Part. Generating New drag cubes.
[LOG 23:09:55.414] [KSPCF/DragCubeGeneration] Creating drag cubes for part 'fairingSize1'
[LOG 23:09:55.421] PartLoader: Compiling Part 'Squad/Parts/Aero/fairings/fairingSize2/fairingSize2'
[LOG 23:09:55.429] PartLoader: Part 'Squad/Parts/Aero/fairings/fairingSize2/fairingSize2' has no database record. Creating.
[LOG 23:09:55.429] [DragCubeSystem]: Drag cubes not found or cannot be read for part Part. Generating New drag cubes.
[LOG 23:09:55.429] [KSPCF/DragCubeGeneration] Creating drag cubes for part 'fairingSize2'
[LOG 23:09:55.435] PartLoader: Compiling Part 'Squad/Parts/Aero/fairings/fairingSize3/fairingSize3'
[LOG 23:09:55.444] PartLoader: Part 'Squad/Parts/Aero/fairings/fairingSize3/fairingSize3' has no database record. Creating.
[LOG 23:09:55.444] [DragCubeSystem]: Drag cubes not found or cannot be read for part Part. Generating New drag cubes.
[LOG 23:09:55.444] [KSPCF/DragCubeGeneration] Creating drag cubes for part 'fairingSize3'
[LOG 23:09:55.451] PartLoader: Compiling Part 'Squad/Parts/Aero/HeatShield/HeatShield0/HeatShield0'
[LOG 23:09:55.462] PartLoader: Part 'Squad/Parts/Aero/HeatShield/HeatShield0/HeatShield0' has no database record. Creating.
[LOG 23:09:55.462] [DragCubeSystem]: Drag cubes not found or cannot be read for part Part. Generating New drag cubes.
[LOG 23:09:55.462] [KSPCF/DragCubeGeneration] Creating drag cubes for part 'HeatShield0'
[LOG 23:09:55.470] PartLoader: Compiling Part 'Squad/Parts/Aero/HeatShield/HeatShield1/HeatShield1'
[LOG 23:09:55.477] PartLoader: Part 'Squad/Parts/Aero/HeatShield/HeatShield1/HeatShield1' has no database record. Creating.
[LOG 23:09:55.477] [DragCubeSystem]: Drag cubes not found or cannot be read for part Part. Generating New drag cubes.
[LOG 23:09:55.477] [KSPCF/DragCubeGeneration] Creating drag cubes for part 'HeatShield1'
[LOG 23:09:55.495] PartLoader: Compiling Part 'Squad/Parts/Aero/HeatShield/HeatShield2/HeatShield2'
[LOG 23:09:55.500] PartLoader: Part 'Squad/Parts/Aero/HeatShield/HeatShield2/HeatShield2' has no database record. Creating.
[LOG 23:09:55.500] [DragCubeSystem]: Drag cubes not found or cannot be read for part Part. Generating New drag cubes.
[LOG 23:09:55.500] [KSPCF/DragCubeGeneration] Creating drag cubes for part 'HeatShield2'
[LOG 23:09:55.517] PartLoader: Compiling Part 'Squad/Parts/Aero/HeatShield/HeatShield3/HeatShield3'
[LOG 23:09:55.523] PartLoader: Part 'Squad/Parts/Aero/HeatShield/HeatShield3/HeatShield3' has no database record. Creating.
[LOG 23:09:55.523] [DragCubeSystem]: Drag cubes not found or cannot be read for part Part. Generating New drag cubes.
[LOG 23:09:55.523] [KSPCF/DragCubeGeneration] Creating drag cubes for part 'HeatShield3'
[LOG 23:09:55.539] PartLoader: Compiling Part 'Squad/Parts/Aero/InflatableHeatShield/HeatShield/InflatableHeatShield'
[LOG 23:09:55.545] PartLoader: Part 'Squad/Parts/Aero/InflatableHeatShield/HeatShield/InflatableHeatShield' has no database record. Creating.
[LOG 23:09:55.545] [DragCubeSystem]: Drag cubes not found or cannot be read for part Part. Generating New drag cubes.
[LOG 23:09:55.545] [KSPCF/DragCubeGeneration] Creating drag cubes for part 'InflatableHeatShield'
[LOG 23:09:55.562] PartLoader: Compiling Part 'Squad/Parts/Aero/intakeRadialLong/intakeRadialLong/IntakeRadialLong'
[LOG 23:09:55.565] PartLoader: Part 'Squad/Parts/Aero/intakeRadialLong/intakeRadialLong/IntakeRadialLong' has no database record. Creating.
[LOG 23:09:55.565] [DragCubeSystem]: Drag cubes not found or cannot be read for part Part. Generating New drag cubes.
[LOG 23:09:55.565] [KSPCF/DragCubeGeneration] Creating drag cubes for part 'IntakeRadialLong'
[LOG 23:09:55.570] PartLoader: Compiling Part 'Squad/Parts/Aero/miniIntake/SmallIntake/miniIntake'
[LOG 23:09:55.572] PartLoader: Part 'Squad/Parts/Aero/miniIntake/SmallIntake/miniIntake' has no database record. Creating.
[LOG 23:09:55.572] PartLoader: Compiling Part 'Squad/Parts/Aero/ramAirIntake/ramAirIntake/ramAirIntake'
[LOG 23:09:55.574] PartLoader: Part 'Squad/Parts/Aero/ramAirIntake/ramAirIntake/ramAirIntake' has no database record. Creating.
[LOG 23:09:55.575] PartLoader: Compiling Part 'Squad/Parts/Aero/shuttleWings/delta/wingShuttleDelta'
[LOG 23:09:55.576] PartLoader: Part 'Squad/Parts/Aero/shuttleWings/delta/wingShuttleDelta' has no database record. Creating.
[LOG 23:09:55.576] [DragCubeSystem]: Drag cubes not found or cannot be read for part Part. Generating New drag cubes.
[LOG 23:09:55.576] [KSPCF/DragCubeGeneration] Creating drag cubes for part 'wingShuttleDelta'
[LOG 23:09:55.580] PartLoader: Compiling Part 'Squad/Parts/Aero/shuttleWings/elevon1/wingShuttleElevon1'
[LOG 23:09:55.585] PartLoader: Part 'Squad/Parts/Aero/shuttleWings/elevon1/wingShuttleElevon1' has no database record. Creating.
[LOG 23:09:55.585] [DragCubeSystem]: Drag cubes not found or cannot be read for part Part. Generating New drag cubes.
[LOG 23:09:55.585] [KSPCF/DragCubeGeneration] Creating drag cubes for part 'wingShuttleElevon1'
[LOG 23:09:55.606] PartLoader: Compiling Part 'Squad/Parts/Aero/shuttleWings/elevon2/wingShuttleElevon2'
[LOG 23:09:55.609] PartLoader: Part 'Squad/Parts/Aero/shuttleWings/elevon2/wingShuttleElevon2' has no database record. Creating.
[LOG 23:09:55.609] [DragCubeSystem]: Drag cubes not found or cannot be read for part Part. Generating New drag cubes.
[LOG 23:09:55.609] [KSPCF/DragCubeGeneration] Creating drag cubes for part 'wingShuttleElevon2'
[LOG 23:09:55.630] PartLoader: Compiling Part 'Squad/Parts/Aero/shuttleWings/rudder/wingShuttleRudder'
[LOG 23:09:55.632] PartLoader: Part 'Squad/Parts/Aero/shuttleWings/rudder/wingShuttleRudder' has no database record. Creating.
[LOG 23:09:55.633] [DragCubeSystem]: Drag cubes not found or cannot be read for part Part. Generating New drag cubes.
[LOG 23:09:55.633] [KSPCF/DragCubeGeneration] Creating drag cubes for part 'wingShuttleRudder'
[LOG 23:09:55.652] PartLoader: Compiling Part 'Squad/Parts/Aero/shuttleWings/strake/wingShuttleStrake'
[LOG 23:09:55.655] PartLoader: Part 'Squad/Parts/Aero/shuttleWings/strake/wingShuttleStrake' has no database record. Creating.
[LOG 23:09:55.655] [DragCubeSystem]: Drag cubes not found or cannot be read for part Part. Generating New drag cubes.
[LOG 23:09:55.655] [KSPCF/DragCubeGeneration] Creating drag cubes for part 'wingShuttleStrake'
[LOG 23:09:55.659] PartLoader: Compiling Part 'Squad/Parts/Aero/wingletAV-R8/wingletAV-R8/R8winglet'
[LOG 23:09:55.661] PartLoader: Part 'Squad/Parts/Aero/wingletAV-R8/wingletAV-R8/R8winglet' has no database record. Creating.
[LOG 23:09:55.662] [DragCubeSystem]: Drag cubes not found or cannot be read for part Part. Generating New drag cubes.
[LOG 23:09:55.662] [KSPCF/DragCubeGeneration] Creating drag cubes for part 'R8winglet'
[LOG 23:09:55.682] PartLoader: Compiling Part 'Squad/Parts/Aero/wingletAV-T1/wingletAV-T1/winglet'
[LOG 23:09:55.684] PartLoader: Part 'Squad/Parts/Aero/wingletAV-T1/wingletAV-T1/winglet' has no database record. Creating.
[LOG 23:09:55.684] [DragCubeSystem]: Drag cubes not found or cannot be read for part Part. Generating New drag cubes.
[LOG 23:09:55.684] [KSPCF/DragCubeGeneration] Creating drag cubes for part 'winglet'
[LOG 23:09:55.689] PartLoader: Compiling Part 'Squad/Parts/Aero/wingletDeltaDeluxe/wingletDeltaDeluxe/winglet3'
[LOG 23:09:55.691] PartLoader: Part 'Squad/Parts/Aero/wingletDeltaDeluxe/wingletDeltaDeluxe/winglet3' has no database record. Creating.
[LOG 23:09:55.691] [DragCubeSystem]: Drag cubes not found or cannot be read for part Part. Generating New drag cubes.
[LOG 23:09:55.691] [KSPCF/DragCubeGeneration] Creating drag cubes for part 'winglet3'
[LOG 23:09:55.713] PartLoader: Compiling Part 'Squad/Parts/Aero/wings/connector1/wingConnector'
[LOG 23:09:55.716] PartLoader: Part 'Squad/Parts/Aero/wings/connector1/wingConnector' has no database record. Creating.
[LOG 23:09:55.716] [DragCubeSystem]: Drag cubes not found or cannot be read for part Part. Generating New drag cubes.
[LOG 23:09:55.716] [KSPCF/DragCubeGeneration] Creating drag cubes for part 'wingConnector'
[LOG 23:09:55.720] PartLoader: Compiling Part 'Squad/Parts/Aero/wings/connector2/wingConnector2'
[LOG 23:09:55.722] PartLoader: Part 'Squad/Parts/Aero/wings/connector2/wingConnector2' has no database record. Creating.
[LOG 23:09:55.722] [DragCubeSystem]: Drag cubes not found or cannot be read for part Part. Generating New drag cubes.
[LOG 23:09:55.722] [KSPCF/DragCubeGeneration] Creating drag cubes for part 'wingConnector2'
[LOG 23:09:55.726] PartLoader: Compiling Part 'Squad/Parts/Aero/wings/connector3/wingConnector3'
[LOG 23:09:55.729] PartLoader: Part 'Squad/Parts/Aero/wings/connector3/wingConnector3' has no database record. Creating.
[LOG 23:09:55.729] [DragCubeSystem]: Drag cubes not found or cannot be read for part Part. Generating New drag cubes.
[LOG 23:09:55.729] [KSPCF/DragCubeGeneration] Creating drag cubes for part 'wingConnector3'
[LOG 23:09:55.733] PartLoader: Compiling Part 'Squad/Parts/Aero/wings/connector4/wingConnector4'
[LOG 23:09:55.735] PartLoader: Part 'Squad/Parts/Aero/wings/connector4/wingConnector4' has no database record. Creating.
[LOG 23:09:55.736] [DragCubeSystem]: Drag cubes not found or cannot be read for part Part. Generating New drag cubes.
[LOG 23:09:55.736] [KSPCF/DragCubeGeneration] Creating drag cubes for part 'wingConnector4'
[LOG 23:09:55.740] PartLoader: Compiling Part 'Squad/Parts/Aero/wings/connector5/wingConnector5'
[LOG 23:09:55.742] PartLoader: Part 'Squad/Parts/Aero/wings/connector5/wingConnector5' has no database record. Creating.
[LOG 23:09:55.742] [DragCubeSystem]: Drag cubes not found or cannot be read for part Part. Generating New drag cubes.
[LOG 23:09:55.742] [KSPCF/DragCubeGeneration] Creating drag cubes for part 'wingConnector5'
[LOG 23:09:55.748] PartLoader: Compiling Part 'Squad/Parts/Aero/wings/delta/deltaWing'
[LOG 23:09:55.750] PartLoader: Part 'Squad/Parts/Aero/wings/delta/deltaWing' has no database record. Creating.
[LOG 23:09:55.750] [DragCubeSystem]: Drag cubes not found or cannot be read for part Part. Generating New drag cubes.
[LOG 23:09:55.750] [KSPCF/DragCubeGeneration] Creating drag cubes for part 'deltaWing'
[LOG 23:09:55.754] PartLoader: Compiling Part 'Squad/Parts/Aero/wings/delta_small/delta_small'
[LOG 23:09:55.755] PartLoader: Part 'Squad/Parts/Aero/wings/delta_small/delta_small' has no database record. Creating.
[LOG 23:09:55.755] [DragCubeSystem]: Drag cubes not found or cannot be read for part Part. Generating New drag cubes.
[LOG 23:09:55.755] [KSPCF/DragCubeGeneration] Creating drag cubes for part 'delta.small'
[LOG 23:09:55.760] PartLoader: Compiling Part 'Squad/Parts/Aero/wings/elevon1/StandardCtrlSrf'
[LOG 23:09:55.763] PartLoader: Part 'Squad/Parts/Aero/wings/elevon1/StandardCtrlSrf' has no database record. Creating.
[LOG 23:09:55.763] [DragCubeSystem]: Drag cubes not found or cannot be read for part Part. Generating New drag cubes.
[LOG 23:09:55.763] [KSPCF/DragCubeGeneration] Creating drag cubes for part 'StandardCtrlSrf'
[LOG 23:09:55.783] PartLoader: Compiling Part 'Squad/Parts/Aero/wings/elevon2/elevon2'
[LOG 23:09:55.787] PartLoader: Part 'Squad/Parts/Aero/wings/elevon2/elevon2' has no database record. Creating.
[LOG 23:09:55.787] [DragCubeSystem]: Drag cubes not found or cannot be read for part Part. Generating New drag cubes.
[LOG 23:09:55.787] [KSPCF/DragCubeGeneration] Creating drag cubes for part 'elevon2'
[LOG 23:09:55.807] PartLoader: Compiling Part 'Squad/Parts/Aero/wings/elevon3/elevon3'
[LOG 23:09:55.811] PartLoader: Part 'Squad/Parts/Aero/wings/elevon3/elevon3' has no database record. Creating.
[LOG 23:09:55.811] [DragCubeSystem]: Drag cubes not found or cannot be read for part Part. Generating New drag cubes.
[LOG 23:09:55.811] [KSPCF/DragCubeGeneration] Creating drag cubes for part 'elevon3'
[LOG 23:09:55.833] PartLoader: Compiling Part 'Squad/Parts/Aero/wings/elevon4/smallCtrlSrf'
[LOG 23:09:55.836] PartLoader: Part 'Squad/Parts/Aero/wings/elevon4/smallCtrlSrf' has no database record. Creating.
[LOG 23:09:55.836] [DragCubeSystem]: Drag cubes not found or cannot be read for part Part. Generating New drag cubes.
[LOG 23:09:55.836] [KSPCF/DragCubeGeneration] Creating drag cubes for part 'smallCtrlSrf'
[LOG 23:09:55.858] PartLoader: Compiling Part 'Squad/Parts/Aero/wings/elevon5/elevon5'
[LOG 23:09:55.861] PartLoader: Part 'Squad/Parts/Aero/wings/elevon5/elevon5' has no database record. Creating.
[LOG 23:09:55.861] [DragCubeSystem]: Drag cubes not found or cannot be read for part Part. Generating New drag cubes.
[LOG 23:09:55.861] [KSPCF/DragCubeGeneration] Creating drag cubes for part 'elevon5'
[LOG 23:09:55.881] PartLoader: Compiling Part 'Squad/Parts/Aero/wings/strake/wingStrake'
[LOG 23:09:55.883] PartLoader: Part 'Squad/Parts/Aero/wings/strake/wingStrake' has no database record. Creating.
[LOG 23:09:55.883] [DragCubeSystem]: Drag cubes not found or cannot be read for part Part. Generating New drag cubes.
[LOG 23:09:55.883] [KSPCF/DragCubeGeneration] Creating drag cubes for part 'wingStrake'
[LOG 23:09:55.887] PartLoader: Compiling Part 'Squad/Parts/Aero/wings/structural1/structuralWing'
[LOG 23:09:55.890] PartLoader: Part 'Squad/Parts/Aero/wings/structural1/structuralWing' has no database record. Creating.
[LOG 23:09:55.890] [DragCubeSystem]: Drag cubes not found or cannot be read for part Part. Generating New drag cubes.
[LOG 23:09:55.890] [KSPCF/DragCubeGeneration] Creating drag cubes for part 'structuralWing'
[LOG 23:09:55.895] PartLoader: Compiling Part 'Squad/Parts/Aero/wings/structural2/structuralWing2'
[LOG 23:09:55.899] PartLoader: Part 'Squad/Parts/Aero/wings/structural2/structuralWing2' has no database record. Creating.
[LOG 23:09:55.899] [DragCubeSystem]: Drag cubes not found or cannot be read for part Part. Generating New drag cubes.
[LOG 23:09:55.899] [KSPCF/DragCubeGeneration] Creating drag cubes for part 'structuralWing2'
[LOG 23:09:55.903] PartLoader: Compiling Part 'Squad/Parts/Aero/wings/structural3/structuralWing3'
[LOG 23:09:55.905] PartLoader: Part 'Squad/Parts/Aero/wings/structural3/structuralWing3' has no database record. Creating.
[LOG 23:09:55.905] [DragCubeSystem]: Drag cubes not found or cannot be read for part Part. Generating New drag cubes.
[LOG 23:09:55.905] [KSPCF/DragCubeGeneration] Creating drag cubes for part 'structuralWing3'
[LOG 23:09:55.909] PartLoader: Compiling Part 'Squad/Parts/Aero/wings/structural4/structuralWing4'
[LOG 23:09:55.911] PartLoader: Part 'Squad/Parts/Aero/wings/structural4/structuralWing4' has no database record. Creating.
[LOG 23:09:55.911] [DragCubeSystem]: Drag cubes not found or cannot be read for part Part. Generating New drag cubes.
[LOG 23:09:55.911] [KSPCF/DragCubeGeneration] Creating drag cubes for part 'structuralWing4'
[LOG 23:09:55.916] PartLoader: Compiling Part 'Squad/Parts/Aero/wings/swept1/sweptWing1'
[LOG 23:09:55.918] PartLoader: Part 'Squad/Parts/Aero/wings/swept1/sweptWing1' has no database record. Creating.
[LOG 23:09:55.918] [DragCubeSystem]: Drag cubes not found or cannot be read for part Part. Generating New drag cubes.
[LOG 23:09:55.918] [KSPCF/DragCubeGeneration] Creating drag cubes for part 'sweptWing1'
[LOG 23:09:55.922] PartLoader: Compiling Part 'Squad/Parts/Aero/wings/swept2/sweptWing2'
[LOG 23:09:55.924] PartLoader: Part 'Squad/Parts/Aero/wings/swept2/sweptWing2' has no database record. Creating.
[LOG 23:09:55.924] [DragCubeSystem]: Drag cubes not found or cannot be read for part Part. Generating New drag cubes.
[LOG 23:09:55.924] [KSPCF/DragCubeGeneration] Creating drag cubes for part 'sweptWing2'
[LOG 23:09:55.929] PartLoader: Compiling Part 'Squad/Parts/Cargo/CargoContainers/cargoContainer/cargoContainer'
[WRN 23:09:55.930] [Part]: Cannot have ModuleCargoPart and ModuleInventoryPart on same Part [cargoContainer'. Removed ModuleCargoPart
[LOG 23:09:55.935] PartLoader: Part 'Squad/Parts/Cargo/CargoContainers/cargoContainer/cargoContainer' has no database record. Creating.
[LOG 23:09:55.935] [DragCubeSystem]: Drag cubes not found or cannot be read for part Part. Generating New drag cubes.
[LOG 23:09:55.935] [KSPCF/DragCubeGeneration] Creating drag cubes for part 'cargoContainer'
[LOG 23:09:55.940] PartLoader: Compiling Part 'Squad/Parts/Cargo/CargoContainers/smallCargoContainer/smallCargoContainer'
[WRN 23:09:55.941] [Part]: Cannot have ModuleCargoPart and ModuleInventoryPart on same Part [smallCargoContainer'. Removed ModuleCargoPart
[LOG 23:09:55.943] PartLoader: Part 'Squad/Parts/Cargo/CargoContainers/smallCargoContainer/smallCargoContainer' has no database record. Creating.
[LOG 23:09:55.943] [DragCubeSystem]: Drag cubes not found or cannot be read for part Part. Generating New drag cubes.
[LOG 23:09:55.943] [KSPCF/DragCubeGeneration] Creating drag cubes for part 'smallCargoContainer'
[LOG 23:09:55.950] PartLoader: Compiling Part 'Squad/Parts/Cargo/Cylinder/Cylinder/evaCylinder'
[LOG 23:09:55.952] PartLoader: Part 'Squad/Parts/Cargo/Cylinder/Cylinder/evaCylinder' has no database record. Creating.
[LOG 23:09:55.952] [DragCubeSystem]: Drag cubes not found or cannot be read for part Part. Generating New drag cubes.
[LOG 23:09:55.952] [KSPCF/DragCubeGeneration] Creating drag cubes for part 'evaCylinder'
[LOG 23:09:55.957] PartLoader: Compiling Part 'Squad/Parts/Cargo/GroundAnchor/groundAnchor/groundAnchor'
[LOG 23:09:55.973] PartLoader: Part 'Squad/Parts/Cargo/GroundAnchor/groundAnchor/groundAnchor' has no database record. Creating.
[LOG 23:09:55.973] [DragCubeSystem]: Drag cubes not found or cannot be read for part Part. Generating New drag cubes.
[LOG 23:09:55.973] [KSPCF/DragCubeGeneration] Creating drag cubes for part 'groundAnchor'
[LOG 23:09:55.990] PartLoader: Compiling Part 'Squad/Parts/Cargo/Jetpack/Jetpack/evaJetpack'
[LOG 23:09:55.992] PartLoader: Part 'Squad/Parts/Cargo/Jetpack/Jetpack/evaJetpack' has no database record. Creating.
[LOG 23:09:55.992] [DragCubeSystem]: Drag cubes not found or cannot be read for part Part. Generating New drag cubes.
[LOG 23:09:55.992] [KSPCF/DragCubeGeneration] Creating drag cubes for part 'evaJetpack'
[LOG 23:09:55.997] PartLoader: Compiling Part 'Squad/Parts/Cargo/Parachute/Parachute/evaChute'
[LOG 23:09:55.999] PartLoader: Part 'Squad/Parts/Cargo/Parachute/Parachute/evaChute' has no database record. Creating.
[LOG 23:09:55.999] [DragCubeSystem]: Drag cubes not found or cannot be read for part Part. Generating New drag cubes.
[LOG 23:09:55.999] [KSPCF/DragCubeGeneration] Creating drag cubes for part 'evaChute'
[LOG 23:09:56.003] PartLoader: Compiling Part 'Squad/Parts/Cargo/RepairKit/RepairKit/evaRepairKit'
[LOG 23:09:56.005] PartLoader: Part 'Squad/Parts/Cargo/RepairKit/RepairKit/evaRepairKit' has no database record. Creating.
[LOG 23:09:56.005] [DragCubeSystem]: Drag cubes not found or cannot be read for part Part. Generating New drag cubes.
[LOG 23:09:56.005] [KSPCF/DragCubeGeneration] Creating drag cubes for part 'evaRepairKit'
[LOG 23:09:56.009] PartLoader: Compiling Part 'Squad/Parts/Cargo/ScienceKit/evaScienceKit/evaScienceKit'
[LOG 23:09:56.011] PartLoader: Part 'Squad/Parts/Cargo/ScienceKit/evaScienceKit/evaScienceKit' has no database record. Creating.
[LOG 23:09:56.011] [DragCubeSystem]: Drag cubes not found or cannot be read for part Part. Generating New drag cubes.
[LOG 23:09:56.011] [KSPCF/DragCubeGeneration] Creating drag cubes for part 'evaScienceKit'
[LOG 23:09:56.015] PartLoader: Compiling Part 'Squad/Parts/Cargo/StorageUnits/CargoStorageUnit/CargoStorageUnit'
[WRN 23:09:56.017] [Part]: Cannot have ModuleCargoPart and ModuleInventoryPart on same Part [CargoStorageUnit'. Removed ModuleCargoPart
[LOG 23:09:56.021] PartLoader: Part 'Squad/Parts/Cargo/StorageUnits/CargoStorageUnit/CargoStorageUnit' has no database record. Creating.
[LOG 23:09:56.021] [DragCubeSystem]: Drag cubes not found or cannot be read for part Part. Generating New drag cubes.
[LOG 23:09:56.021] [KSPCF/DragCubeGeneration] Creating drag cubes for part 'CargoStorageUnit'
[LOG 23:09:56.027] PartLoader: Compiling Part 'Squad/Parts/Cargo/StorageUnits/ConformalStorageUnit/ConformalStorageUnit'
[WRN 23:09:56.028] [Part]: Cannot have ModuleCargoPart and ModuleInventoryPart on same Part [ConformalStorageUnit'. Removed ModuleCargoPart
[LOG 23:09:56.029] PartLoader: Part 'Squad/Parts/Cargo/StorageUnits/ConformalStorageUnit/ConformalStorageUnit' has no database record. Creating.
[LOG 23:09:56.029] [DragCubeSystem]: Drag cubes not found or cannot be read for part Part. Generating New drag cubes.
[LOG 23:09:56.029] [KSPCF/DragCubeGeneration] Creating drag cubes for part 'ConformalStorageUnit'
[LOG 23:09:56.033] PartLoader: Compiling Part 'Squad/Parts/Command/advancedSasModuleLarge/advSasModuleLarge/asasmodule1-2'
[LOG 23:09:56.038] PartLoader: Part 'Squad/Parts/Command/advancedSasModuleLarge/advSasModuleLarge/asasmodule1-2' has no database record. Creating.
[LOG 23:09:56.038] PartLoader: Compiling Part 'Squad/Parts/Command/cupola/cupola/cupola'
[LOG 23:09:56.056] PartLoader: Part 'Squad/Parts/Command/cupola/cupola/cupola' has no database record. Creating.
[LOG 23:09:56.057] [DragCubeSystem]: Drag cubes not found or cannot be read for part Part. Generating New drag cubes.
[LOG 23:09:56.057] [KSPCF/DragCubeGeneration] Creating drag cubes for part 'cupola'
[LOG 23:09:56.067] PartLoader: Compiling Part 'Squad/Parts/Command/externalCommandSeat/externalCommandSeat/seatExternalCmd'
[LOG 23:09:56.071] PartLoader: Part 'Squad/Parts/Command/externalCommandSeat/externalCommandSeat/seatExternalCmd' has no database record. Creating.
[LOG 23:09:56.071] [DragCubeSystem]: Drag cubes not found or cannot be read for part Part. Generating New drag cubes.
[LOG 23:09:56.071] [KSPCF/DragCubeGeneration] Creating drag cubes for part 'seatExternalCmd'
[LOG 23:09:56.077] PartLoader: Compiling Part 'Squad/Parts/Command/hitchhikerStorageContainer/hitchikerStorageContainer/crewCabin'
[LOG 23:09:56.079] PartLoader: Part 'Squad/Parts/Command/hitchhikerStorageContainer/hitchikerStorageContainer/crewCabin' has no database record. Creating.
[LOG 23:09:56.079] [DragCubeSystem]: Drag cubes not found or cannot be read for part Part. Generating New drag cubes.
[LOG 23:09:56.079] [KSPCF/DragCubeGeneration] Creating drag cubes for part 'crewCabin'
[LOG 23:09:56.084] PartLoader: Compiling Part 'Squad/Parts/Command/inlineAdvancedStabilizer/inlineAdvancedStabilizer/advSasModule'
[LOG 23:09:56.085] PartLoader: Part 'Squad/Parts/Command/inlineAdvancedStabilizer/inlineAdvancedStabilizer/advSasModule' has no database record. Creating.
[LOG 23:09:56.085] [DragCubeSystem]: Drag cubes not found or cannot be read for part Part. Generating New drag cubes.
[LOG 23:09:56.085] [KSPCF/DragCubeGeneration] Creating drag cubes for part 'advSasModule'
[LOG 23:09:56.092] PartLoader: Compiling Part 'Squad/Parts/Command/inlineReactionWheel/inlineReactionWheel/sasModule'
[LOG 23:09:56.094] PartLoader: Part 'Squad/Parts/Command/inlineReactionWheel/inlineReactionWheel/sasModule' has no database record. Creating.
[LOG 23:09:56.094] [DragCubeSystem]: Drag cubes not found or cannot be read for part Part. Generating New drag cubes.
[LOG 23:09:56.094] [KSPCF/DragCubeGeneration] Creating drag cubes for part 'sasModule'
[LOG 23:09:56.099] PartLoader: Compiling Part 'Squad/Parts/Command/Mk1-3Pod/mk1-3/mk1-3pod'
[LOG 23:09:56.119] PartLoader: Part 'Squad/Parts/Command/Mk1-3Pod/mk1-3/mk1-3pod' has no database record. Creating.
[LOG 23:09:56.119] [DragCubeSystem]: Drag cubes not found or cannot be read for part Part. Generating New drag cubes.
[LOG 23:09:56.119] [KSPCF/DragCubeGeneration] Creating drag cubes for part 'mk1-3pod'
[LOG 23:09:56.128] PartLoader: Compiling Part 'Squad/Parts/Command/mk1Cockpits/mk1Cockpit/Mark1Cockpit'
[WRN 23:09:56.133] [Part]: Cannot have ModuleCargoPart and ModuleInventoryPart on same Part [Mark1Cockpit'. Removed ModuleCargoPart
[LOG 23:09:56.135] PartLoader: Part 'Squad/Parts/Command/mk1Cockpits/mk1Cockpit/Mark1Cockpit' has no database record. Creating.
[LOG 23:09:56.135] [DragCubeSystem]: Drag cubes not found or cannot be read for part Part. Generating New drag cubes.
[LOG 23:09:56.137] [KSPCF/DragCubeGeneration] Creating drag cubes for part 'Mark1Cockpit'
[LOG 23:09:56.144] PartLoader: Compiling Part 'Squad/Parts/Command/mk1Cockpits/mk1CrewCabin/MK1CrewCabin'
[WRN 23:09:56.147] [Part]: Cannot have ModuleCargoPart and ModuleInventoryPart on same Part [MK1CrewCabin'. Removed ModuleCargoPart
[LOG 23:09:56.149] PartLoader: Part 'Squad/Parts/Command/mk1Cockpits/mk1CrewCabin/MK1CrewCabin' has no database record. Creating.
[LOG 23:09:56.149] [DragCubeSystem]: Drag cubes not found or cannot be read for part Part. Generating New drag cubes.
[LOG 23:09:56.149] [KSPCF/DragCubeGeneration] Creating drag cubes for part 'MK1CrewCabin'
[LOG 23:09:56.157] PartLoader: Compiling Part 'Squad/Parts/Command/mk1Cockpits/mk1InlineCockpit/Mark2Cockpit'
[WRN 23:09:56.159] [Part]: Cannot have ModuleCargoPart and ModuleInventoryPart on same Part [Mark2Cockpit'. Removed ModuleCargoPart
[LOG 23:09:56.165] PartLoader: Part 'Squad/Parts/Command/mk1Cockpits/mk1InlineCockpit/Mark2Cockpit' has no database record. Creating.
[LOG 23:09:56.165] [DragCubeSystem]: Drag cubes not found or cannot be read for part Part. Generating New drag cubes.
[LOG 23:09:56.165] [KSPCF/DragCubeGeneration] Creating drag cubes for part 'Mark2Cockpit'
[LOG 23:09:56.175] PartLoader: Compiling Part 'Squad/Parts/Command/mk1LanderCan/mk1LanderCan/landerCabinSmall'
[WRN 23:09:56.177] [Part]: Cannot have ModuleCargoPart and ModuleInventoryPart on same Part [landerCabinSmall'. Removed ModuleCargoPart
[LOG 23:09:56.181] PartLoader: Part 'Squad/Parts/Command/mk1LanderCan/mk1LanderCan/landerCabinSmall' has no database record. Creating.
[LOG 23:09:56.182] [DragCubeSystem]: Drag cubes not found or cannot be read for part Part. Generating New drag cubes.
[LOG 23:09:56.182] [KSPCF/DragCubeGeneration] Creating drag cubes for part 'landerCabinSmall'
[LOG 23:09:56.191] PartLoader: Compiling Part 'Squad/Parts/Command/mk1pod_v2/mk1Pod_v2/mk1pod_v2'
[WRN 23:09:56.195] [Part]: Cannot have ModuleCargoPart and ModuleInventoryPart on same Part [mk1pod.v2'. Removed ModuleCargoPart
[LOG 23:09:56.203] PartLoader: Part 'Squad/Parts/Command/mk1pod_v2/mk1Pod_v2/mk1pod_v2' has no database record. Creating.
[LOG 23:09:56.203] [DragCubeSystem]: Drag cubes not found or cannot be read for part Part. Generating New drag cubes.
[LOG 23:09:56.203] [KSPCF/DragCubeGeneration] Creating drag cubes for part 'mk1pod.v2'
[LOG 23:09:56.214] PartLoader: Compiling Part 'Squad/Parts/Command/mk2CockpitInline/mk2CockpitInline/mk2Cockpit_Inline'
[WRN 23:09:56.218] [Part]: Cannot have ModuleCargoPart and ModuleInventoryPart on same Part [mk2Cockpit.Inline'. Removed ModuleCargoPart
[LOG 23:09:56.222] PartLoader: Part 'Squad/Parts/Command/mk2CockpitInline/mk2CockpitInline/mk2Cockpit_Inline' has no database record. Creating.
[LOG 23:09:56.222] [DragCubeSystem]: Drag cubes not found or cannot be read for part Part. Generating New drag cubes.
[LOG 23:09:56.222] [KSPCF/DragCubeGeneration] Creating drag cubes for part 'mk2Cockpit.Inline'
[LOG 23:09:56.231] PartLoader: Compiling Part 'Squad/Parts/Command/mk2CockpitStandard/mk2CockpitStandard/mk2Cockpit_Standard'
[WRN 23:09:56.241] [Part]: Cannot have ModuleCargoPart and ModuleInventoryPart on same Part [mk2Cockpit.Standard'. Removed ModuleCargoPart
[LOG 23:09:56.249] PartLoader: Part 'Squad/Parts/Command/mk2CockpitStandard/mk2CockpitStandard/mk2Cockpit_Standard' has no database record. Creating.
[LOG 23:09:56.249] [DragCubeSystem]: Drag cubes not found or cannot be read for part Part. Generating New drag cubes.
[LOG 23:09:56.249] [KSPCF/DragCubeGeneration] Creating drag cubes for part 'mk2Cockpit.Standard'
[LOG 23:09:56.258] PartLoader: Compiling Part 'Squad/Parts/Command/mk2DroneCore/mk2Dronecore/mk2DroneCore'
[LOG 23:09:56.263] PartLoader: Part 'Squad/Parts/Command/mk2DroneCore/mk2Dronecore/mk2DroneCore' has no database record. Creating.
[LOG 23:09:56.264] PartLoader: Compiling Part 'Squad/Parts/Command/mk2LanderCan/mk2LanderCan/mk2LanderCabin'
[WRN 23:09:56.267] [Part]: Cannot have ModuleCargoPart and ModuleInventoryPart on same Part [mk2LanderCabin'. Removed ModuleCargoPart
[LOG 23:09:56.270] PartLoader: Part 'Squad/Parts/Command/mk2LanderCan/mk2LanderCan/mk2LanderCabin' has no database record. Creating.
[LOG 23:09:56.270] [DragCubeSystem]: Drag cubes not found or cannot be read for part Part. Generating New drag cubes.
[LOG 23:09:56.270] [KSPCF/DragCubeGeneration] Creating drag cubes for part 'mk2LanderCabin'
[LOG 23:09:56.283] PartLoader: Compiling Part 'Squad/Parts/Command/mk2LanderCan_v2/mk2LanderCan_v2/mk2LanderCabin_v2'
[WRN 23:09:56.291] [Part]: Cannot have ModuleCargoPart and ModuleInventoryPart on same Part [mk2LanderCabin.v2'. Removed ModuleCargoPart
[LOG 23:09:56.295] PartLoader: Part 'Squad/Parts/Command/mk2LanderCan_v2/mk2LanderCan_v2/mk2LanderCabin_v2' has no database record. Creating.
[LOG 23:09:56.295] [DragCubeSystem]: Drag cubes not found or cannot be read for part Part. Generating New drag cubes.
[LOG 23:09:56.295] [KSPCF/DragCubeGeneration] Creating drag cubes for part 'mk2LanderCabin.v2'
[LOG 23:09:56.304] PartLoader: Compiling Part 'Squad/Parts/Command/mk3CockpitShuttle/mk3CockpitShuttle/mk3Cockpit_Shuttle'
[LOG 23:09:56.309] PartLoader: Part 'Squad/Parts/Command/mk3CockpitShuttle/mk3CockpitShuttle/mk3Cockpit_Shuttle' has no database record. Creating.
[LOG 23:09:56.309] [DragCubeSystem]: Drag cubes not found or cannot be read for part Part. Generating New drag cubes.
[LOG 23:09:56.309] [KSPCF/DragCubeGeneration] Creating drag cubes for part 'mk3Cockpit.Shuttle'
[LOG 23:09:56.336] PartLoader: Compiling Part 'Squad/Parts/Command/MpoProbe/MpoProbe/MpoProbe'
[LOG 23:09:56.346] PartLoader: Part 'Squad/Parts/Command/MpoProbe/MpoProbe/MpoProbe' has no database record. Creating.
[LOG 23:09:56.346] [DragCubeSystem]: Drag cubes not found or cannot be read for part Part. Generating New drag cubes.
[LOG 23:09:56.346] [KSPCF/DragCubeGeneration] Creating drag cubes for part 'MpoProbe'
[LOG 23:09:56.353] PartLoader: Compiling Part 'Squad/Parts/Command/MtmStage/MTM_Stage/MtmStage'
[LOG 23:09:56.358] PartLoader: Part 'Squad/Parts/Command/MtmStage/MTM_Stage/MtmStage' has no database record. Creating.
[LOG 23:09:56.358] [DragCubeSystem]: Drag cubes not found or cannot be read for part Part. Generating New drag cubes.
[LOG 23:09:56.358] [KSPCF/DragCubeGeneration] Creating drag cubes for part 'MtmStage'
[LOG 23:09:56.366] PartLoader: Compiling Part 'Squad/Parts/Command/probeCoreCube/probeCoreCube/probeCoreCube'
[LOG 23:09:56.368] PartLoader: Part 'Squad/Parts/Command/probeCoreCube/probeCoreCube/probeCoreCube' has no database record. Creating.
[LOG 23:09:56.370] PartLoader: Compiling Part 'Squad/Parts/Command/probeCoreHex/probeCoreHex/probeCoreHex'
[LOG 23:09:56.374] PartLoader: Part 'Squad/Parts/Command/probeCoreHex/probeCoreHex/probeCoreHex' has no database record. Creating.
[LOG 23:09:56.375] [DragCubeSystem]: Drag cubes not found or cannot be read for part Part. Generating New drag cubes.
[LOG 23:09:56.375] [KSPCF/DragCubeGeneration] Creating drag cubes for part 'probeCoreHex'
[LOG 23:09:56.384] PartLoader: Compiling Part 'Squad/Parts/Command/probeCoreHex_v2/probeCoreHex_v2/probeCoreHex_v2'
[LOG 23:09:56.388] PartLoader: Part 'Squad/Parts/Command/probeCoreHex_v2/probeCoreHex_v2/probeCoreHex_v2' has no database record. Creating.
[LOG 23:09:56.388] [DragCubeSystem]: Drag cubes not found or cannot be read for part Part. Generating New drag cubes.
[LOG 23:09:56.388] [KSPCF/DragCubeGeneration] Creating drag cubes for part 'probeCoreHex.v2'
[LOG 23:09:56.397] PartLoader: Compiling Part 'Squad/Parts/Command/probeCoreOcto2_v2/probeCoreOcto2_v2/probeCoreOcto2_v2'
[LOG 23:09:56.404] PartLoader: Part 'Squad/Parts/Command/probeCoreOcto2_v2/probeCoreOcto2_v2/probeCoreOcto2_v2' has no database record. Creating.
[LOG 23:09:56.404] [DragCubeSystem]: Drag cubes not found or cannot be read for part Part. Generating New drag cubes.
[LOG 23:09:56.404] [KSPCF/DragCubeGeneration] Creating drag cubes for part 'probeCoreOcto2.v2'
[LOG 23:09:56.414] PartLoader: Compiling Part 'Squad/Parts/Command/probeCoreOcto_v2/probeCoreOcto_v2/probeCoreOcto_v2'
[LOG 23:09:56.417] PartLoader: Part 'Squad/Parts/Command/probeCoreOcto_v2/probeCoreOcto_v2/probeCoreOcto_v2' has no database record. Creating.
[LOG 23:09:56.417] [DragCubeSystem]: Drag cubes not found or cannot be read for part Part. Generating New drag cubes.
[LOG 23:09:56.417] [KSPCF/DragCubeGeneration] Creating drag cubes for part 'probeCoreOcto.v2'
[LOG 23:09:56.425] PartLoader: Compiling Part 'Squad/Parts/Command/probeRoverBody/probeRoverBody/roverBody'
[LOG 23:09:56.429] PartLoader: Part 'Squad/Parts/Command/probeRoverBody/probeRoverBody/roverBody' has no database record. Creating.
[LOG 23:09:56.429] [DragCubeSystem]: Drag cubes not found or cannot be read for part Part. Generating New drag cubes.
[LOG 23:09:56.429] [KSPCF/DragCubeGeneration] Creating drag cubes for part 'roverBody'
[LOG 23:09:56.437] PartLoader: Compiling Part 'Squad/Parts/Command/probeRoverBody_v2/probeRoverBody_v2/roverBody_v2'
[LOG 23:09:56.442] PartLoader: Part 'Squad/Parts/Command/probeRoverBody_v2/probeRoverBody_v2/roverBody_v2' has no database record. Creating.
[LOG 23:09:56.442] [DragCubeSystem]: Drag cubes not found or cannot be read for part Part. Generating New drag cubes.
[LOG 23:09:56.442] [KSPCF/DragCubeGeneration] Creating drag cubes for part 'roverBody.v2'
[LOG 23:09:56.478] PartLoader: Compiling Part 'Squad/Parts/Command/probeStackLarge/probeStackLarge/probeStackLarge'
[LOG 23:09:56.483] PartLoader: Part 'Squad/Parts/Command/probeStackLarge/probeStackLarge/probeStackLarge' has no database record. Creating.
[LOG 23:09:56.483] [DragCubeSystem]: Drag cubes not found or cannot be read for part Part. Generating New drag cubes.
[LOG 23:09:56.483] [KSPCF/DragCubeGeneration] Creating drag cubes for part 'probeStackLarge'
[LOG 23:09:56.491] PartLoader: Compiling Part 'Squad/Parts/Command/probeStackSmall/probeStackSmall/probeStackSmall'
[LOG 23:09:56.495] PartLoader: Part 'Squad/Parts/Command/probeStackSmall/probeStackSmall/probeStackSmall' has no database record. Creating.
[LOG 23:09:56.495] [DragCubeSystem]: Drag cubes not found or cannot be read for part Part. Generating New drag cubes.
[LOG 23:09:56.495] [KSPCF/DragCubeGeneration] Creating drag cubes for part 'probeStackSmall'
[LOG 23:09:56.506] PartLoader: Compiling Part 'Squad/Parts/Command/probeStackSphere_v2/probeStackSphere_v2/probeCoreSphere_v2'
[LOG 23:09:56.511] PartLoader: Part 'Squad/Parts/Command/probeStackSphere_v2/probeStackSphere_v2/probeCoreSphere_v2' has no database record. Creating.
[LOG 23:09:56.512] PartLoader: Compiling Part 'Squad/Parts/CompoundParts/FuelLine/fuelLine/fuelLine'
[LOG 23:09:56.527] PartLoader: Part 'Squad/Parts/CompoundParts/FuelLine/fuelLine/fuelLine' has no database record. Creating.
[LOG 23:09:56.527] [DragCubeSystem]: Drag cubes not found or cannot be read for part CompoundPart. Generating New drag cubes.
[LOG 23:09:56.527] [KSPCF/DragCubeGeneration] Creating drag cubes for part 'fuelLine'
[LOG 23:09:56.535] PartLoader: Compiling Part 'Squad/Parts/CompoundParts/strutConnector/strutConnector/strutConnector'
[LOG 23:09:56.541] PartLoader: Part 'Squad/Parts/CompoundParts/strutConnector/strutConnector/strutConnector' has no database record. Creating.
[LOG 23:09:56.541] [DragCubeSystem]: Drag cubes not found or cannot be read for part CompoundPart. Generating New drag cubes.
[LOG 23:09:56.541] [KSPCF/DragCubeGeneration] Creating drag cubes for part 'strutConnector'
[LOG 23:09:56.552] PartLoader: Compiling Part 'Squad/Parts/Coupling/Decoupler_0/Decoupler_0'
[LOG 23:09:56.558] PartLoader: Part 'Squad/Parts/Coupling/Decoupler_0/Decoupler_0' has no database record. Creating.
[LOG 23:09:56.559] PartLoader: Compiling Part 'Squad/Parts/Coupling/Decoupler_1/Decoupler_1'
[LOG 23:09:56.562] PartLoader: Part 'Squad/Parts/Coupling/Decoupler_1/Decoupler_1' has no database record. Creating.
[LOG 23:09:56.563] PartLoader: Compiling Part 'Squad/Parts/Coupling/Decoupler_2/Decoupler_2'
[LOG 23:09:56.565] PartLoader: Part 'Squad/Parts/Coupling/Decoupler_2/Decoupler_2' has no database record. Creating.
[LOG 23:09:56.565] PartLoader: Compiling Part 'Squad/Parts/Coupling/Decoupler_3/Decoupler_3'
[LOG 23:09:56.568] PartLoader: Part 'Squad/Parts/Coupling/Decoupler_3/Decoupler_3' has no database record. Creating.
[LOG 23:09:56.569] PartLoader: Compiling Part 'Squad/Parts/Coupling/Separator_0/Separator_0'
[LOG 23:09:56.571] PartLoader: Part 'Squad/Parts/Coupling/Separator_0/Separator_0' has no database record. Creating.
[LOG 23:09:56.571] PartLoader: Compiling Part 'Squad/Parts/Coupling/Separator_1/Separator_1'
[LOG 23:09:56.574] PartLoader: Part 'Squad/Parts/Coupling/Separator_1/Separator_1' has no database record. Creating.
[LOG 23:09:56.575] PartLoader: Compiling Part 'Squad/Parts/Coupling/Separator_2/Separator_2'
[LOG 23:09:56.578] PartLoader: Part 'Squad/Parts/Coupling/Separator_2/Separator_2' has no database record. Creating.
[LOG 23:09:56.578] PartLoader: Compiling Part 'Squad/Parts/Coupling/Separator_3/Separator_3'
[LOG 23:09:56.580] PartLoader: Part 'Squad/Parts/Coupling/Separator_3/Separator_3' has no database record. Creating.
[LOG 23:09:56.580] PartLoader: Compiling Part 'Squad/Parts/Electrical/10CSolarPanels/OX-10C/solarPanelOX10C'
[LOG 23:09:56.588] PartLoader: Part 'Squad/Parts/Electrical/10CSolarPanels/OX-10C/solarPanelOX10C' has no database record. Creating.
[LOG 23:09:56.588] [DragCubeSystem]: Drag cubes not found or cannot be read for part Part. Generating New drag cubes.
[LOG 23:09:56.589] [KSPCF/DragCubeGeneration] Creating drag cubes for part 'solarPanelOX10C'
[LOG 23:09:56.624] PartLoader: Compiling Part 'Squad/Parts/Electrical/10CSolarPanels/SP-10C/solarPanelSP10C'
[LOG 23:09:56.627] PartLoader: Part 'Squad/Parts/Electrical/10CSolarPanels/SP-10C/solarPanelSP10C' has no database record. Creating.
[LOG 23:09:56.627] [DragCubeSystem]: Drag cubes not found or cannot be read for part Part. Generating New drag cubes.
[LOG 23:09:56.627] [KSPCF/DragCubeGeneration] Creating drag cubes for part 'solarPanelSP10C'
[LOG 23:09:56.658] PartLoader: Compiling Part 'Squad/Parts/Electrical/10LSolarPanels/OX-10L/solarPanelOX10L'
[LOG 23:09:56.661] PartLoader: Part 'Squad/Parts/Electrical/10LSolarPanels/OX-10L/solarPanelOX10L' has no database record. Creating.
[LOG 23:09:56.661] [DragCubeSystem]: Drag cubes not found or cannot be read for part Part. Generating New drag cubes.
[LOG 23:09:56.661] [KSPCF/DragCubeGeneration] Creating drag cubes for part 'solarPanelOX10L'
[LOG 23:09:56.692] PartLoader: Compiling Part 'Squad/Parts/Electrical/10LSolarPanels/SP-10L/solarPanelSP10L'
[LOG 23:09:56.695] PartLoader: Part 'Squad/Parts/Electrical/10LSolarPanels/SP-10L/solarPanelSP10L' has no database record. Creating.
[LOG 23:09:56.695] [DragCubeSystem]: Drag cubes not found or cannot be read for part Part. Generating New drag cubes.
[LOG 23:09:56.696] [KSPCF/DragCubeGeneration] Creating drag cubes for part 'solarPanelSP10L'
[LOG 23:09:56.724] PartLoader: Compiling Part 'Squad/Parts/Electrical/1x6ShroudSolarPanels/1x6ShroudSolarPanels/solarPanels2'
[LOG 23:09:56.727] PartLoader: Part 'Squad/Parts/Electrical/1x6ShroudSolarPanels/1x6ShroudSolarPanels/solarPanels2' has no database record. Creating.
[LOG 23:09:56.727] [DragCubeSystem]: Drag cubes not found or cannot be read for part Part. Generating New drag cubes.
[LOG 23:09:56.727] [KSPCF/DragCubeGeneration] Creating drag cubes for part 'solarPanels2'
[LOG 23:09:56.754] PartLoader: Compiling Part 'Squad/Parts/Electrical/1x6SolarPanels/1x6SolarPanels/solarPanels4'
[LOG 23:09:56.756] PartLoader: Part 'Squad/Parts/Electrical/1x6SolarPanels/1x6SolarPanels/solarPanels4' has no database record. Creating.
[LOG 23:09:56.756] [DragCubeSystem]: Drag cubes not found or cannot be read for part Part. Generating New drag cubes.
[LOG 23:09:56.756] [KSPCF/DragCubeGeneration] Creating drag cubes for part 'solarPanels4'
[LOG 23:09:56.785] PartLoader: Compiling Part 'Squad/Parts/Electrical/3x2ShroudSolarPanels/3x2ShroudSolarPanels/solarPanels1'
[LOG 23:09:56.787] PartLoader: Part 'Squad/Parts/Electrical/3x2ShroudSolarPanels/3x2ShroudSolarPanels/solarPanels1' has no database record. Creating.
[LOG 23:09:56.787] [DragCubeSystem]: Drag cubes not found or cannot be read for part Part. Generating New drag cubes.
[LOG 23:09:56.787] [KSPCF/DragCubeGeneration] Creating drag cubes for part 'solarPanels1'
[LOG 23:09:56.815] PartLoader: Compiling Part 'Squad/Parts/Electrical/3x2SolarPanels/3x2SolarPanels/solarPanels3'
[LOG 23:09:56.818] PartLoader: Part 'Squad/Parts/Electrical/3x2SolarPanels/3x2SolarPanels/solarPanels3' has no database record. Creating.
[LOG 23:09:56.818] [DragCubeSystem]: Drag cubes not found or cannot be read for part Part. Generating New drag cubes.
[LOG 23:09:56.818] [KSPCF/DragCubeGeneration] Creating drag cubes for part 'solarPanels3'
[LOG 23:09:56.846] PartLoader: Compiling Part 'Squad/Parts/Electrical/gigantorXlSolarArray/gigantorXlSolarArray/largeSolarPanel'
[LOG 23:09:56.849] PartLoader: Part 'Squad/Parts/Electrical/gigantorXlSolarArray/gigantorXlSolarArray/largeSolarPanel' has no database record. Creating.
[LOG 23:09:56.849] [DragCubeSystem]: Drag cubes not found or cannot be read for part Part. Generating New drag cubes.
[LOG 23:09:56.849] [KSPCF/DragCubeGeneration] Creating drag cubes for part 'largeSolarPanel'
[LOG 23:09:56.876] PartLoader: Compiling Part 'Squad/Parts/Electrical/radialFlatSolarPanel/radialFlatSolarPanel/solarPanels5'
[LOG 23:09:56.878] PartLoader: Part 'Squad/Parts/Electrical/radialFlatSolarPanel/radialFlatSolarPanel/solarPanels5' has no database record. Creating.
[LOG 23:09:56.878] [DragCubeSystem]: Drag cubes not found or cannot be read for part Part. Generating New drag cubes.
[LOG 23:09:56.878] [KSPCF/DragCubeGeneration] Creating drag cubes for part 'solarPanels5'
[LOG 23:09:56.889] PartLoader: Compiling Part 'Squad/Parts/Electrical/RTG/RTG/rtg'
[LOG 23:09:56.900] PartLoader: Part 'Squad/Parts/Electrical/RTG/RTG/rtg' has no database record. Creating.
[LOG 23:09:56.900] [DragCubeSystem]: Drag cubes not found or cannot be read for part Part. Generating New drag cubes.
[LOG 23:09:56.900] [KSPCF/DragCubeGeneration] Creating drag cubes for part 'rtg'
[LOG 23:09:56.909] PartLoader: Compiling Part 'Squad/Parts/Electrical/z-100Battery/z-100Battery/batteryPack'
[LOG 23:09:56.911] PartLoader: Part 'Squad/Parts/Electrical/z-100Battery/z-100Battery/batteryPack' has no database record. Creating.
[LOG 23:09:56.911] [DragCubeSystem]: Drag cubes not found or cannot be read for part Part. Generating New drag cubes.
[LOG 23:09:56.911] [KSPCF/DragCubeGeneration] Creating drag cubes for part 'batteryPack'
[LOG 23:09:56.920] PartLoader: Compiling Part 'Squad/Parts/Electrical/z-1kBattery/z-1kBattery/batteryBank'
[LOG 23:09:56.922] PartLoader: Part 'Squad/Parts/Electrical/z-1kBattery/z-1kBattery/batteryBank' has no database record. Creating.
[LOG 23:09:56.922] [DragCubeSystem]: Drag cubes not found or cannot be read for part Part. Generating New drag cubes.
[LOG 23:09:56.922] [KSPCF/DragCubeGeneration] Creating drag cubes for part 'batteryBank'
[LOG 23:09:56.929] PartLoader: Compiling Part 'Squad/Parts/Electrical/z-200Battery/z-200Battery/batteryBankMini'
[LOG 23:09:56.931] PartLoader: Part 'Squad/Parts/Electrical/z-200Battery/z-200Battery/batteryBankMini' has no database record. Creating.
[LOG 23:09:56.931] [DragCubeSystem]: Drag cubes not found or cannot be read for part Part. Generating New drag cubes.
[LOG 23:09:56.931] [KSPCF/DragCubeGeneration] Creating drag cubes for part 'batteryBankMini'
[LOG 23:09:56.939] PartLoader: Compiling Part 'Squad/Parts/Electrical/z-400Battery/z-400Battery/ksp_r_largeBatteryPack'
[LOG 23:09:56.940] PartLoader: Part 'Squad/Parts/Electrical/z-400Battery/z-400Battery/ksp_r_largeBatteryPack' has no database record. Creating.
[LOG 23:09:56.940] [DragCubeSystem]: Drag cubes not found or cannot be read for part Part. Generating New drag cubes.
[LOG 23:09:56.940] [KSPCF/DragCubeGeneration] Creating drag cubes for part 'ksp.r.largeBatteryPack'
[LOG 23:09:56.947] PartLoader: Compiling Part 'Squad/Parts/Electrical/z-4kBattery/z-4kBattery/batteryBankLarge'
[LOG 23:09:56.949] PartLoader: Part 'Squad/Parts/Electrical/z-4kBattery/z-4kBattery/batteryBankLarge' has no database record. Creating.
[LOG 23:09:56.949] [DragCubeSystem]: Drag cubes not found or cannot be read for part Part. Generating New drag cubes.
[LOG 23:09:56.949] [KSPCF/DragCubeGeneration] Creating drag cubes for part 'batteryBankLarge'
[LOG 23:09:56.959] PartLoader: Compiling Part 'Squad/Parts/Engine/ionEngine/ionEngine/ionEngine'
[LOG 23:09:56.980] PartLoader: Part 'Squad/Parts/Engine/ionEngine/ionEngine/ionEngine' has no database record. Creating.
[LOG 23:09:56.980] [DragCubeSystem]: Drag cubes not found or cannot be read for part Part. Generating New drag cubes.
[LOG 23:09:56.980] [KSPCF/DragCubeGeneration] Creating drag cubes for part 'ionEngine'
[LOG 23:09:56.991] PartLoader: Compiling Part 'Squad/Parts/Engine/jetEngines/jetEngineAfterburning/turboJet'
[LOG 23:09:57.017] PartLoader: Part 'Squad/Parts/Engine/jetEngines/jetEngineAfterburning/turboJet' has no database record. Creating.
[LOG 23:09:57.017] [DragCubeSystem]: Drag cubes not found or cannot be read for part Part. Generating New drag cubes.
[LOG 23:09:57.017] [KSPCF/DragCubeGeneration] Creating drag cubes for part 'turboJet'
[LOG 23:09:57.028] PartLoader: Compiling Part 'Squad/Parts/Engine/jetEngines/jetEngineBasic/JetEngine'
[LOG 23:09:57.033] PartLoader: Part 'Squad/Parts/Engine/jetEngines/jetEngineBasic/JetEngine' has no database record. Creating.
[LOG 23:09:57.033] [DragCubeSystem]: Drag cubes not found or cannot be read for part Part. Generating New drag cubes.
[LOG 23:09:57.033] [KSPCF/DragCubeGeneration] Creating drag cubes for part 'JetEngine'
[LOG 23:09:57.056] PartLoader: Compiling Part 'Squad/Parts/Engine/jetEngines/jetEngineBig/turboFanSize2'
[LOG 23:09:57.062] PartLoader: Part 'Squad/Parts/Engine/jetEngines/jetEngineBig/turboFanSize2' has no database record. Creating.
[LOG 23:09:57.062] [DragCubeSystem]: Drag cubes not found or cannot be read for part Part. Generating New drag cubes.
[LOG 23:09:57.062] [KSPCF/DragCubeGeneration] Creating drag cubes for part 'turboFanSize2'
[LOG 23:09:57.085] PartLoader: Compiling Part 'Squad/Parts/Engine/jetEngines/jetEngineTurbo/turboFanEngine'
[LOG 23:09:57.092] PartLoader: Part 'Squad/Parts/Engine/jetEngines/jetEngineTurbo/turboFanEngine' has no database record. Creating.
[LOG 23:09:57.092] [DragCubeSystem]: Drag cubes not found or cannot be read for part Part. Generating New drag cubes.
[LOG 23:09:57.092] [KSPCF/DragCubeGeneration] Creating drag cubes for part 'turboFanEngine'
[LOG 23:09:57.110] PartLoader: Compiling Part 'Squad/Parts/Engine/liquidEngine24-77/liquidEngine24-77/smallRadialEngine'
[LOG 23:09:57.115] PartLoader: Part 'Squad/Parts/Engine/liquidEngine24-77/liquidEngine24-77/smallRadialEngine' has no database record. Creating.
[LOG 23:09:57.115] [DragCubeSystem]: Drag cubes not found or cannot be read for part Part. Generating New drag cubes.
[LOG 23:09:57.115] [KSPCF/DragCubeGeneration] Creating drag cubes for part 'smallRadialEngine'
[LOG 23:09:57.127] PartLoader: Compiling Part 'Squad/Parts/Engine/liquidEngine24-77_v2/liquidEngine24-77_v2/smallRadialEngine_v2'
[LOG 23:09:57.131] PartLoader: Part 'Squad/Parts/Engine/liquidEngine24-77_v2/liquidEngine24-77_v2/smallRadialEngine_v2' has no database record. Creating.
[LOG 23:09:57.132] [DragCubeSystem]: Drag cubes not found or cannot be read for part Part. Generating New drag cubes.
[LOG 23:09:57.132] [KSPCF/DragCubeGeneration] Creating drag cubes for part 'smallRadialEngine.v2'
[LOG 23:09:57.142] PartLoader: Compiling Part 'Squad/Parts/Engine/liquidEngine48-7S_v2/liquidEngine48-7S_v2/liquidEngineMini_v2'
[LOG 23:09:57.148] PartLoader: Part 'Squad/Parts/Engine/liquidEngine48-7S_v2/liquidEngine48-7S_v2/liquidEngineMini_v2' has no database record. Creating.
[LOG 23:09:57.149] [DragCubeSystem]: Drag cubes not found or cannot be read for part Part. Generating New drag cubes.
[LOG 23:09:57.149] [KSPCF/DragCubeGeneration] Creating drag cubes for part 'liquidEngineMini.v2'
[LOG 23:09:57.201] PartLoader: Compiling Part 'Squad/Parts/Engine/liquidEngineAerospike/liquidEngineAerospike/toroidalAerospike'
[LOG 23:09:57.214] PartLoader: Part 'Squad/Parts/Engine/liquidEngineAerospike/liquidEngineAerospike/toroidalAerospike' has no database record. Creating.
[LOG 23:09:57.214] [DragCubeSystem]: Drag cubes not found or cannot be read for part Part. Generating New drag cubes.
[LOG 23:09:57.214] [KSPCF/DragCubeGeneration] Creating drag cubes for part 'toroidalAerospike'
[LOG 23:09:57.240] PartLoader: Compiling Part 'Squad/Parts/Engine/liquidEngineLV-1_v2/liquidEngineLV-1R _v2/radialEngineMini_v2'
[LOG 23:09:57.245] PartLoader: Part 'Squad/Parts/Engine/liquidEngineLV-1_v2/liquidEngineLV-1R _v2/radialEngineMini_v2' has no database record. Creating.
[LOG 23:09:57.245] [DragCubeSystem]: Drag cubes not found or cannot be read for part Part. Generating New drag cubes.
[LOG 23:09:57.245] [KSPCF/DragCubeGeneration] Creating drag cubes for part 'radialEngineMini.v2'
[LOG 23:09:57.267] PartLoader: Compiling Part 'Squad/Parts/Engine/liquidEngineLV-1_v2/liquidEngineLV-1_v2/microEngine_v2'
[LOG 23:09:57.271] PartLoader: Part 'Squad/Parts/Engine/liquidEngineLV-1_v2/liquidEngineLV-1_v2/microEngine_v2' has no database record. Creating.
[LOG 23:09:57.271] [DragCubeSystem]: Drag cubes not found or cannot be read for part Part. Generating New drag cubes.
[LOG 23:09:57.271] [KSPCF/DragCubeGeneration] Creating drag cubes for part 'microEngine.v2'
[LOG 23:09:57.297] PartLoader: Compiling Part 'Squad/Parts/Engine/liquidEngineLV-909_v2/liquidEngineLV-909_v2/liquidEngine3_v2'
[LOG 23:09:57.304] PartLoader: Part 'Squad/Parts/Engine/liquidEngineLV-909_v2/liquidEngineLV-909_v2/liquidEngine3_v2' has no database record. Creating.
[LOG 23:09:57.304] [DragCubeSystem]: Drag cubes not found or cannot be read for part Part. Generating New drag cubes.
[LOG 23:09:57.304] [KSPCF/DragCubeGeneration] Creating drag cubes for part 'liquidEngine3.v2'
[LOG 23:09:57.353] PartLoader: Compiling Part 'Squad/Parts/Engine/liquidEngineLV-N/liquidEngineLV-N/nuclearEngine'
[LOG 23:09:57.359] PartLoader: Part 'Squad/Parts/Engine/liquidEngineLV-N/liquidEngineLV-N/nuclearEngine' has no database record. Creating.
[LOG 23:09:57.359] [DragCubeSystem]: Drag cubes not found or cannot be read for part Part. Generating New drag cubes.
[LOG 23:09:57.359] [KSPCF/DragCubeGeneration] Part 'nuclearEngine' has defined a procedural drag cube setup
[LOG 23:09:57.360] PartLoader: Compiling Part 'Squad/Parts/Engine/liquidEngineLV-T30/liquidEngineLV-T30/liquidEngine'
[LOG 23:09:57.365] PartLoader: Part 'Squad/Parts/Engine/liquidEngineLV-T30/liquidEngineLV-T30/liquidEngine' has no database record. Creating.
[LOG 23:09:57.365] [DragCubeSystem]: Drag cubes not found or cannot be read for part Part. Generating New drag cubes.
[LOG 23:09:57.365] [KSPCF/DragCubeGeneration] Creating drag cubes for part 'liquidEngine'
[LOG 23:09:57.409] PartLoader: Compiling Part 'Squad/Parts/Engine/liquidEngineLV-T30_v2/liquidEngineLV-T30_v2/liquidEngine_v2'
[LOG 23:09:57.415] PartLoader: Part 'Squad/Parts/Engine/liquidEngineLV-T30_v2/liquidEngineLV-T30_v2/liquidEngine_v2' has no database record. Creating.
[LOG 23:09:57.417] PartLoader: Compiling Part 'Squad/Parts/Engine/liquidEngineLV-T45/liquidEngineLV-T45/liquidEngine2'
[LOG 23:09:57.422] PartLoader: Part 'Squad/Parts/Engine/liquidEngineLV-T45/liquidEngineLV-T45/liquidEngine2' has no database record. Creating.
[LOG 23:09:57.422] [DragCubeSystem]: Drag cubes not found or cannot be read for part Part. Generating New drag cubes.
[LOG 23:09:57.422] [KSPCF/DragCubeGeneration] Creating drag cubes for part 'liquidEngine2'
[LOG 23:09:57.442] PartLoader: Compiling Part 'Squad/Parts/Engine/liquidEngineLV-T45_v2/liquidEngineLV-T45_v2/liquidEngine2_v2'
[LOG 23:09:57.449] PartLoader: Part 'Squad/Parts/Engine/liquidEngineLV-T45_v2/liquidEngineLV-T45_v2/liquidEngine2_v2' has no database record. Creating.
[LOG 23:09:57.450] PartLoader: Compiling Part 'Squad/Parts/Engine/liquidEngineMainsail_v2/liquidEngineMainsail_v2/liquidEngineMainsail_v2'
[LOG 23:09:57.457] PartLoader: Part 'Squad/Parts/Engine/liquidEngineMainsail_v2/liquidEngineMainsail_v2/liquidEngineMainsail_v2' has no database record. Creating.
[LOG 23:09:57.457] [DragCubeSystem]: Drag cubes not found or cannot be read for part Part. Generating New drag cubes.
[LOG 23:09:57.457] [KSPCF/DragCubeGeneration] Creating drag cubes for part 'liquidEngineMainsail.v2'
[LOG 23:09:57.506] PartLoader: Compiling Part 'Squad/Parts/Engine/liquidEngineMk55/liquidEngineMk55/radialLiquidEngine1-2'
[LOG 23:09:57.514] PartLoader: Part 'Squad/Parts/Engine/liquidEngineMk55/liquidEngineMk55/radialLiquidEngine1-2' has no database record. Creating.
[LOG 23:09:57.514] [DragCubeSystem]: Drag cubes not found or cannot be read for part Part. Generating New drag cubes.
[LOG 23:09:57.514] [KSPCF/DragCubeGeneration] Creating drag cubes for part 'radialLiquidEngine1-2'
[LOG 23:09:57.522] PartLoader: Compiling Part 'Squad/Parts/Engine/liquidEnginePoodle_v2/liquidEnginePoodle_v2/liquidEngine2-2_v2'
[LOG 23:09:57.528] PartLoader: Part 'Squad/Parts/Engine/liquidEnginePoodle_v2/liquidEnginePoodle_v2/liquidEngine2-2_v2' has no database record. Creating.
[LOG 23:09:57.530] PartLoader: Compiling Part 'Squad/Parts/Engine/liquidEngineSkipper_v2/skipperLiquidEngine_v2/engineLargeSkipper_v2'
[LOG 23:09:57.539] PartLoader: Part 'Squad/Parts/Engine/liquidEngineSkipper_v2/skipperLiquidEngine_v2/engineLargeSkipper_v2' has no database record. Creating.
[LOG 23:09:57.539] [DragCubeSystem]: Drag cubes not found or cannot be read for part Part. Generating New drag cubes.
[LOG 23:09:57.539] [KSPCF/DragCubeGeneration] Creating drag cubes for part 'engineLargeSkipper.v2'
[LOG 23:09:57.600] PartLoader: Compiling Part 'Squad/Parts/Engine/liquidEngineSSME/SSME/SSME'
[LOG 23:09:57.605] PartLoader: Part 'Squad/Parts/Engine/liquidEngineSSME/SSME/SSME' has no database record. Creating.
[LOG 23:09:57.605] [DragCubeSystem]: Drag cubes not found or cannot be read for part Part. Generating New drag cubes.
[LOG 23:09:57.605] [KSPCF/DragCubeGeneration] Creating drag cubes for part 'SSME'
[LOG 23:09:57.626] PartLoader: Compiling Part 'Squad/Parts/Engine/MassiveSRB/part/MassiveBooster'
[LOG 23:09:57.632] PartLoader: Part 'Squad/Parts/Engine/MassiveSRB/part/MassiveBooster' has no database record. Creating.
[LOG 23:09:57.632] [DragCubeSystem]: Drag cubes not found or cannot be read for part Part. Generating New drag cubes.
[LOG 23:09:57.632] [KSPCF/DragCubeGeneration] Creating drag cubes for part 'MassiveBooster'
[LOG 23:09:57.640] PartLoader: Compiling Part 'Squad/Parts/Engine/miniJet/SmallJetEngine/miniJetEngine'
[LOG 23:09:57.644] PartLoader: Part 'Squad/Parts/Engine/miniJet/SmallJetEngine/miniJetEngine' has no database record. Creating.
[LOG 23:09:57.644] [DragCubeSystem]: Drag cubes not found or cannot be read for part Part. Generating New drag cubes.
[LOG 23:09:57.644] [KSPCF/DragCubeGeneration] Creating drag cubes for part 'miniJetEngine'
[LOG 23:09:57.652] PartLoader: Compiling Part 'Squad/Parts/Engine/OMSEngine/omsEngine/omsEngine'
[LOG 23:09:57.657] PartLoader: Part 'Squad/Parts/Engine/OMSEngine/omsEngine/omsEngine' has no database record. Creating.
[LOG 23:09:57.657] [DragCubeSystem]: Drag cubes not found or cannot be read for part Part. Generating New drag cubes.
[LOG 23:09:57.657] [KSPCF/DragCubeGeneration] Creating drag cubes for part 'omsEngine'
[LOG 23:09:57.665] PartLoader: Compiling Part 'Squad/Parts/Engine/rapierEngine/rapierEngine/RAPIER'
[LOG 23:09:57.671] PartLoader: Part 'Squad/Parts/Engine/rapierEngine/rapierEngine/RAPIER' has no database record. Creating.
[LOG 23:09:57.671] [DragCubeSystem]: Drag cubes not found or cannot be read for part Part. Generating New drag cubes.
[LOG 23:09:57.671] [KSPCF/DragCubeGeneration] Creating drag cubes for part 'RAPIER'
[LOG 23:09:57.682] PartLoader: Compiling Part 'Squad/Parts/Engine/Size1_SRBs/solidBoosterRT-10_v2/solidBooster_v2'
[LOG 23:09:57.687] PartLoader: Part 'Squad/Parts/Engine/Size1_SRBs/solidBoosterRT-10_v2/solidBooster_v2' has no database record. Creating.
[LOG 23:09:57.687] [DragCubeSystem]: Drag cubes not found or cannot be read for part Part. Generating New drag cubes.
[LOG 23:09:57.687] [KSPCF/DragCubeGeneration] Creating drag cubes for part 'solidBooster.v2'
[LOG 23:09:57.709] PartLoader: Compiling Part 'Squad/Parts/Engine/Size1_SRBs/solidBoosterRT-5_v2/solidBooster_sm_v2'
[LOG 23:09:57.714] PartLoader: Part 'Squad/Parts/Engine/Size1_SRBs/solidBoosterRT-5_v2/solidBooster_sm_v2' has no database record. Creating.
[LOG 23:09:57.714] [DragCubeSystem]: Drag cubes not found or cannot be read for part Part. Generating New drag cubes.
[LOG 23:09:57.714] [KSPCF/DragCubeGeneration] Creating drag cubes for part 'solidBooster.sm.v2'
[LOG 23:09:57.735] PartLoader: Compiling Part 'Squad/Parts/Engine/Size2LFB/part/Size2LFB'
[LOG 23:09:57.741] PartLoader: Part 'Squad/Parts/Engine/Size2LFB/part/Size2LFB' has no database record. Creating.
[LOG 23:09:57.741] [DragCubeSystem]: Drag cubes not found or cannot be read for part Part. Generating New drag cubes.
[LOG 23:09:57.741] [KSPCF/DragCubeGeneration] Creating drag cubes for part 'Size2LFB'
[LOG 23:09:57.751] PartLoader: Compiling Part 'Squad/Parts/Engine/Size2LFB_v2/part/Size2LFB_v2'
[LOG 23:09:57.756] PartLoader: Part 'Squad/Parts/Engine/Size2LFB_v2/part/Size2LFB_v2' has no database record. Creating.
[LOG 23:09:57.756] [DragCubeSystem]: Drag cubes not found or cannot be read for part Part. Generating New drag cubes.
[LOG 23:09:57.756] [KSPCF/DragCubeGeneration] Creating drag cubes for part 'Size2LFB.v2'
[LOG 23:09:57.765] PartLoader: Compiling Part 'Squad/Parts/Engine/Size3AdvancedEngine/part/Size3AdvancedEngine'
[LOG 23:09:57.770] PartLoader: Part 'Squad/Parts/Engine/Size3AdvancedEngine/part/Size3AdvancedEngine' has no database record. Creating.
[LOG 23:09:57.770] [DragCubeSystem]: Drag cubes not found or cannot be read for part Part. Generating New drag cubes.
[LOG 23:09:57.770] [KSPCF/DragCubeGeneration] Creating drag cubes for part 'Size3AdvancedEngine'
[LOG 23:09:57.792] PartLoader: Compiling Part 'Squad/Parts/Engine/Size3EngineCluster/part/Size3EngineCluster'
[LOG 23:09:57.797] PartLoader: Part 'Squad/Parts/Engine/Size3EngineCluster/part/Size3EngineCluster' has no database record. Creating.
[LOG 23:09:57.797] [DragCubeSystem]: Drag cubes not found or cannot be read for part Part. Generating New drag cubes.
[LOG 23:09:57.797] [KSPCF/DragCubeGeneration] Creating drag cubes for part 'Size3EngineCluster'
[LOG 23:09:57.805] PartLoader: Compiling Part 'Squad/Parts/Engine/solidBoosterBACC/solidBoosterBACC/solidBooster1-1'
[LOG 23:09:57.809] PartLoader: Part 'Squad/Parts/Engine/solidBoosterBACC/solidBoosterBACC/solidBooster1-1' has no database record. Creating.
[LOG 23:09:57.809] [DragCubeSystem]: Drag cubes not found or cannot be read for part Part. Generating New drag cubes.
[LOG 23:09:57.809] [KSPCF/DragCubeGeneration] Creating drag cubes for part 'solidBooster1-1'
[LOG 23:09:57.817] PartLoader: Compiling Part 'Squad/Parts/Engine/solidBoosterS2-17/solidBoosterS2-17/Thoroughbred'
[LOG 23:09:57.823] PartLoader: Part 'Squad/Parts/Engine/solidBoosterS2-17/solidBoosterS2-17/Thoroughbred' has no database record. Creating.
[LOG 23:09:57.823] [DragCubeSystem]: Drag cubes not found or cannot be read for part Part. Generating New drag cubes.
[LOG 23:09:57.823] [KSPCF/DragCubeGeneration] Creating drag cubes for part 'Thoroughbred'
[LOG 23:09:57.831] PartLoader: Compiling Part 'Squad/Parts/Engine/solidBoosterS2-33/solidBoosterS2-33/Clydesdale'
[LOG 23:09:57.835] PartLoader: Part 'Squad/Parts/Engine/solidBoosterS2-33/solidBoosterS2-33/Clydesdale' has no database record. Creating.
[LOG 23:09:57.835] [DragCubeSystem]: Drag cubes not found or cannot be read for part Part. Generating New drag cubes.
[LOG 23:09:57.836] [KSPCF/DragCubeGeneration] Creating drag cubes for part 'Clydesdale'
[LOG 23:09:57.843] PartLoader: Compiling Part 'Squad/Parts/Engine/solidBoosterSep/solidBoosterSep/sepMotor1'
[LOG 23:09:57.845] [ModuleCargoPart]: Setting stackableQuantity to 1 as sepMotor1 contains resources
[LOG 23:09:57.847] PartLoader: Part 'Squad/Parts/Engine/solidBoosterSep/solidBoosterSep/sepMotor1' has no database record. Creating.
[LOG 23:09:57.847] [DragCubeSystem]: Drag cubes not found or cannot be read for part Part. Generating New drag cubes.
[LOG 23:09:57.847] [KSPCF/DragCubeGeneration] Creating drag cubes for part 'sepMotor1'
[LOG 23:09:57.856] PartLoader: Compiling Part 'Squad/Parts/Engine/SolidBoostersF/SolidBoosterF3S0/Shrimp'
[LOG 23:09:57.861] PartLoader: Part 'Squad/Parts/Engine/SolidBoostersF/SolidBoosterF3S0/Shrimp' has no database record. Creating.
[LOG 23:09:57.861] [DragCubeSystem]: Drag cubes not found or cannot be read for part Part. Generating New drag cubes.
[LOG 23:09:57.861] [KSPCF/DragCubeGeneration] Creating drag cubes for part 'Shrimp'
[LOG 23:09:57.869] PartLoader: Compiling Part 'Squad/Parts/Engine/SolidBoostersF/SolidBoosterFM1/Mite'
[LOG 23:09:57.873] PartLoader: Part 'Squad/Parts/Engine/SolidBoostersF/SolidBoosterFM1/Mite' has no database record. Creating.
[LOG 23:09:57.873] [DragCubeSystem]: Drag cubes not found or cannot be read for part Part. Generating New drag cubes.
[LOG 23:09:57.873] [KSPCF/DragCubeGeneration] Creating drag cubes for part 'Mite'
[LOG 23:09:57.881] PartLoader: Compiling Part 'Squad/Parts/FuelTank/adapterTanks/Mk3-Mk2/adapterMk3-Mk2'
[LOG 23:09:57.882] PartLoader: Part 'Squad/Parts/FuelTank/adapterTanks/Mk3-Mk2/adapterMk3-Mk2' has no database record. Creating.
[LOG 23:09:57.882] [DragCubeSystem]: Drag cubes not found or cannot be read for part Part. Generating New drag cubes.
[LOG 23:09:57.882] [KSPCF/DragCubeGeneration] Creating drag cubes for part 'adapterMk3-Mk2'
[LOG 23:09:57.891] PartLoader: Compiling Part 'Squad/Parts/FuelTank/adapterTanks/Mk3-ShuttleAdapter/adapterEngines'
[LOG 23:09:57.893] PartLoader: Part 'Squad/Parts/FuelTank/adapterTanks/Mk3-ShuttleAdapter/adapterEngines' has no database record. Creating.
[LOG 23:09:57.893] [DragCubeSystem]: Drag cubes not found or cannot be read for part Part. Generating New drag cubes.
[LOG 23:09:57.893] [KSPCF/DragCubeGeneration] Creating drag cubes for part 'adapterEngines'
[LOG 23:09:57.900] PartLoader: Compiling Part 'Squad/Parts/FuelTank/adapterTanks/Mk3-Size2/adapterMk3-Size2'
[LOG 23:09:57.902] PartLoader: Part 'Squad/Parts/FuelTank/adapterTanks/Mk3-Size2/adapterMk3-Size2' has no database record. Creating.
[LOG 23:09:57.902] [DragCubeSystem]: Drag cubes not found or cannot be read for part Part. Generating New drag cubes.
[LOG 23:09:57.902] [KSPCF/DragCubeGeneration] Creating drag cubes for part 'adapterMk3-Size2'
[LOG 23:09:57.909] PartLoader: Compiling Part 'Squad/Parts/FuelTank/adapterTanks/Mk3-Size2Slant/adapterMk3-Size2Slant'
[LOG 23:09:57.910] PartLoader: Part 'Squad/Parts/FuelTank/adapterTanks/Mk3-Size2Slant/adapterMk3-Size2Slant' has no database record. Creating.
[LOG 23:09:57.910] [DragCubeSystem]: Drag cubes not found or cannot be read for part Part. Generating New drag cubes.
[LOG 23:09:57.910] [KSPCF/DragCubeGeneration] Creating drag cubes for part 'adapterMk3-Size2Slant'
[LOG 23:09:57.917] PartLoader: Compiling Part 'Squad/Parts/FuelTank/adapterTanks/Size2-Mk2/adapterSize2-Mk2'
[LOG 23:09:57.919] PartLoader: Part 'Squad/Parts/FuelTank/adapterTanks/Size2-Mk2/adapterSize2-Mk2' has no database record. Creating.
[LOG 23:09:57.919] [DragCubeSystem]: Drag cubes not found or cannot be read for part Part. Generating New drag cubes.
[LOG 23:09:57.919] [KSPCF/DragCubeGeneration] Creating drag cubes for part 'adapterSize2-Mk2'
[LOG 23:09:57.927] PartLoader: Compiling Part 'Squad/Parts/FuelTank/adapterTanks/Size2-Size1/adapterSize2-Size1'
[LOG 23:09:57.928] PartLoader: Part 'Squad/Parts/FuelTank/adapterTanks/Size2-Size1/adapterSize2-Size1' has no database record. Creating.
[LOG 23:09:57.928] [DragCubeSystem]: Drag cubes not found or cannot be read for part Part. Generating New drag cubes.
[LOG 23:09:57.928] [KSPCF/DragCubeGeneration] Creating drag cubes for part 'adapterSize2-Size1'
[LOG 23:09:57.937] PartLoader: Compiling Part 'Squad/Parts/FuelTank/adapterTanks/Size2-Size1Slant/adapterSize2-Size1Slant'
[LOG 23:09:57.940] PartLoader: Part 'Squad/Parts/FuelTank/adapterTanks/Size2-Size1Slant/adapterSize2-Size1Slant' has no database record. Creating.
[LOG 23:09:57.940] [DragCubeSystem]: Drag cubes not found or cannot be read for part Part. Generating New drag cubes.
[LOG 23:09:57.940] [KSPCF/DragCubeGeneration] Creating drag cubes for part 'adapterSize2-Size1Slant'
[LOG 23:09:57.948] PartLoader: Compiling Part 'Squad/Parts/FuelTank/adapterTanks/Size3-Mk3/adapterSize3-Mk3'
[LOG 23:09:57.949] PartLoader: Part 'Squad/Parts/FuelTank/adapterTanks/Size3-Mk3/adapterSize3-Mk3' has no database record. Creating.
[LOG 23:09:57.949] [DragCubeSystem]: Drag cubes not found or cannot be read for part Part. Generating New drag cubes.
[LOG 23:09:57.949] [KSPCF/DragCubeGeneration] Creating drag cubes for part 'adapterSize3-Mk3'
[LOG 23:09:57.955] PartLoader: Compiling Part 'Squad/Parts/FuelTank/drainTankFTE-1/ReleaseValve/ReleaseValve'
[LOG 23:09:57.965] PartLoader: Part 'Squad/Parts/FuelTank/drainTankFTE-1/ReleaseValve/ReleaseValve' has no database record. Creating.
[LOG 23:09:57.966] [DragCubeSystem]: Drag cubes not found or cannot be read for part Part. Generating New drag cubes.
[LOG 23:09:57.966] [KSPCF/DragCubeGeneration] Creating drag cubes for part 'ReleaseValve'
[LOG 23:09:57.975] PartLoader: Compiling Part 'Squad/Parts/FuelTank/FoilTanks/RadialTank_Capsule/externalTankCapsule'
[LOG 23:09:57.981] PartLoader: Part 'Squad/Parts/FuelTank/FoilTanks/RadialTank_Capsule/externalTankCapsule' has no database record. Creating.
[LOG 23:09:57.981] [DragCubeSystem]: Drag cubes not found or cannot be read for part Part. Generating New drag cubes.
[LOG 23:09:57.981] [KSPCF/DragCubeGeneration] Creating drag cubes for part 'externalTankCapsule'
[LOG 23:09:57.992] PartLoader: Compiling Part 'Squad/Parts/FuelTank/FoilTanks/RadialTank_Round/externalTankRound'
[LOG 23:09:57.994] PartLoader: Part 'Squad/Parts/FuelTank/FoilTanks/RadialTank_Round/externalTankRound' has no database record. Creating.
[LOG 23:09:57.994] [DragCubeSystem]: Drag cubes not found or cannot be read for part Part. Generating New drag cubes.
[LOG 23:09:57.994] [KSPCF/DragCubeGeneration] Creating drag cubes for part 'externalTankRound'
[LOG 23:09:58.005] PartLoader: Compiling Part 'Squad/Parts/FuelTank/FoilTanks/ToroidTank/externalTankToroid'
[LOG 23:09:58.009] PartLoader: Part 'Squad/Parts/FuelTank/FoilTanks/ToroidTank/externalTankToroid' has no database record. Creating.
[LOG 23:09:58.009] [DragCubeSystem]: Drag cubes not found or cannot be read for part Part. Generating New drag cubes.
[LOG 23:09:58.009] [KSPCF/DragCubeGeneration] Creating drag cubes for part 'externalTankToroid'
[LOG 23:09:58.018] PartLoader: Compiling Part 'Squad/Parts/FuelTank/fuelTankOscarB/fuelTankOscarB/miniFuelTank'
[LOG 23:09:58.020] PartLoader: Part 'Squad/Parts/FuelTank/fuelTankOscarB/fuelTankOscarB/miniFuelTank' has no database record. Creating.
[LOG 23:09:58.021] [DragCubeSystem]: Drag cubes not found or cannot be read for part Part. Generating New drag cubes.
[LOG 23:09:58.021] [KSPCF/DragCubeGeneration] Creating drag cubes for part 'miniFuelTank'
[LOG 23:09:58.029] PartLoader: Compiling Part 'Squad/Parts/FuelTank/miniFuselage/miniFuselage/miniFuselage'
[LOG 23:09:58.031] PartLoader: Part 'Squad/Parts/FuelTank/miniFuselage/miniFuselage/miniFuselage' has no database record. Creating.
[LOG 23:09:58.031] [DragCubeSystem]: Drag cubes not found or cannot be read for part Part. Generating New drag cubes.
[LOG 23:09:58.031] [KSPCF/DragCubeGeneration] Creating drag cubes for part 'miniFuselage'
[LOG 23:09:58.039] PartLoader: Compiling Part 'Squad/Parts/FuelTank/mk2Adapters/bicoupler/mk2_1m_Bicoupler'
[LOG 23:09:58.041] PartLoader: Part 'Squad/Parts/FuelTank/mk2Adapters/bicoupler/mk2_1m_Bicoupler' has no database record. Creating.
[LOG 23:09:58.041] [DragCubeSystem]: Drag cubes not found or cannot be read for part Part. Generating New drag cubes.
[LOG 23:09:58.041] [KSPCF/DragCubeGeneration] Creating drag cubes for part 'mk2.1m.Bicoupler'
[LOG 23:09:58.050] PartLoader: Compiling Part 'Squad/Parts/FuelTank/mk2Adapters/long/mk2_1m_AdapterLong'
[LOG 23:09:58.051] PartLoader: Part 'Squad/Parts/FuelTank/mk2Adapters/long/mk2_1m_AdapterLong' has no database record. Creating.
[LOG 23:09:58.051] [DragCubeSystem]: Drag cubes not found or cannot be read for part Part. Generating New drag cubes.
[LOG 23:09:58.052] [KSPCF/DragCubeGeneration] Creating drag cubes for part 'mk2.1m.AdapterLong'
[LOG 23:09:58.059] PartLoader: Compiling Part 'Squad/Parts/FuelTank/mk2Adapters/standard/mk2SpacePlaneAdapter'
[LOG 23:09:58.061] PartLoader: Part 'Squad/Parts/FuelTank/mk2Adapters/standard/mk2SpacePlaneAdapter' has no database record. Creating.
[LOG 23:09:58.061] [DragCubeSystem]: Drag cubes not found or cannot be read for part Part. Generating New drag cubes.
[LOG 23:09:58.061] [KSPCF/DragCubeGeneration] Creating drag cubes for part 'mk2SpacePlaneAdapter'
[LOG 23:09:58.069] PartLoader: Compiling Part 'Squad/Parts/FuelTank/mk2FuselageLong/LFO_long/mk2FuselageLongLFO'
[LOG 23:09:58.071] PartLoader: Part 'Squad/Parts/FuelTank/mk2FuselageLong/LFO_long/mk2FuselageLongLFO' has no database record. Creating.
[LOG 23:09:58.071] [DragCubeSystem]: Drag cubes not found or cannot be read for part Part. Generating New drag cubes.
[LOG 23:09:58.071] [KSPCF/DragCubeGeneration] Creating drag cubes for part 'mk2FuselageLongLFO'
[LOG 23:09:58.079] PartLoader: Compiling Part 'Squad/Parts/FuelTank/mk2FuselageLong/L_long/mk2Fuselage'
[LOG 23:09:58.081] PartLoader: Part 'Squad/Parts/FuelTank/mk2FuselageLong/L_long/mk2Fuselage' has no database record. Creating.
[LOG 23:09:58.081] [DragCubeSystem]: Drag cubes not found or cannot be read for part Part. Generating New drag cubes.
[LOG 23:09:58.081] [KSPCF/DragCubeGeneration] Creating drag cubes for part 'mk2Fuselage'
[LOG 23:09:58.088] PartLoader: Compiling Part 'Squad/Parts/FuelTank/mk2FuselageShort/LFO_short/mk2FuselageShortLFO'
[LOG 23:09:58.090] PartLoader: Part 'Squad/Parts/FuelTank/mk2FuselageShort/LFO_short/mk2FuselageShortLFO' has no database record. Creating.
[LOG 23:09:58.090] [DragCubeSystem]: Drag cubes not found or cannot be read for part Part. Generating New drag cubes.
[LOG 23:09:58.090] [KSPCF/DragCubeGeneration] Creating drag cubes for part 'mk2FuselageShortLFO'
[LOG 23:09:58.098] PartLoader: Compiling Part 'Squad/Parts/FuelTank/mk2FuselageShort/L_short/mk2FuselageShortLiquid'
[LOG 23:09:58.100] PartLoader: Part 'Squad/Parts/FuelTank/mk2FuselageShort/L_short/mk2FuselageShortLiquid' has no database record. Creating.
[LOG 23:09:58.100] [DragCubeSystem]: Drag cubes not found or cannot be read for part Part. Generating New drag cubes.
[LOG 23:09:58.100] [KSPCF/DragCubeGeneration] Creating drag cubes for part 'mk2FuselageShortLiquid'
[LOG 23:09:58.107] PartLoader: Compiling Part 'Squad/Parts/FuelTank/mk2FuselageShort/Mono_short/mk2FuselageShortMono'
[LOG 23:09:58.109] PartLoader: Part 'Squad/Parts/FuelTank/mk2FuselageShort/Mono_short/mk2FuselageShortMono' has no database record. Creating.
[LOG 23:09:58.109] [DragCubeSystem]: Drag cubes not found or cannot be read for part Part. Generating New drag cubes.
[LOG 23:09:58.109] [KSPCF/DragCubeGeneration] Creating drag cubes for part 'mk2FuselageShortMono'
[LOG 23:09:58.118] PartLoader: Compiling Part 'Squad/Parts/FuelTank/mk3Fuselage/CREW/mk3CrewCabin'
[LOG 23:09:58.121] PartLoader: Part 'Squad/Parts/FuelTank/mk3Fuselage/CREW/mk3CrewCabin' has no database record. Creating.
[LOG 23:09:58.121] [DragCubeSystem]: Drag cubes not found or cannot be read for part Part. Generating New drag cubes.
[LOG 23:09:58.121] [KSPCF/DragCubeGeneration] Creating drag cubes for part 'mk3CrewCabin'
[LOG 23:09:58.129] PartLoader: Compiling Part 'Squad/Parts/FuelTank/mk3Fuselage/LFO_100/mk3FuselageLFO_100'
[LOG 23:09:58.131] PartLoader: Part 'Squad/Parts/FuelTank/mk3Fuselage/LFO_100/mk3FuselageLFO_100' has no database record. Creating.
[LOG 23:09:58.131] [DragCubeSystem]: Drag cubes not found or cannot be read for part Part. Generating New drag cubes.
[LOG 23:09:58.131] [KSPCF/DragCubeGeneration] Creating drag cubes for part 'mk3FuselageLFO.100'
[LOG 23:09:58.138] PartLoader: Compiling Part 'Squad/Parts/FuelTank/mk3Fuselage/LFO_25/mk3FuselageLFO_25'
[LOG 23:09:58.140] PartLoader: Part 'Squad/Parts/FuelTank/mk3Fuselage/LFO_25/mk3FuselageLFO_25' has no database record. Creating.
[LOG 23:09:58.140] [DragCubeSystem]: Drag cubes not found or cannot be read for part Part. Generating New drag cubes.
[LOG 23:09:58.140] [KSPCF/DragCubeGeneration] Creating drag cubes for part 'mk3FuselageLFO.25'
[LOG 23:09:58.148] PartLoader: Compiling Part 'Squad/Parts/FuelTank/mk3Fuselage/LFO_50/mk3FuselageLFO_50'
[LOG 23:09:58.149] PartLoader: Part 'Squad/Parts/FuelTank/mk3Fuselage/LFO_50/mk3FuselageLFO_50' has no database record. Creating.
[LOG 23:09:58.149] [DragCubeSystem]: Drag cubes not found or cannot be read for part Part. Generating New drag cubes.
[LOG 23:09:58.149] [KSPCF/DragCubeGeneration] Creating drag cubes for part 'mk3FuselageLFO.50'
[LOG 23:09:58.158] PartLoader: Compiling Part 'Squad/Parts/FuelTank/mk3Fuselage/LF_100/mk3FuselageLF_100'
[LOG 23:09:58.160] PartLoader: Part 'Squad/Parts/FuelTank/mk3Fuselage/LF_100/mk3FuselageLF_100' has no database record. Creating.
[LOG 23:09:58.160] [DragCubeSystem]: Drag cubes not found or cannot be read for part Part. Generating New drag cubes.
[LOG 23:09:58.160] [KSPCF/DragCubeGeneration] Creating drag cubes for part 'mk3FuselageLF.100'
[LOG 23:09:58.169] PartLoader: Compiling Part 'Squad/Parts/FuelTank/mk3Fuselage/LF_25/mk3FuselageLF_25'
[LOG 23:09:58.170] PartLoader: Part 'Squad/Parts/FuelTank/mk3Fuselage/LF_25/mk3FuselageLF_25' has no database record. Creating.
[LOG 23:09:58.170] [DragCubeSystem]: Drag cubes not found or cannot be read for part Part. Generating New drag cubes.
[LOG 23:09:58.170] [KSPCF/DragCubeGeneration] Creating drag cubes for part 'mk3FuselageLF.25'
[LOG 23:09:58.178] PartLoader: Compiling Part 'Squad/Parts/FuelTank/mk3Fuselage/LF_50/mk3FuselageLF_50'
[LOG 23:09:58.180] PartLoader: Part 'Squad/Parts/FuelTank/mk3Fuselage/LF_50/mk3FuselageLF_50' has no database record. Creating.
[LOG 23:09:58.180] [DragCubeSystem]: Drag cubes not found or cannot be read for part Part. Generating New drag cubes.
[LOG 23:09:58.180] [KSPCF/DragCubeGeneration] Creating drag cubes for part 'mk3FuselageLF.50'
[LOG 23:09:58.189] PartLoader: Compiling Part 'Squad/Parts/FuelTank/mk3Fuselage/MONO/mk3FuselageMONO'
[LOG 23:09:58.190] PartLoader: Part 'Squad/Parts/FuelTank/mk3Fuselage/MONO/mk3FuselageMONO' has no database record. Creating.
[LOG 23:09:58.191] [DragCubeSystem]: Drag cubes not found or cannot be read for part Part. Generating New drag cubes.
[LOG 23:09:58.191] [KSPCF/DragCubeGeneration] Creating drag cubes for part 'mk3FuselageMONO'
[LOG 23:09:58.200] PartLoader: Compiling Part 'Squad/Parts/FuelTank/RCSFuelTankR1/RCSFuelTankR1/RCSTank1-2'
[LOG 23:09:58.202] PartLoader: Part 'Squad/Parts/FuelTank/RCSFuelTankR1/RCSFuelTankR1/RCSTank1-2' has no database record. Creating.
[LOG 23:09:58.202] [DragCubeSystem]: Drag cubes not found or cannot be read for part Part. Generating New drag cubes.
[LOG 23:09:58.202] [KSPCF/DragCubeGeneration] Creating drag cubes for part 'RCSTank1-2'
[LOG 23:09:58.209] PartLoader: Compiling Part 'Squad/Parts/FuelTank/RCSFuelTankR10/RCSFuelTankR10/rcsTankMini'
[LOG 23:09:58.211] PartLoader: Part 'Squad/Parts/FuelTank/RCSFuelTankR10/RCSFuelTankR10/rcsTankMini' has no database record. Creating.
[LOG 23:09:58.211] [DragCubeSystem]: Drag cubes not found or cannot be read for part Part. Generating New drag cubes.
[LOG 23:09:58.211] [KSPCF/DragCubeGeneration] Creating drag cubes for part 'rcsTankMini'
[LOG 23:09:58.218] PartLoader: Compiling Part 'Squad/Parts/FuelTank/RCSFuelTankR25/RCSFuelTankR25/RCSFuelTank'
[LOG 23:09:58.220] PartLoader: Part 'Squad/Parts/FuelTank/RCSFuelTankR25/RCSFuelTankR25/RCSFuelTank' has no database record. Creating.
[LOG 23:09:58.220] [DragCubeSystem]: Drag cubes not found or cannot be read for part Part. Generating New drag cubes.
[LOG 23:09:58.220] [KSPCF/DragCubeGeneration] Creating drag cubes for part 'RCSFuelTank'
[LOG 23:09:58.229] PartLoader: Compiling Part 'Squad/Parts/FuelTank/RCSTankRadial/radialRCSTank/radialRCSTank'
[LOG 23:09:58.231] PartLoader: Part 'Squad/Parts/FuelTank/RCSTankRadial/radialRCSTank/radialRCSTank' has no database record. Creating.
[LOG 23:09:58.231] [DragCubeSystem]: Drag cubes not found or cannot be read for part Part. Generating New drag cubes.
[LOG 23:09:58.231] [KSPCF/DragCubeGeneration] Creating drag cubes for part 'radialRCSTank'
[LOG 23:09:58.239] PartLoader: Compiling Part 'Squad/Parts/FuelTank/RCStankRadialLong/RCSTankRadialLong/rcsTankRadialLong'
[LOG 23:09:58.241] PartLoader: Part 'Squad/Parts/FuelTank/RCStankRadialLong/RCSTankRadialLong/rcsTankRadialLong' has no database record. Creating.
[LOG 23:09:58.241] [DragCubeSystem]: Drag cubes not found or cannot be read for part Part. Generating New drag cubes.
[LOG 23:09:58.241] [KSPCF/DragCubeGeneration] Creating drag cubes for part 'rcsTankRadialLong'
[LOG 23:09:58.248] PartLoader: Compiling Part 'Squad/Parts/FuelTank/RockomaxTanks/Rockomax16/Rockomax16_BW'
[LOG 23:09:58.251] PartLoader: Part 'Squad/Parts/FuelTank/RockomaxTanks/Rockomax16/Rockomax16_BW' has no database record. Creating.
[LOG 23:09:58.251] [DragCubeSystem]: Drag cubes not found or cannot be read for part Part. Generating New drag cubes.
[LOG 23:09:58.251] [KSPCF/DragCubeGeneration] Creating drag cubes for part 'Rockomax16.BW'
[LOG 23:09:58.258] PartLoader: Compiling Part 'Squad/Parts/FuelTank/RockomaxTanks/Rockomax32/Rockomax32_BW'
[LOG 23:09:58.260] PartLoader: Part 'Squad/Parts/FuelTank/RockomaxTanks/Rockomax32/Rockomax32_BW' has no database record. Creating.
[LOG 23:09:58.260] [DragCubeSystem]: Drag cubes not found or cannot be read for part Part. Generating New drag cubes.
[LOG 23:09:58.260] [KSPCF/DragCubeGeneration] Creating drag cubes for part 'Rockomax32.BW'
[LOG 23:09:58.288] PartLoader: Compiling Part 'Squad/Parts/FuelTank/RockomaxTanks/Rockomax64/Rockomax64_BW'
[LOG 23:09:58.291] PartLoader: Part 'Squad/Parts/FuelTank/RockomaxTanks/Rockomax64/Rockomax64_BW' has no database record. Creating.
[LOG 23:09:58.291] [DragCubeSystem]: Drag cubes not found or cannot be read for part Part. Generating New drag cubes.
[LOG 23:09:58.291] [KSPCF/DragCubeGeneration] Creating drag cubes for part 'Rockomax64.BW'
[LOG 23:09:58.312] PartLoader: Compiling Part 'Squad/Parts/FuelTank/RockomaxTanks/Rockomax8/Rockomax8BW'
[LOG 23:09:58.314] PartLoader: Part 'Squad/Parts/FuelTank/RockomaxTanks/Rockomax8/Rockomax8BW' has no database record. Creating.
[LOG 23:09:58.314] [DragCubeSystem]: Drag cubes not found or cannot be read for part Part. Generating New drag cubes.
[LOG 23:09:58.314] [KSPCF/DragCubeGeneration] Creating drag cubes for part 'Rockomax8BW'
[LOG 23:09:58.337] PartLoader: Compiling Part 'Squad/Parts/FuelTank/Size1_Tanks/fuelTankT100/fuelTankSmallFlat'
[LOG 23:09:58.340] PartLoader: Part 'Squad/Parts/FuelTank/Size1_Tanks/fuelTankT100/fuelTankSmallFlat' has no database record. Creating.
[LOG 23:09:58.340] [DragCubeSystem]: Drag cubes not found or cannot be read for part Part. Generating New drag cubes.
[LOG 23:09:58.340] [KSPCF/DragCubeGeneration] Creating drag cubes for part 'fuelTankSmallFlat'
[LOG 23:09:58.348] PartLoader: Compiling Part 'Squad/Parts/FuelTank/Size1_Tanks/fuelTankT200/fuelTankSmall'
[LOG 23:09:58.350] PartLoader: Part 'Squad/Parts/FuelTank/Size1_Tanks/fuelTankT200/fuelTankSmall' has no database record. Creating.
[LOG 23:09:58.350] [DragCubeSystem]: Drag cubes not found or cannot be read for part Part. Generating New drag cubes.
[LOG 23:09:58.350] [KSPCF/DragCubeGeneration] Creating drag cubes for part 'fuelTankSmall'
[LOG 23:09:58.358] PartLoader: Compiling Part 'Squad/Parts/FuelTank/Size1_Tanks/fuelTankT400/fuelTank'
[LOG 23:09:58.360] PartLoader: Part 'Squad/Parts/FuelTank/Size1_Tanks/fuelTankT400/fuelTank' has no database record. Creating.
[LOG 23:09:58.360] [DragCubeSystem]: Drag cubes not found or cannot be read for part Part. Generating New drag cubes.
[LOG 23:09:58.360] [KSPCF/DragCubeGeneration] Creating drag cubes for part 'fuelTank'
[LOG 23:09:58.367] PartLoader: Compiling Part 'Squad/Parts/FuelTank/Size1_Tanks/fuelTankT800/fuelTank_long'
[LOG 23:09:58.373] PartLoader: Part 'Squad/Parts/FuelTank/Size1_Tanks/fuelTankT800/fuelTank_long' has no database record. Creating.
[LOG 23:09:58.373] [DragCubeSystem]: Drag cubes not found or cannot be read for part Part. Generating New drag cubes.
[LOG 23:09:58.373] [KSPCF/DragCubeGeneration] Creating drag cubes for part 'fuelTank.long'
[LOG 23:09:58.395] PartLoader: Compiling Part 'Squad/Parts/FuelTank/Size3Tanks/large/Size3LargeTank'
[LOG 23:09:58.397] PartLoader: Part 'Squad/Parts/FuelTank/Size3Tanks/large/Size3LargeTank' has no database record. Creating.
[LOG 23:09:58.397] [DragCubeSystem]: Drag cubes not found or cannot be read for part Part. Generating New drag cubes.
[LOG 23:09:58.397] [KSPCF/DragCubeGeneration] Creating drag cubes for part 'Size3LargeTank'
[LOG 23:09:58.407] PartLoader: Compiling Part 'Squad/Parts/FuelTank/Size3Tanks/medium/Size3MediumTank'
[LOG 23:09:58.409] PartLoader: Part 'Squad/Parts/FuelTank/Size3Tanks/medium/Size3MediumTank' has no database record. Creating.
[LOG 23:09:58.409] [DragCubeSystem]: Drag cubes not found or cannot be read for part Part. Generating New drag cubes.
[LOG 23:09:58.409] [KSPCF/DragCubeGeneration] Creating drag cubes for part 'Size3MediumTank'
[LOG 23:09:58.415] PartLoader: Compiling Part 'Squad/Parts/FuelTank/Size3Tanks/small/Size3SmallTank'
[LOG 23:09:58.417] PartLoader: Part 'Squad/Parts/FuelTank/Size3Tanks/small/Size3SmallTank' has no database record. Creating.
[LOG 23:09:58.417] [DragCubeSystem]: Drag cubes not found or cannot be read for part Part. Generating New drag cubes.
[LOG 23:09:58.417] [KSPCF/DragCubeGeneration] Creating drag cubes for part 'Size3SmallTank'
[LOG 23:09:58.422] PartLoader: Compiling Part 'Squad/Parts/FuelTank/xenonTank/xenonTank/xenonTank'
[LOG 23:09:58.423] PartLoader: Part 'Squad/Parts/FuelTank/xenonTank/xenonTank/xenonTank' has no database record. Creating.
[LOG 23:09:58.423] [DragCubeSystem]: Drag cubes not found or cannot be read for part Part. Generating New drag cubes.
[LOG 23:09:58.423] [KSPCF/DragCubeGeneration] Creating drag cubes for part 'xenonTank'
[LOG 23:09:58.427] PartLoader: Compiling Part 'Squad/Parts/FuelTank/xenonTankLarge/xenonTankLarge/xenonTankLarge'
[LOG 23:09:58.429] PartLoader: Part 'Squad/Parts/FuelTank/xenonTankLarge/xenonTankLarge/xenonTankLarge' has no database record. Creating.
[LOG 23:09:58.429] [DragCubeSystem]: Drag cubes not found or cannot be read for part Part. Generating New drag cubes.
[LOG 23:09:58.429] [KSPCF/DragCubeGeneration] Creating drag cubes for part 'xenonTankLarge'
[LOG 23:09:58.434] PartLoader: Compiling Part 'Squad/Parts/FuelTank/xenonTankRadial/xenonTankRadial/xenonTankRadial'
[LOG 23:09:58.435] PartLoader: Part 'Squad/Parts/FuelTank/xenonTankRadial/xenonTankRadial/xenonTankRadial' has no database record. Creating.
[LOG 23:09:58.435] [DragCubeSystem]: Drag cubes not found or cannot be read for part Part. Generating New drag cubes.
[LOG 23:09:58.435] [KSPCF/DragCubeGeneration] Creating drag cubes for part 'xenonTankRadial'
[LOG 23:09:58.439] PartLoader: Compiling Part 'Squad/Parts/Misc/AsteroidDay/CamSat/InfraredTelescope'
[LOG 23:09:58.448] PartLoader: Part 'Squad/Parts/Misc/AsteroidDay/CamSat/InfraredTelescope' has no database record. Creating.
[LOG 23:09:58.448] [DragCubeSystem]: Drag cubes not found or cannot be read for part Part. Generating New drag cubes.
[LOG 23:09:58.448] [KSPCF/DragCubeGeneration] Creating drag cubes for part 'InfraredTelescope'
[LOG 23:09:58.454] PartLoader: Compiling Part 'Squad/Parts/Misc/AsteroidDay/HECS2/HECS2_ProbeCore'
[LOG 23:09:58.459] PartLoader: Part 'Squad/Parts/Misc/AsteroidDay/HECS2/HECS2_ProbeCore' has no database record. Creating.
[LOG 23:09:58.460] [DragCubeSystem]: Drag cubes not found or cannot be read for part Part. Generating New drag cubes.
[LOG 23:09:58.460] [KSPCF/DragCubeGeneration] Creating drag cubes for part 'HECS2.ProbeCore'
[LOG 23:09:58.467] PartLoader: Compiling Part 'Squad/Parts/Misc/AsteroidDay/HighGainAntenna/HighGainAntenna'
[LOG 23:09:58.480] PartLoader: Part 'Squad/Parts/Misc/AsteroidDay/HighGainAntenna/HighGainAntenna' has no database record. Creating.
[LOG 23:09:58.480] [DragCubeSystem]: Drag cubes not found or cannot be read for part Part. Generating New drag cubes.
[LOG 23:09:58.480] [KSPCF/DragCubeGeneration] Creating drag cubes for part 'HighGainAntenna'
[LOG 23:09:58.496] PartLoader: Compiling Part 'Squad/Parts/Misc/AsteroidDay/LgRadialSolar/LgRadialSolarPanel'
[LOG 23:09:58.499] PartLoader: Part 'Squad/Parts/Misc/AsteroidDay/LgRadialSolar/LgRadialSolarPanel' has no database record. Creating.
[LOG 23:09:58.499] [DragCubeSystem]: Drag cubes not found or cannot be read for part Part. Generating New drag cubes.
[LOG 23:09:58.499] [KSPCF/DragCubeGeneration] Creating drag cubes for part 'LgRadialSolarPanel'
[LOG 23:09:58.506] PartLoader: Compiling Part 'Squad/Parts/Misc/PotatoComet/part/PotatoComet'
[LOG 23:09:58.515] PartLoader: Part 'Squad/Parts/Misc/PotatoComet/part/PotatoComet' has no database record. Creating.
[LOG 23:09:58.515] PartLoader: Compiling Part 'Squad/Parts/Misc/PotatoRoid/part/PotatoRoid'
[LOG 23:09:58.522] PartLoader: Part 'Squad/Parts/Misc/PotatoRoid/part/PotatoRoid' has no database record. Creating.
[LOG 23:09:58.522] PartLoader: Compiling Part 'Squad/Parts/Prebuilt/flag/flag'
[LOG 23:09:58.524] PartLoader: Compiling Part 'Squad/Parts/Prebuilt/kerbalEVA/kerbalEVA'
[LOG 23:09:58.536] PartLoader: Compiling Part 'Squad/Parts/Prebuilt/kerbalEVAfemale/kerbalEVAfemale'
[LOG 23:09:58.541] PartLoader: Compiling Part 'Squad/Parts/Prebuilt/kerbalEVASlimSuit/kerbalEVASlimSuit'
[LOG 23:09:58.545] PartLoader: Compiling Part 'Squad/Parts/Prebuilt/kerbalEVASlimSuitFemale/kerbalEVASlimSuitFemale'
[LOG 23:09:58.550] PartLoader: Compiling Part 'Squad/Parts/Resources/FuelCell/FuelCell/FuelCell'
[LOG 23:09:58.557] PartLoader: Part 'Squad/Parts/Resources/FuelCell/FuelCell/FuelCell' has no database record. Creating.
[LOG 23:09:58.557] [DragCubeSystem]: Drag cubes not found or cannot be read for part Part. Generating New drag cubes.
[LOG 23:09:58.557] [KSPCF/DragCubeGeneration] Creating drag cubes for part 'FuelCell'
[LOG 23:09:58.568] PartLoader: Compiling Part 'Squad/Parts/Resources/FuelCell/FuelCellArray/FuelCellArray'
[LOG 23:09:58.571] PartLoader: Part 'Squad/Parts/Resources/FuelCell/FuelCellArray/FuelCellArray' has no database record. Creating.
[LOG 23:09:58.571] [DragCubeSystem]: Drag cubes not found or cannot be read for part Part. Generating New drag cubes.
[LOG 23:09:58.571] [KSPCF/DragCubeGeneration] Creating drag cubes for part 'FuelCellArray'
[LOG 23:09:58.581] PartLoader: Compiling Part 'Squad/Parts/Resources/ISRU/ISRU/ISRU'
[LOG 23:09:58.591] PartLoader: Part 'Squad/Parts/Resources/ISRU/ISRU/ISRU' has no database record. Creating.
[LOG 23:09:58.591] [DragCubeSystem]: Drag cubes not found or cannot be read for part Part. Generating New drag cubes.
[LOG 23:09:58.591] [KSPCF/DragCubeGeneration] Creating drag cubes for part 'ISRU'
[LOG 23:09:58.612] PartLoader: Compiling Part 'Squad/Parts/Resources/LargeTank/LargeTank/LargeTank'
[LOG 23:09:58.617] PartLoader: Part 'Squad/Parts/Resources/LargeTank/LargeTank/LargeTank' has no database record. Creating.
[LOG 23:09:58.617] [DragCubeSystem]: Drag cubes not found or cannot be read for part Part. Generating New drag cubes.
[LOG 23:09:58.617] [KSPCF/DragCubeGeneration] Creating drag cubes for part 'LargeTank'
[LOG 23:09:58.625] PartLoader: Compiling Part 'Squad/Parts/Resources/MiniDrill/MiniDrill/MiniDrill'
[LOG 23:09:58.639] PartLoader: Part 'Squad/Parts/Resources/MiniDrill/MiniDrill/MiniDrill' has no database record. Creating.
[LOG 23:09:58.639] [DragCubeSystem]: Drag cubes not found or cannot be read for part Part. Generating New drag cubes.
[LOG 23:09:58.639] [KSPCF/DragCubeGeneration] Creating drag cubes for part 'MiniDrill'
[LOG 23:09:58.679] PartLoader: Compiling Part 'Squad/Parts/Resources/MiniISRU/MiniISRU/MiniISRU'
[LOG 23:09:58.683] PartLoader: Part 'Squad/Parts/Resources/MiniISRU/MiniISRU/MiniISRU' has no database record. Creating.
[LOG 23:09:58.683] [DragCubeSystem]: Drag cubes not found or cannot be read for part Part. Generating New drag cubes.
[LOG 23:09:58.683] [KSPCF/DragCubeGeneration] Creating drag cubes for part 'MiniISRU'
[LOG 23:09:58.692] PartLoader: Compiling Part 'Squad/Parts/Resources/OrbitalScanner/OrbitalScanner/OrbitalScanner'
[LOG 23:09:58.700] PartLoader: Part 'Squad/Parts/Resources/OrbitalScanner/OrbitalScanner/OrbitalScanner' has no database record. Creating.
[LOG 23:09:58.701] [DragCubeSystem]: Drag cubes not found or cannot be read for part Part. Generating New drag cubes.
[LOG 23:09:58.701] [KSPCF/DragCubeGeneration] Creating drag cubes for part 'OrbitalScanner'
[LOG 23:09:58.722] PartLoader: Compiling Part 'Squad/Parts/Resources/RadialDrill/RadialDrill/RadialDrill'
[LOG 23:09:58.727] PartLoader: Part 'Squad/Parts/Resources/RadialDrill/RadialDrill/RadialDrill' has no database record. Creating.
[LOG 23:09:58.727] [DragCubeSystem]: Drag cubes not found or cannot be read for part Part. Generating New drag cubes.
[LOG 23:09:58.727] [KSPCF/DragCubeGeneration] Creating drag cubes for part 'RadialDrill'
[LOG 23:09:58.769] PartLoader: Compiling Part 'Squad/Parts/Resources/RadialTank/RadialTank/RadialOreTank'
[LOG 23:09:58.771] PartLoader: Part 'Squad/Parts/Resources/RadialTank/RadialTank/RadialOreTank' has no database record. Creating.
[LOG 23:09:58.771] [DragCubeSystem]: Drag cubes not found or cannot be read for part Part. Generating New drag cubes.
[LOG 23:09:58.771] [KSPCF/DragCubeGeneration] Creating drag cubes for part 'RadialOreTank'
[LOG 23:09:58.781] PartLoader: Compiling Part 'Squad/Parts/Resources/SmallTank/SmallTank/SmallTank'
[LOG 23:09:58.782] PartLoader: Part 'Squad/Parts/Resources/SmallTank/SmallTank/SmallTank' has no database record. Creating.
[LOG 23:09:58.782] [DragCubeSystem]: Drag cubes not found or cannot be read for part Part. Generating New drag cubes.
[LOG 23:09:58.782] [KSPCF/DragCubeGeneration] Creating drag cubes for part 'SmallTank'
[LOG 23:09:58.790] PartLoader: Compiling Part 'Squad/Parts/Resources/SurfaceScanner/SurfaceScanner/SurfaceScanner'
[LOG 23:09:58.811] PartLoader: Part 'Squad/Parts/Resources/SurfaceScanner/SurfaceScanner/SurfaceScanner' has no database record. Creating.
[LOG 23:09:58.811] [DragCubeSystem]: Drag cubes not found or cannot be read for part Part. Generating New drag cubes.
[LOG 23:09:58.811] [KSPCF/DragCubeGeneration] Creating drag cubes for part 'SurfaceScanner'
[LOG 23:09:58.821] PartLoader: Compiling Part 'Squad/Parts/Resources/SurveyScanner/SurveyScanner/SurveyScanner'
[LOG 23:09:58.827] PartLoader: Part 'Squad/Parts/Resources/SurveyScanner/SurveyScanner/SurveyScanner' has no database record. Creating.
[LOG 23:09:58.827] [DragCubeSystem]: Drag cubes not found or cannot be read for part Part. Generating New drag cubes.
[LOG 23:09:58.827] [KSPCF/DragCubeGeneration] Creating drag cubes for part 'SurveyScanner'
[LOG 23:09:58.847] PartLoader: Compiling Part 'Squad/Parts/Science/AtmosphereSensor/sensorAtmosphere/sensorAtmosphere'
[LOG 23:09:58.850] PartLoader: Part 'Squad/Parts/Science/AtmosphereSensor/sensorAtmosphere/sensorAtmosphere' has no database record. Creating.
[LOG 23:09:58.850] [DragCubeSystem]: Drag cubes not found or cannot be read for part Part. Generating New drag cubes.
[LOG 23:09:58.850] [KSPCF/DragCubeGeneration] Creating drag cubes for part 'sensorAtmosphere'
[LOG 23:09:58.857] PartLoader: Compiling Part 'Squad/Parts/Science/GooExperiment/gooExperiment/GooExperiment'
[LOG 23:09:58.860] PartLoader: Part 'Squad/Parts/Science/GooExperiment/gooExperiment/GooExperiment' has no database record. Creating.
[LOG 23:09:58.860] [DragCubeSystem]: Drag cubes not found or cannot be read for part Part. Generating New drag cubes.
[LOG 23:09:58.860] [KSPCF/DragCubeGeneration] Creating drag cubes for part 'GooExperiment'
[LOG 23:09:58.880] PartLoader: Compiling Part 'Squad/Parts/Science/LargeCrewedLab/largeCrewedLab/Large_Crewed_Lab'
[LOG 23:09:58.891] PartLoader: Part 'Squad/Parts/Science/LargeCrewedLab/largeCrewedLab/Large_Crewed_Lab' has no database record. Creating.
[LOG 23:09:58.891] [DragCubeSystem]: Drag cubes not found or cannot be read for part Part. Generating New drag cubes.
[LOG 23:09:58.891] [KSPCF/DragCubeGeneration] Creating drag cubes for part 'Large.Crewed.Lab'
[LOG 23:09:58.899] PartLoader: Compiling Part 'Squad/Parts/Science/Magnetometer/Magnetometer/Magnetometer'
[LOG 23:09:58.905] PartLoader: Part 'Squad/Parts/Science/Magnetometer/Magnetometer/Magnetometer' has no database record. Creating.
[LOG 23:09:58.906] [DragCubeSystem]: Drag cubes not found or cannot be read for part Part. Generating New drag cubes.
[LOG 23:09:58.906] [KSPCF/DragCubeGeneration] Creating drag cubes for part 'Magnetometer'
[LOG 23:09:58.932] PartLoader: Compiling Part 'Squad/Parts/Science/MaterialBay/materialBay/science_module'
[LOG 23:09:58.937] PartLoader: Part 'Squad/Parts/Science/MaterialBay/materialBay/science_module' has no database record. Creating.
[LOG 23:09:58.937] [DragCubeSystem]: Drag cubes not found or cannot be read for part Part. Generating New drag cubes.
[LOG 23:09:58.937] [KSPCF/DragCubeGeneration] Creating drag cubes for part 'science.module'
[LOG 23:09:58.966] PartLoader: Compiling Part 'Squad/Parts/Science/ScienceBox/ScienceBox/ScienceBox'
[LOG 23:09:58.968] PartLoader: Part 'Squad/Parts/Science/ScienceBox/ScienceBox/ScienceBox' has no database record. Creating.
[LOG 23:09:58.968] [DragCubeSystem]: Drag cubes not found or cannot be read for part Part. Generating New drag cubes.
[LOG 23:09:58.969] [KSPCF/DragCubeGeneration] Creating drag cubes for part 'ScienceBox'
[LOG 23:09:58.977] PartLoader: Compiling Part 'Squad/Parts/Science/sensorAccelerometer/sensorAccelerometer/sensorAccelerometer'
[LOG 23:09:58.981] PartLoader: Part 'Squad/Parts/Science/sensorAccelerometer/sensorAccelerometer/sensorAccelerometer' has no database record. Creating.
[LOG 23:09:58.981] [DragCubeSystem]: Drag cubes not found or cannot be read for part Part. Generating New drag cubes.
[LOG 23:09:58.981] [KSPCF/DragCubeGeneration] Creating drag cubes for part 'sensorAccelerometer'
[LOG 23:09:58.989] PartLoader: Compiling Part 'Squad/Parts/Science/sensorBarometer/sensorBarometer/sensorBarometer'
[LOG 23:09:58.992] PartLoader: Part 'Squad/Parts/Science/sensorBarometer/sensorBarometer/sensorBarometer' has no database record. Creating.
[LOG 23:09:58.992] [DragCubeSystem]: Drag cubes not found or cannot be read for part Part. Generating New drag cubes.
[LOG 23:09:58.992] [KSPCF/DragCubeGeneration] Creating drag cubes for part 'sensorBarometer'
[LOG 23:09:59.001] PartLoader: Compiling Part 'Squad/Parts/Science/sensorGravimeter/sensorGravimeter/sensorGravimeter'
[LOG 23:09:59.004] PartLoader: Part 'Squad/Parts/Science/sensorGravimeter/sensorGravimeter/sensorGravimeter' has no database record. Creating.
[LOG 23:09:59.004] [DragCubeSystem]: Drag cubes not found or cannot be read for part Part. Generating New drag cubes.
[LOG 23:09:59.004] [KSPCF/DragCubeGeneration] Creating drag cubes for part 'sensorGravimeter'
[LOG 23:09:59.011] PartLoader: Compiling Part 'Squad/Parts/Science/sensorThermometer/sensorThermometer/sensorThermometer'
[LOG 23:09:59.013] PartLoader: Part 'Squad/Parts/Science/sensorThermometer/sensorThermometer/sensorThermometer' has no database record. Creating.
[LOG 23:09:59.013] [DragCubeSystem]: Drag cubes not found or cannot be read for part Part. Generating New drag cubes.
[LOG 23:09:59.013] [KSPCF/DragCubeGeneration] Creating drag cubes for part 'sensorThermometer'
[LOG 23:09:59.021] PartLoader: Compiling Part 'Squad/Parts/Structural/FLAdapters/adapterSmallMiniShort/adapterSmallMiniShort'
[LOG 23:09:59.023] PartLoader: Part 'Squad/Parts/Structural/FLAdapters/adapterSmallMiniShort/adapterSmallMiniShort' has no database record. Creating.
[LOG 23:09:59.023] [DragCubeSystem]: Drag cubes not found or cannot be read for part Part. Generating New drag cubes.
[LOG 23:09:59.023] [KSPCF/DragCubeGeneration] Creating drag cubes for part 'adapterSmallMiniShort'
[LOG 23:09:59.030] PartLoader: Compiling Part 'Squad/Parts/Structural/FLAdapters/adapterSmallMiniTall/adapterSmallMiniTall'
[LOG 23:09:59.033] PartLoader: Part 'Squad/Parts/Structural/FLAdapters/adapterSmallMiniTall/adapterSmallMiniTall' has no database record. Creating.
[LOG 23:09:59.033] [DragCubeSystem]: Drag cubes not found or cannot be read for part Part. Generating New drag cubes.
[LOG 23:09:59.033] [KSPCF/DragCubeGeneration] Creating drag cubes for part 'adapterSmallMiniTall'
[LOG 23:09:59.041] PartLoader: Compiling Part 'Squad/Parts/Structural/mk1Parts/engineBodyRadial/radialEngineBody'
[LOG 23:09:59.043] PartLoader: Part 'Squad/Parts/Structural/mk1Parts/engineBodyRadial/radialEngineBody' has no database record. Creating.
[LOG 23:09:59.043] [DragCubeSystem]: Drag cubes not found or cannot be read for part Part. Generating New drag cubes.
[LOG 23:09:59.043] [KSPCF/DragCubeGeneration] Creating drag cubes for part 'radialEngineBody'
[LOG 23:09:59.051] PartLoader: Compiling Part 'Squad/Parts/Structural/mk1Parts/engineNacelle/nacelleBody'
[LOG 23:09:59.053] PartLoader: Part 'Squad/Parts/Structural/mk1Parts/engineNacelle/nacelleBody' has no database record. Creating.
[LOG 23:09:59.053] [DragCubeSystem]: Drag cubes not found or cannot be read for part Part. Generating New drag cubes.
[LOG 23:09:59.053] [KSPCF/DragCubeGeneration] Creating drag cubes for part 'nacelleBody'
[LOG 23:09:59.060] PartLoader: Compiling Part 'Squad/Parts/Structural/mk1Parts/mk1Fuselage/MK1Fuselage'
[LOG 23:09:59.062] PartLoader: Part 'Squad/Parts/Structural/mk1Parts/mk1Fuselage/MK1Fuselage' has no database record. Creating.
[LOG 23:09:59.062] [DragCubeSystem]: Drag cubes not found or cannot be read for part Part. Generating New drag cubes.
[LOG 23:09:59.062] [KSPCF/DragCubeGeneration] Creating drag cubes for part 'MK1Fuselage'
[LOG 23:09:59.070] PartLoader: Compiling Part 'Squad/Parts/Structural/mk1Parts/mk1FuselageIntake/MK1IntakeFuselage'
[LOG 23:09:59.072] PartLoader: Part 'Squad/Parts/Structural/mk1Parts/mk1FuselageIntake/MK1IntakeFuselage' has no database record. Creating.
[LOG 23:09:59.073] [DragCubeSystem]: Drag cubes not found or cannot be read for part Part. Generating New drag cubes.
[LOG 23:09:59.073] [KSPCF/DragCubeGeneration] Creating drag cubes for part 'MK1IntakeFuselage'
[LOG 23:09:59.082] PartLoader: Compiling Part 'Squad/Parts/Structural/mk1Parts/mk1Structural/Mk1FuselageStructural'
[LOG 23:09:59.084] PartLoader: Part 'Squad/Parts/Structural/mk1Parts/mk1Structural/Mk1FuselageStructural' has no database record. Creating.
[LOG 23:09:59.084] PartLoader: Compiling Part 'Squad/Parts/Structural/Size3To2Adapter_v2/Size2to3_v2/Size3To2Adapter_v2'
[LOG 23:09:59.085] PartLoader: Part 'Squad/Parts/Structural/Size3To2Adapter_v2/Size2to3_v2/Size3To2Adapter_v2' has no database record. Creating.
[LOG 23:09:59.086] PartLoader: Compiling Part 'Squad/Parts/Structural/stackAdapters/adapterLargeSmallBi/adapterLargeSmallBi'
[LOG 23:09:59.087] PartLoader: Part 'Squad/Parts/Structural/stackAdapters/adapterLargeSmallBi/adapterLargeSmallBi' has no database record. Creating.
[LOG 23:09:59.087] [DragCubeSystem]: Drag cubes not found or cannot be read for part Part. Generating New drag cubes.
[LOG 23:09:59.087] [KSPCF/DragCubeGeneration] Creating drag cubes for part 'adapterLargeSmallBi'
[LOG 23:09:59.094] PartLoader: Compiling Part 'Squad/Parts/Structural/stackAdapters/adapterLargeSmallQuad/adapterLargeSmallQuad'
[LOG 23:09:59.095] PartLoader: Part 'Squad/Parts/Structural/stackAdapters/adapterLargeSmallQuad/adapterLargeSmallQuad' has no database record. Creating.
[LOG 23:09:59.095] [DragCubeSystem]: Drag cubes not found or cannot be read for part Part. Generating New drag cubes.
[LOG 23:09:59.095] [KSPCF/DragCubeGeneration] Creating drag cubes for part 'adapterLargeSmallQuad'
[LOG 23:09:59.105] PartLoader: Compiling Part 'Squad/Parts/Structural/stackAdapters/adapterLargeSmallTri/adapterLargeSmallTri'
[LOG 23:09:59.107] PartLoader: Part 'Squad/Parts/Structural/stackAdapters/adapterLargeSmallTri/adapterLargeSmallTri' has no database record. Creating.
[LOG 23:09:59.107] [DragCubeSystem]: Drag cubes not found or cannot be read for part Part. Generating New drag cubes.
[LOG 23:09:59.107] [KSPCF/DragCubeGeneration] Creating drag cubes for part 'adapterLargeSmallTri'
[LOG 23:09:59.115] PartLoader: Compiling Part 'Squad/Parts/Structural/stationHub/stationHub/stationHub'
[LOG 23:09:59.117] PartLoader: Part 'Squad/Parts/Structural/stationHub/stationHub/stationHub' has no database record. Creating.
[LOG 23:09:59.117] [DragCubeSystem]: Drag cubes not found or cannot be read for part Part. Generating New drag cubes.
[LOG 23:09:59.117] [KSPCF/DragCubeGeneration] Creating drag cubes for part 'stationHub'
[LOG 23:09:59.124] PartLoader: Compiling Part 'Squad/Parts/Structural/structuralIBeam200/structuralIBeam200/structuralIBeam2'
[LOG 23:09:59.125] PartLoader: Part 'Squad/Parts/Structural/structuralIBeam200/structuralIBeam200/structuralIBeam2' has no database record. Creating.
[LOG 23:09:59.125] [DragCubeSystem]: Drag cubes not found or cannot be read for part Part. Generating New drag cubes.
[LOG 23:09:59.125] [KSPCF/DragCubeGeneration] Creating drag cubes for part 'structuralIBeam2'
[LOG 23:09:59.133] PartLoader: Compiling Part 'Squad/Parts/Structural/structuralIBeam200Pocket/structuralIBeam200Pocket/structuralIBeam3'
[LOG 23:09:59.135] PartLoader: Part 'Squad/Parts/Structural/structuralIBeam200Pocket/structuralIBeam200Pocket/structuralIBeam3' has no database record. Creating.
[LOG 23:09:59.135] [DragCubeSystem]: Drag cubes not found or cannot be read for part Part. Generating New drag cubes.
[LOG 23:09:59.135] [KSPCF/DragCubeGeneration] Creating drag cubes for part 'structuralIBeam3'
[LOG 23:09:59.144] PartLoader: Compiling Part 'Squad/Parts/Structural/structuralIBeam650/structuralIBeam650/structuralIBeam1'
[LOG 23:09:59.145] PartLoader: Part 'Squad/Parts/Structural/structuralIBeam650/structuralIBeam650/structuralIBeam1' has no database record. Creating.
[LOG 23:09:59.145] [DragCubeSystem]: Drag cubes not found or cannot be read for part Part. Generating New drag cubes.
[LOG 23:09:59.145] [KSPCF/DragCubeGeneration] Creating drag cubes for part 'structuralIBeam1'
[LOG 23:09:59.153] PartLoader: Compiling Part 'Squad/Parts/Structural/structuralMicronode/structuralMicronode/structuralMiniNode'
[LOG 23:09:59.155] PartLoader: Part 'Squad/Parts/Structural/structuralMicronode/structuralMicronode/structuralMiniNode' has no database record. Creating.
[LOG 23:09:59.155] [DragCubeSystem]: Drag cubes not found or cannot be read for part Part. Generating New drag cubes.
[LOG 23:09:59.155] [KSPCF/DragCubeGeneration] Creating drag cubes for part 'structuralMiniNode'
[LOG 23:09:59.163] PartLoader: Compiling Part 'Squad/Parts/Structural/structuralPanel1x1/structuralPanel1x1/structuralPanel1'
[LOG 23:09:59.165] PartLoader: Part 'Squad/Parts/Structural/structuralPanel1x1/structuralPanel1x1/structuralPanel1' has no database record. Creating.
[LOG 23:09:59.165] [DragCubeSystem]: Drag cubes not found or cannot be read for part Part. Generating New drag cubes.
[LOG 23:09:59.165] [KSPCF/DragCubeGeneration] Creating drag cubes for part 'structuralPanel1'
[LOG 23:09:59.172] PartLoader: Compiling Part 'Squad/Parts/Structural/structuralPanel2x2/structuralPanel2x2/structuralPanel2'
[LOG 23:09:59.173] PartLoader: Part 'Squad/Parts/Structural/structuralPanel2x2/structuralPanel2x2/structuralPanel2' has no database record. Creating.
[LOG 23:09:59.173] [DragCubeSystem]: Drag cubes not found or cannot be read for part Part. Generating New drag cubes.
[LOG 23:09:59.174] [KSPCF/DragCubeGeneration] Creating drag cubes for part 'structuralPanel2'
[LOG 23:09:59.182] PartLoader: Compiling Part 'Squad/Parts/Structural/structuralPylons/smallHardpoint/smallHardpoint'
[LOG 23:09:59.186] PartLoader: Part 'Squad/Parts/Structural/structuralPylons/smallHardpoint/smallHardpoint' has no database record. Creating.
[LOG 23:09:59.186] [DragCubeSystem]: Drag cubes not found or cannot be read for part Part. Generating New drag cubes.
[LOG 23:09:59.186] [KSPCF/DragCubeGeneration] Creating drag cubes for part 'smallHardpoint'
[LOG 23:09:59.194] PartLoader: Compiling Part 'Squad/Parts/Structural/structuralPylons/structuralPylon/structuralPylon'
[LOG 23:09:59.196] PartLoader: Part 'Squad/Parts/Structural/structuralPylons/structuralPylon/structuralPylon' has no database record. Creating.
[LOG 23:09:59.196] [DragCubeSystem]: Drag cubes not found or cannot be read for part Part. Generating New drag cubes.
[LOG 23:09:59.196] [KSPCF/DragCubeGeneration] Creating drag cubes for part 'structuralPylon'
[LOG 23:09:59.204] PartLoader: Compiling Part 'Squad/Parts/Structural/strutCubicOcto/strutCubicOcto/strutCube'
[LOG 23:09:59.205] PartLoader: Part 'Squad/Parts/Structural/strutCubicOcto/strutCubicOcto/strutCube' has no database record. Creating.
[LOG 23:09:59.205] [DragCubeSystem]: Drag cubes not found or cannot be read for part Part. Generating New drag cubes.
[LOG 23:09:59.205] [KSPCF/DragCubeGeneration] Creating drag cubes for part 'strutCube'
[LOG 23:09:59.213] PartLoader: Compiling Part 'Squad/Parts/Structural/strutOcto/strutOcto/strutOcto'
[LOG 23:09:59.216] PartLoader: Part 'Squad/Parts/Structural/strutOcto/strutOcto/strutOcto' has no database record. Creating.
[LOG 23:09:59.216] [DragCubeSystem]: Drag cubes not found or cannot be read for part Part. Generating New drag cubes.
[LOG 23:09:59.216] [KSPCF/DragCubeGeneration] Creating drag cubes for part 'strutOcto'
[LOG 23:09:59.225] PartLoader: Compiling Part 'Squad/Parts/Structural/trussGirderAdapter/trussGirderAdapter/trussAdapter'
[LOG 23:09:59.227] PartLoader: Part 'Squad/Parts/Structural/trussGirderAdapter/trussGirderAdapter/trussAdapter' has no database record. Creating.
[LOG 23:09:59.227] [DragCubeSystem]: Drag cubes not found or cannot be read for part Part. Generating New drag cubes.
[LOG 23:09:59.227] [KSPCF/DragCubeGeneration] Creating drag cubes for part 'trussAdapter'
[LOG 23:09:59.235] PartLoader: Compiling Part 'Squad/Parts/Structural/trussGirderL/trussGirderL/trussPiece1x'
[LOG 23:09:59.236] PartLoader: Part 'Squad/Parts/Structural/trussGirderL/trussGirderL/trussPiece1x' has no database record. Creating.
[LOG 23:09:59.236] [DragCubeSystem]: Drag cubes not found or cannot be read for part Part. Generating New drag cubes.
[LOG 23:09:59.236] [KSPCF/DragCubeGeneration] Creating drag cubes for part 'trussPiece1x'
[LOG 23:09:59.243] PartLoader: Compiling Part 'Squad/Parts/Structural/trussGirderXL/trussGirderXL/trussPiece3x'
[LOG 23:09:59.244] PartLoader: Part 'Squad/Parts/Structural/trussGirderXL/trussGirderXL/trussPiece3x' has no database record. Creating.
[LOG 23:09:59.246] [DragCubeSystem]: Drag cubes not found or cannot be read for part Part. Generating New drag cubes.
[LOG 23:09:59.246] [KSPCF/DragCubeGeneration] Creating drag cubes for part 'trussPiece3x'
[LOG 23:09:59.254] PartLoader: Compiling Part 'Squad/Parts/Thermal/FoldingRadiators/foldingRadLarge/foldingRadLarge'
[LOG 23:09:59.264] PartLoader: Part 'Squad/Parts/Thermal/FoldingRadiators/foldingRadLarge/foldingRadLarge' has no database record. Creating.
[LOG 23:09:59.265] PartLoader: Compiling Part 'Squad/Parts/Thermal/FoldingRadiators/foldingRadMed/foldingRadMed'
[LOG 23:09:59.269] PartLoader: Part 'Squad/Parts/Thermal/FoldingRadiators/foldingRadMed/foldingRadMed' has no database record. Creating.
[LOG 23:09:59.270] PartLoader: Compiling Part 'Squad/Parts/Thermal/FoldingRadiators/foldingRadSmall/foldingRadSmall'
[LOG 23:09:59.274] PartLoader: Part 'Squad/Parts/Thermal/FoldingRadiators/foldingRadSmall/foldingRadSmall' has no database record. Creating.
[LOG 23:09:59.275] PartLoader: Compiling Part 'Squad/Parts/Thermal/RadiatorPanels/radPanelEdge/radPanelEdge'
[LOG 23:09:59.276] PartLoader: Part 'Squad/Parts/Thermal/RadiatorPanels/radPanelEdge/radPanelEdge' has no database record. Creating.
[LOG 23:09:59.276] [DragCubeSystem]: Drag cubes not found or cannot be read for part Part. Generating New drag cubes.
[LOG 23:09:59.276] [KSPCF/DragCubeGeneration] Creating drag cubes for part 'radPanelEdge'
[LOG 23:09:59.284] PartLoader: Compiling Part 'Squad/Parts/Thermal/RadiatorPanels/radPanelLg/radPanelLg'
[LOG 23:09:59.287] PartLoader: Part 'Squad/Parts/Thermal/RadiatorPanels/radPanelLg/radPanelLg' has no database record. Creating.
[LOG 23:09:59.287] [DragCubeSystem]: Drag cubes not found or cannot be read for part Part. Generating New drag cubes.
[LOG 23:09:59.287] [KSPCF/DragCubeGeneration] Creating drag cubes for part 'radPanelLg'
[LOG 23:09:59.296] PartLoader: Compiling Part 'Squad/Parts/Thermal/RadiatorPanels/radPanelSm/radPanelSm'
[LOG 23:09:59.299] PartLoader: Part 'Squad/Parts/Thermal/RadiatorPanels/radPanelSm/radPanelSm' has no database record. Creating.
[LOG 23:09:59.299] [DragCubeSystem]: Drag cubes not found or cannot be read for part Part. Generating New drag cubes.
[LOG 23:09:59.299] [KSPCF/DragCubeGeneration] Creating drag cubes for part 'radPanelSm'
[LOG 23:09:59.306] PartLoader: Compiling Part 'Squad/Parts/Utility/commDish88-88/commDish88-88/commDish'
[LOG 23:09:59.310] PartLoader: Part 'Squad/Parts/Utility/commDish88-88/commDish88-88/commDish' has no database record. Creating.
[LOG 23:09:59.310] [DragCubeSystem]: Drag cubes not found or cannot be read for part Part. Generating New drag cubes.
[LOG 23:09:59.310] [KSPCF/DragCubeGeneration] Creating drag cubes for part 'commDish'
[LOG 23:09:59.331] PartLoader: Compiling Part 'Squad/Parts/Utility/commsAntennaDTS-M1/commsAntennaDTS-M1/mediumDishAntenna'
[LOG 23:09:59.335] PartLoader: Part 'Squad/Parts/Utility/commsAntennaDTS-M1/commsAntennaDTS-M1/mediumDishAntenna' has no database record. Creating.
[LOG 23:09:59.335] [DragCubeSystem]: Drag cubes not found or cannot be read for part Part. Generating New drag cubes.
[LOG 23:09:59.335] [KSPCF/DragCubeGeneration] Creating drag cubes for part 'mediumDishAntenna'
[LOG 23:09:59.354] PartLoader: Compiling Part 'Squad/Parts/Utility/commsDish16/commsAntenna16/longAntenna'
[LOG 23:09:59.357] PartLoader: Part 'Squad/Parts/Utility/commsDish16/commsAntenna16/longAntenna' has no database record. Creating.
[LOG 23:09:59.358] [DragCubeSystem]: Drag cubes not found or cannot be read for part Part. Generating New drag cubes.
[LOG 23:09:59.358] [KSPCF/DragCubeGeneration] Creating drag cubes for part 'longAntenna'
[LOG 23:09:59.377] PartLoader: Compiling Part 'Squad/Parts/Utility/decouplerRadialHDM/decouplerRadialHDM/radialDecoupler1-2'
[LOG 23:09:59.382] PartLoader: Part 'Squad/Parts/Utility/decouplerRadialHDM/decouplerRadialHDM/radialDecoupler1-2' has no database record. Creating.
[LOG 23:09:59.382] [DragCubeSystem]: Drag cubes not found or cannot be read for part Part. Generating New drag cubes.
[LOG 23:09:59.382] [KSPCF/DragCubeGeneration] Creating drag cubes for part 'radialDecoupler1-2'
[LOG 23:09:59.389] PartLoader: Compiling Part 'Squad/Parts/Utility/decouplerRadialTT-38K/decouplerRadialTT-38K/radialDecoupler'
[LOG 23:09:59.392] PartLoader: Part 'Squad/Parts/Utility/decouplerRadialTT-38K/decouplerRadialTT-38K/radialDecoupler' has no database record. Creating.
[LOG 23:09:59.392] [DragCubeSystem]: Drag cubes not found or cannot be read for part Part. Generating New drag cubes.
[LOG 23:09:59.393] [KSPCF/DragCubeGeneration] Creating drag cubes for part 'radialDecoupler'
[LOG 23:09:59.419] PartLoader: Compiling Part 'Squad/Parts/Utility/decouplerRadialTT-70/decouplerRadialTT-70/radialDecoupler2'
[LOG 23:09:59.424] PartLoader: Part 'Squad/Parts/Utility/decouplerRadialTT-70/decouplerRadialTT-70/radialDecoupler2' has no database record. Creating.
[LOG 23:09:59.424] [DragCubeSystem]: Drag cubes not found or cannot be read for part Part. Generating New drag cubes.
[LOG 23:09:59.424] [KSPCF/DragCubeGeneration] Creating drag cubes for part 'radialDecoupler2'
[LOG 23:09:59.432] PartLoader: Compiling Part 'Squad/Parts/Utility/DirectAntennas/C16S/SurfAntenna'
[LOG 23:09:59.436] PartLoader: Part 'Squad/Parts/Utility/DirectAntennas/C16S/SurfAntenna' has no database record. Creating.
[LOG 23:09:59.436] [DragCubeSystem]: Drag cubes not found or cannot be read for part Part. Generating New drag cubes.
[LOG 23:09:59.436] [KSPCF/DragCubeGeneration] Creating drag cubes for part 'SurfAntenna'
[LOG 23:09:59.443] PartLoader: Compiling Part 'Squad/Parts/Utility/DirectAntennas/HG-5/HighGainAntenna5'
[LOG 23:09:59.447] PartLoader: Part 'Squad/Parts/Utility/DirectAntennas/HG-5/HighGainAntenna5' has no database record. Creating.
[LOG 23:09:59.447] [DragCubeSystem]: Drag cubes not found or cannot be read for part Part. Generating New drag cubes.
[LOG 23:09:59.447] [KSPCF/DragCubeGeneration] Creating drag cubes for part 'HighGainAntenna5'
[LOG 23:09:59.467] PartLoader: Compiling Part 'Squad/Parts/Utility/DirectAntennas/HG-5_v2/HighGainAntenna5_v2'
[LOG 23:09:59.470] PartLoader: Part 'Squad/Parts/Utility/DirectAntennas/HG-5_v2/HighGainAntenna5_v2' has no database record. Creating.
[LOG 23:09:59.470] [DragCubeSystem]: Drag cubes not found or cannot be read for part Part. Generating New drag cubes.
[LOG 23:09:59.470] [KSPCF/DragCubeGeneration] Creating drag cubes for part 'HighGainAntenna5.v2'
[LOG 23:09:59.490] PartLoader: Compiling Part 'Squad/Parts/Utility/dockingPort/dockingPort/dockingPort2'
[LOG 23:09:59.500] PartLoader: Part 'Squad/Parts/Utility/dockingPort/dockingPort/dockingPort2' has no database record. Creating.
[LOG 23:09:59.500] [DragCubeSystem]: Drag cubes not found or cannot be read for part Part. Generating New drag cubes.
[LOG 23:09:59.500] [KSPCF/DragCubeGeneration] Creating drag cubes for part 'dockingPort2'
[LOG 23:09:59.509] PartLoader: Compiling Part 'Squad/Parts/Utility/dockingPortInline/dockingPortInline/dockingPortLateral'
[LOG 23:09:59.513] PartLoader: Part 'Squad/Parts/Utility/dockingPortInline/dockingPortInline/dockingPortLateral' has no database record. Creating.
[LOG 23:09:59.513] [DragCubeSystem]: Drag cubes not found or cannot be read for part Part. Generating New drag cubes.
[LOG 23:09:59.513] [KSPCF/DragCubeGeneration] Creating drag cubes for part 'dockingPortLateral'
[LOG 23:09:59.535] PartLoader: Compiling Part 'Squad/Parts/Utility/dockingPortJr/dockingPortJr/dockingPort3'
[LOG 23:09:59.538] PartLoader: Part 'Squad/Parts/Utility/dockingPortJr/dockingPortJr/dockingPort3' has no database record. Creating.
[LOG 23:09:59.538] [DragCubeSystem]: Drag cubes not found or cannot be read for part Part. Generating New drag cubes.
[LOG 23:09:59.538] [KSPCF/DragCubeGeneration] Creating drag cubes for part 'dockingPort3'
[LOG 23:09:59.547] PartLoader: Compiling Part 'Squad/Parts/Utility/dockingPortShielded/dockingPortShielded/dockingPort1'
[LOG 23:09:59.551] PartLoader: Part 'Squad/Parts/Utility/dockingPortShielded/dockingPortShielded/dockingPort1' has no database record. Creating.
[LOG 23:09:59.551] [DragCubeSystem]: Drag cubes not found or cannot be read for part Part. Generating New drag cubes.
[LOG 23:09:59.551] [KSPCF/DragCubeGeneration] Creating drag cubes for part 'dockingPort1'
[LOG 23:09:59.572] PartLoader: Compiling Part 'Squad/Parts/Utility/dockingPortSr/dockingPortSr/dockingPortLarge'
[LOG 23:09:59.576] PartLoader: Part 'Squad/Parts/Utility/dockingPortSr/dockingPortSr/dockingPortLarge' has no database record. Creating.
[LOG 23:09:59.576] [DragCubeSystem]: Drag cubes not found or cannot be read for part Part. Generating New drag cubes.
[LOG 23:09:59.576] [KSPCF/DragCubeGeneration] Creating drag cubes for part 'dockingPortLarge'
[LOG 23:09:59.583] PartLoader: Compiling Part 'Squad/Parts/Utility/Fireworks/fireworksLauncherBig/fireworksLauncherBig'
[LOG 23:09:59.592] PartLoader: Part 'Squad/Parts/Utility/Fireworks/fireworksLauncherBig/fireworksLauncherBig' has no database record. Creating.
[LOG 23:09:59.592] [DragCubeSystem]: Drag cubes not found or cannot be read for part Part. Generating New drag cubes.
[LOG 23:09:59.592] [KSPCF/DragCubeGeneration] Creating drag cubes for part 'fireworksLauncherBig'
[LOG 23:09:59.602] PartLoader: Compiling Part 'Squad/Parts/Utility/Fireworks/fireworksLauncherSmall/fireworksLauncherSmall'
[LOG 23:09:59.606] PartLoader: Part 'Squad/Parts/Utility/Fireworks/fireworksLauncherSmall/fireworksLauncherSmall' has no database record. Creating.
[LOG 23:09:59.606] [DragCubeSystem]: Drag cubes not found or cannot be read for part Part. Generating New drag cubes.
[LOG 23:09:59.606] [KSPCF/DragCubeGeneration] Creating drag cubes for part 'fireworksLauncherSmall'
[LOG 23:09:59.613] PartLoader: Compiling Part 'Squad/Parts/Utility/flags/flagFlat/flagFlat/flagPartFlat'
[LOG 23:09:59.618] PartLoader: Part 'Squad/Parts/Utility/flags/flagFlat/flagFlat/flagPartFlat' has no database record. Creating.
[LOG 23:09:59.618] [DragCubeSystem]: Drag cubes not found or cannot be read for part Part. Generating New drag cubes.
[LOG 23:09:59.618] [KSPCF/DragCubeGeneration] Creating drag cubes for part 'flagPartFlat'
[LOG 23:09:59.627] PartLoader: Compiling Part 'Squad/Parts/Utility/flags/flagSize0/flagSize0/flagPartSize0'
[LOG 23:09:59.630] PartLoader: Part 'Squad/Parts/Utility/flags/flagSize0/flagSize0/flagPartSize0' has no database record. Creating.
[LOG 23:09:59.630] [DragCubeSystem]: Drag cubes not found or cannot be read for part Part. Generating New drag cubes.
[LOG 23:09:59.630] [KSPCF/DragCubeGeneration] Creating drag cubes for part 'flagPartSize0'
[LOG 23:09:59.639] PartLoader: Compiling Part 'Squad/Parts/Utility/flags/flagSize1/flagSize1/flagPartSize1'
[LOG 23:09:59.642] PartLoader: Part 'Squad/Parts/Utility/flags/flagSize1/flagSize1/flagPartSize1' has no database record. Creating.
[LOG 23:09:59.642] [DragCubeSystem]: Drag cubes not found or cannot be read for part Part. Generating New drag cubes.
[LOG 23:09:59.642] [KSPCF/DragCubeGeneration] Creating drag cubes for part 'flagPartSize1'
[LOG 23:09:59.650] PartLoader: Compiling Part 'Squad/Parts/Utility/flags/flagSize2/flagSize2/flagPartSize2'
[LOG 23:09:59.653] PartLoader: Part 'Squad/Parts/Utility/flags/flagSize2/flagSize2/flagPartSize2' has no database record. Creating.
[LOG 23:09:59.653] [DragCubeSystem]: Drag cubes not found or cannot be read for part Part. Generating New drag cubes.
[LOG 23:09:59.653] [KSPCF/DragCubeGeneration] Creating drag cubes for part 'flagPartSize2'
[LOG 23:09:59.662] PartLoader: Compiling Part 'Squad/Parts/Utility/flags/flagSize3/flagSize3/flagPartSize3'
[LOG 23:09:59.665] PartLoader: Part 'Squad/Parts/Utility/flags/flagSize3/flagSize3/flagPartSize3' has no database record. Creating.
[LOG 23:09:59.665] [DragCubeSystem]: Drag cubes not found or cannot be read for part Part. Generating New drag cubes.
[LOG 23:09:59.665] [KSPCF/DragCubeGeneration] Creating drag cubes for part 'flagPartSize3'
[LOG 23:09:59.675] PartLoader: Compiling Part 'Squad/Parts/Utility/GrapplingDevice/part/GrapplingDevice'
[LOG 23:09:59.685] PartLoader: Part 'Squad/Parts/Utility/GrapplingDevice/part/GrapplingDevice' has no database record. Creating.
[LOG 23:09:59.685] [DragCubeSystem]: Drag cubes not found or cannot be read for part Part. Generating New drag cubes.
[LOG 23:09:59.685] [KSPCF/DragCubeGeneration] Creating drag cubes for part 'GrapplingDevice'
[LOG 23:09:59.709] PartLoader: Compiling Part 'Squad/Parts/Utility/ladderRadial/ladderRadial/ladder1'
[LOG 23:09:59.712] PartLoader: Part 'Squad/Parts/Utility/ladderRadial/ladderRadial/ladder1' has no database record. Creating.
[LOG 23:09:59.712] [DragCubeSystem]: Drag cubes not found or cannot be read for part Part. Generating New drag cubes.
[LOG 23:09:59.712] [KSPCF/DragCubeGeneration] Creating drag cubes for part 'ladder1'
[LOG 23:09:59.719] PartLoader: Compiling Part 'Squad/Parts/Utility/ladderTelescopic/ladderTelescopic/telescopicLadder'
[LOG 23:09:59.724] PartLoader: Part 'Squad/Parts/Utility/ladderTelescopic/ladderTelescopic/telescopicLadder' has no database record. Creating.
[LOG 23:09:59.724] [DragCubeSystem]: Drag cubes not found or cannot be read for part Part. Generating New drag cubes.
[LOG 23:09:59.724] [KSPCF/DragCubeGeneration] Creating drag cubes for part 'telescopicLadder'
[LOG 23:09:59.744] PartLoader: Compiling Part 'Squad/Parts/Utility/ladderTelescopicBay/ladderTelescopicBay/telescopicLadderBay'
[LOG 23:09:59.756] PartLoader: Part 'Squad/Parts/Utility/ladderTelescopicBay/ladderTelescopicBay/telescopicLadderBay' has no database record. Creating.
[LOG 23:09:59.756] [DragCubeSystem]: Drag cubes not found or cannot be read for part Part. Generating New drag cubes.
[LOG 23:09:59.756] [KSPCF/DragCubeGeneration] Creating drag cubes for part 'telescopicLadderBay'
[LOG 23:09:59.781] PartLoader: Compiling Part 'Squad/Parts/Utility/landingLegLT-1/landingLegLT-1/landingLeg1'
[LOG 23:09:59.828] PartLoader: Part 'Squad/Parts/Utility/landingLegLT-1/landingLegLT-1/landingLeg1' has no database record. Creating.
[LOG 23:09:59.828] [DragCubeSystem]: Drag cubes not found or cannot be read for part Part. Generating New drag cubes.
[LOG 23:09:59.828] [KSPCF/DragCubeGeneration] Creating drag cubes for part 'landingLeg1'
[LOG 23:09:59.850] PartLoader: Compiling Part 'Squad/Parts/Utility/landingLegLT-2/landingLegLT-2/landingLeg1-2'
[LOG 23:09:59.854] PartLoader: Part 'Squad/Parts/Utility/landingLegLT-2/landingLegLT-2/landingLeg1-2' has no database record. Creating.
[LOG 23:09:59.854] [DragCubeSystem]: Drag cubes not found or cannot be read for part Part. Generating New drag cubes.
[LOG 23:09:59.854] [KSPCF/DragCubeGeneration] Creating drag cubes for part 'landingLeg1-2'
[LOG 23:09:59.874] PartLoader: Compiling Part 'Squad/Parts/Utility/landingLegLT-5/landingLegLT-5/miniLandingLeg'
[LOG 23:09:59.877] PartLoader: Part 'Squad/Parts/Utility/landingLegLT-5/landingLegLT-5/miniLandingLeg' has no database record. Creating.
[LOG 23:09:59.877] [DragCubeSystem]: Drag cubes not found or cannot be read for part Part. Generating New drag cubes.
[LOG 23:09:59.878] [KSPCF/DragCubeGeneration] Creating drag cubes for part 'miniLandingLeg'
[LOG 23:09:59.898] PartLoader: Compiling Part 'Squad/Parts/Utility/launchClamp1/launchClamp1/launchClamp1'
[LOG 23:09:59.903] PartLoader: Part 'Squad/Parts/Utility/launchClamp1/launchClamp1/launchClamp1' has no database record. Creating.
[LOG 23:09:59.903] [DragCubeSystem]: Drag cubes not found or cannot be read for part Part. Generating New drag cubes.
[LOG 23:09:59.903] [KSPCF/DragCubeGeneration] Creating drag cubes for part 'launchClamp1'
[LOG 23:09:59.911] PartLoader: Compiling Part 'Squad/Parts/Utility/launchEscapeSystem/part/LaunchEscapeSystem'
[LOG 23:09:59.915] PartLoader: Part 'Squad/Parts/Utility/launchEscapeSystem/part/LaunchEscapeSystem' has no database record. Creating.
[LOG 23:09:59.915] [DragCubeSystem]: Drag cubes not found or cannot be read for part Part. Generating New drag cubes.
[LOG 23:09:59.915] [KSPCF/DragCubeGeneration] Creating drag cubes for part 'LaunchEscapeSystem'
[LOG 23:09:59.923] PartLoader: Compiling Part 'Squad/Parts/Utility/Lights/domeLight1/domeLight1'
[LOG 23:09:59.925] PartLoader: Part 'Squad/Parts/Utility/Lights/domeLight1/domeLight1' has no database record. Creating.
[LOG 23:09:59.927] [DragCubeSystem]: Drag cubes not found or cannot be read for part Part. Generating New drag cubes.
[LOG 23:09:59.927] [KSPCF/DragCubeGeneration] Creating drag cubes for part 'domeLight1'
[LOG 23:09:59.934] PartLoader: Compiling Part 'Squad/Parts/Utility/Lights/groundLight1/groundLight1'
[LOG 23:09:59.937] PartLoader: Part 'Squad/Parts/Utility/Lights/groundLight1/groundLight1' has no database record. Creating.
[LOG 23:09:59.937] [DragCubeSystem]: Drag cubes not found or cannot be read for part Part. Generating New drag cubes.
[LOG 23:09:59.937] [KSPCF/DragCubeGeneration] Creating drag cubes for part 'groundLight1'
[LOG 23:09:59.945] PartLoader: Compiling Part 'Squad/Parts/Utility/Lights/groundLight2/groundLight2'
[LOG 23:09:59.948] PartLoader: Part 'Squad/Parts/Utility/Lights/groundLight2/groundLight2' has no database record. Creating.
[LOG 23:09:59.948] [DragCubeSystem]: Drag cubes not found or cannot be read for part Part. Generating New drag cubes.
[LOG 23:09:59.949] [KSPCF/DragCubeGeneration] Creating drag cubes for part 'groundLight2'
[LOG 23:09:59.957] PartLoader: Compiling Part 'Squad/Parts/Utility/Lights/navLight1/navLight1'
[LOG 23:09:59.960] PartLoader: Part 'Squad/Parts/Utility/Lights/navLight1/navLight1' has no database record. Creating.
[LOG 23:09:59.960] [DragCubeSystem]: Drag cubes not found or cannot be read for part Part. Generating New drag cubes.
[LOG 23:09:59.960] [KSPCF/DragCubeGeneration] Creating drag cubes for part 'navLight1'
[LOG 23:09:59.969] PartLoader: Compiling Part 'Squad/Parts/Utility/Lights/spotLight1/spotLight3'
[LOG 23:09:59.972] PartLoader: Part 'Squad/Parts/Utility/Lights/spotLight1/spotLight3' has no database record. Creating.
[LOG 23:09:59.972] [DragCubeSystem]: Drag cubes not found or cannot be read for part Part. Generating New drag cubes.
[LOG 23:09:59.972] [KSPCF/DragCubeGeneration] Creating drag cubes for part 'spotLight3'
[LOG 23:09:59.981] PartLoader: Compiling Part 'Squad/Parts/Utility/Lights/stripLight1/stripLight1'
[LOG 23:09:59.984] PartLoader: Part 'Squad/Parts/Utility/Lights/stripLight1/stripLight1' has no database record. Creating.
[LOG 23:09:59.984] [DragCubeSystem]: Drag cubes not found or cannot be read for part Part. Generating New drag cubes.
[LOG 23:09:59.984] [KSPCF/DragCubeGeneration] Creating drag cubes for part 'stripLight1'
[LOG 23:09:59.993] PartLoader: Compiling Part 'Squad/Parts/Utility/linearVernorRCS/linearRCS/linearRcs'
[LOG 23:10:00.000] PartLoader: Part 'Squad/Parts/Utility/linearVernorRCS/linearRCS/linearRcs' has no database record. Creating.
[LOG 23:10:00.000] [DragCubeSystem]: Drag cubes not found or cannot be read for part Part. Generating New drag cubes.
[LOG 23:10:00.000] [KSPCF/DragCubeGeneration] Creating drag cubes for part 'linearRcs'
[LOG 23:10:00.008] PartLoader: Compiling Part 'Squad/Parts/Utility/linearVernorRCS/vernorEngine/vernierEngine'
[LOG 23:10:00.011] PartLoader: Part 'Squad/Parts/Utility/linearVernorRCS/vernorEngine/vernierEngine' has no database record. Creating.
[LOG 23:10:00.011] [DragCubeSystem]: Drag cubes not found or cannot be read for part Part. Generating New drag cubes.
[LOG 23:10:00.012] [KSPCF/DragCubeGeneration] Creating drag cubes for part 'vernierEngine'
[LOG 23:10:00.019] PartLoader: Compiling Part 'Squad/Parts/Utility/mk2CargoBay/BayL/mk2CargoBayL'
[LOG 23:10:00.022] PartLoader: Part 'Squad/Parts/Utility/mk2CargoBay/BayL/mk2CargoBayL' has no database record. Creating.
[LOG 23:10:00.023] PartLoader: Compiling Part 'Squad/Parts/Utility/mk2CargoBay/BayS/mk2CargoBayS'
[LOG 23:10:00.027] PartLoader: Part 'Squad/Parts/Utility/mk2CargoBay/BayS/mk2CargoBayS' has no database record. Creating.
[LOG 23:10:00.027] PartLoader: Compiling Part 'Squad/Parts/Utility/mk2CrewCabin/mk2CrewCabin/mk2CrewCabin'
[WRN 23:10:00.029] [Part]: Cannot have ModuleCargoPart and ModuleInventoryPart on same Part [mk2CrewCabin'. Removed ModuleCargoPart
[LOG 23:10:00.030] PartLoader: Part 'Squad/Parts/Utility/mk2CrewCabin/mk2CrewCabin/mk2CrewCabin' has no database record. Creating.
[LOG 23:10:00.032] [DragCubeSystem]: Drag cubes not found or cannot be read for part Part. Generating New drag cubes.
[LOG 23:10:00.032] [KSPCF/DragCubeGeneration] Creating drag cubes for part 'mk2CrewCabin'
[LOG 23:10:00.042] PartLoader: Compiling Part 'Squad/Parts/Utility/mk2DockingPort/mk2DockingPort/mk2DockingPort'
[LOG 23:10:00.046] PartLoader: Part 'Squad/Parts/Utility/mk2DockingPort/mk2DockingPort/mk2DockingPort' has no database record. Creating.
[LOG 23:10:00.046] PartLoader: Compiling Part 'Squad/Parts/Utility/mk3CargoBay/long/mk3CargoBayL'
[LOG 23:10:00.048] PartLoader: Part 'Squad/Parts/Utility/mk3CargoBay/long/mk3CargoBayL' has no database record. Creating.
[LOG 23:10:00.048] PartLoader: Compiling Part 'Squad/Parts/Utility/mk3CargoBay/medium/mk3CargoBayM'
[LOG 23:10:00.051] PartLoader: Part 'Squad/Parts/Utility/mk3CargoBay/medium/mk3CargoBayM' has no database record. Creating.
[LOG 23:10:00.051] PartLoader: Compiling Part 'Squad/Parts/Utility/mk3CargoBay/ramp/mk3CargoRamp'
[LOG 23:10:00.052] PartLoader: Part 'Squad/Parts/Utility/mk3CargoBay/ramp/mk3CargoRamp' has no database record. Creating.
[LOG 23:10:00.053] PartLoader: Compiling Part 'Squad/Parts/Utility/mk3CargoBay/short/mk3CargoBayS'
[LOG 23:10:00.055] PartLoader: Part 'Squad/Parts/Utility/mk3CargoBay/short/mk3CargoBayS' has no database record. Creating.
[LOG 23:10:00.055] PartLoader: Compiling Part 'Squad/Parts/Utility/parachuteMk1/parachuteMk1/parachuteSingle'
[LOG 23:10:00.062] PartLoader: Part 'Squad/Parts/Utility/parachuteMk1/parachuteMk1/parachuteSingle' has no database record. Creating.
[LOG 23:10:00.062] [DragCubeSystem]: Drag cubes not found or cannot be read for part Part. Generating New drag cubes.
[LOG 23:10:00.063] [KSPCF/DragCubeGeneration] Creating drag cubes for part 'parachuteSingle'
[LOG 23:10:00.092] PartLoader: Compiling Part 'Squad/Parts/Utility/parachuteMk12-R/parachuteMk12-R/radialDrogue'
[LOG 23:10:00.095] PartLoader: Part 'Squad/Parts/Utility/parachuteMk12-R/parachuteMk12-R/radialDrogue' has no database record. Creating.
[LOG 23:10:00.095] [DragCubeSystem]: Drag cubes not found or cannot be read for part Part. Generating New drag cubes.
[LOG 23:10:00.095] [KSPCF/DragCubeGeneration] Creating drag cubes for part 'radialDrogue'
[LOG 23:10:00.123] PartLoader: Compiling Part 'Squad/Parts/Utility/parachuteMk16-XL/parachuteMk16-XL/parachuteLarge'
[LOG 23:10:00.125] PartLoader: Part 'Squad/Parts/Utility/parachuteMk16-XL/parachuteMk16-XL/parachuteLarge' has no database record. Creating.
[LOG 23:10:00.125] [DragCubeSystem]: Drag cubes not found or cannot be read for part Part. Generating New drag cubes.
[LOG 23:10:00.125] [KSPCF/DragCubeGeneration] Creating drag cubes for part 'parachuteLarge'
[LOG 23:10:00.156] PartLoader: Compiling Part 'Squad/Parts/Utility/parachuteMk2-R/parachuteMk2-R/parachuteRadial'
[LOG 23:10:00.158] PartLoader: Part 'Squad/Parts/Utility/parachuteMk2-R/parachuteMk2-R/parachuteRadial' has no database record. Creating.
[LOG 23:10:00.158] [DragCubeSystem]: Drag cubes not found or cannot be read for part Part. Generating New drag cubes.
[LOG 23:10:00.158] [KSPCF/DragCubeGeneration] Creating drag cubes for part 'parachuteRadial'
[LOG 23:10:00.187] PartLoader: Compiling Part 'Squad/Parts/Utility/parachuteMk25/parachuteMk25/parachuteDrogue'
[LOG 23:10:00.190] PartLoader: Part 'Squad/Parts/Utility/parachuteMk25/parachuteMk25/parachuteDrogue' has no database record. Creating.
[LOG 23:10:00.190] [DragCubeSystem]: Drag cubes not found or cannot be read for part Part. Generating New drag cubes.
[LOG 23:10:00.190] [KSPCF/DragCubeGeneration] Creating drag cubes for part 'parachuteDrogue'
[LOG 23:10:00.220] PartLoader: Compiling Part 'Squad/Parts/Utility/radialAttachmentPoint/radialAttachmentPoint/stackPoint1'
[LOG 23:10:00.221] PartLoader: Part 'Squad/Parts/Utility/radialAttachmentPoint/radialAttachmentPoint/stackPoint1' has no database record. Creating.
[LOG 23:10:00.222] [DragCubeSystem]: Drag cubes not found or cannot be read for part Part. Generating New drag cubes.
[LOG 23:10:00.222] [KSPCF/DragCubeGeneration] Creating drag cubes for part 'stackPoint1'
[LOG 23:10:00.229] PartLoader: Compiling Part 'Squad/Parts/Utility/rcsBlockRV-105_v2/rcsBlockRV-105/RCSBlock_v2'
[LOG 23:10:00.233] PartLoader: Part 'Squad/Parts/Utility/rcsBlockRV-105_v2/rcsBlockRV-105/RCSBlock_v2' has no database record. Creating.
[LOG 23:10:00.233] [DragCubeSystem]: Drag cubes not found or cannot be read for part Part. Generating New drag cubes.
[LOG 23:10:00.233] [KSPCF/DragCubeGeneration] Creating drag cubes for part 'RCSBlock.v2'
[LOG 23:10:00.281] PartLoader: Compiling Part 'Squad/Parts/Utility/rcsBlockRV-105_v2/RCSblock_01_small/RCSblock_01_small'
[LOG 23:10:00.285] PartLoader: Part 'Squad/Parts/Utility/rcsBlockRV-105_v2/RCSblock_01_small/RCSblock_01_small' has no database record. Creating.
[LOG 23:10:00.285] [DragCubeSystem]: Drag cubes not found or cannot be read for part Part. Generating New drag cubes.
[LOG 23:10:00.285] [KSPCF/DragCubeGeneration] Creating drag cubes for part 'RCSblock.01.small'
[LOG 23:10:00.332] PartLoader: Compiling Part 'Squad/Parts/Utility/rcsSmallLinear/RCSLinearSmall/RCSLinearSmall'
[LOG 23:10:00.336] PartLoader: Part 'Squad/Parts/Utility/rcsSmallLinear/RCSLinearSmall/RCSLinearSmall' has no database record. Creating.
[LOG 23:10:00.336] [DragCubeSystem]: Drag cubes not found or cannot be read for part Part. Generating New drag cubes.
[LOG 23:10:00.336] [KSPCF/DragCubeGeneration] Creating drag cubes for part 'RCSLinearSmall'
[LOG 23:10:00.357] PartLoader: Compiling Part 'Squad/Parts/Utility/RelayAntennas/RA-100/RelayAntenna100'
[LOG 23:10:00.360] PartLoader: Part 'Squad/Parts/Utility/RelayAntennas/RA-100/RelayAntenna100' has no database record. Creating.
[LOG 23:10:00.360] [DragCubeSystem]: Drag cubes not found or cannot be read for part Part. Generating New drag cubes.
[LOG 23:10:00.360] [KSPCF/DragCubeGeneration] Creating drag cubes for part 'RelayAntenna100'
[LOG 23:10:00.368] PartLoader: Compiling Part 'Squad/Parts/Utility/RelayAntennas/RA-5/RelayAntenna5'
[LOG 23:10:00.371] PartLoader: Part 'Squad/Parts/Utility/RelayAntennas/RA-5/RelayAntenna5' has no database record. Creating.
[LOG 23:10:00.371] [DragCubeSystem]: Drag cubes not found or cannot be read for part Part. Generating New drag cubes.
[LOG 23:10:00.371] [KSPCF/DragCubeGeneration] Creating drag cubes for part 'RelayAntenna5'
[LOG 23:10:00.379] PartLoader: Compiling Part 'Squad/Parts/Utility/RelayAntennas/RA-50/RelayAntenna50'
[LOG 23:10:00.382] PartLoader: Part 'Squad/Parts/Utility/RelayAntennas/RA-50/RelayAntenna50' has no database record. Creating.
[LOG 23:10:00.382] [DragCubeSystem]: Drag cubes not found or cannot be read for part Part. Generating New drag cubes.
[LOG 23:10:00.382] [KSPCF/DragCubeGeneration] Creating drag cubes for part 'RelayAntenna50'
[LOG 23:10:00.390] PartLoader: Compiling Part 'Squad/Parts/Utility/rockomaxAdapters/largeAdapter/largeAdapter'
[LOG 23:10:00.393] PartLoader: Part 'Squad/Parts/Utility/rockomaxAdapters/largeAdapter/largeAdapter' has no database record. Creating.
[LOG 23:10:00.394] [DragCubeSystem]: Drag cubes not found or cannot be read for part Part. Generating New drag cubes.
[LOG 23:10:00.394] [KSPCF/DragCubeGeneration] Creating drag cubes for part 'largeAdapter'
[LOG 23:10:00.414] PartLoader: Compiling Part 'Squad/Parts/Utility/rockomaxAdapters/largeAdapterShort/largeAdapter2'
[LOG 23:10:00.417] PartLoader: Part 'Squad/Parts/Utility/rockomaxAdapters/largeAdapterShort/largeAdapter2' has no database record. Creating.
[LOG 23:10:00.417] [DragCubeSystem]: Drag cubes not found or cannot be read for part Part. Generating New drag cubes.
[LOG 23:10:00.417] [KSPCF/DragCubeGeneration] Creating drag cubes for part 'largeAdapter2'
[LOG 23:10:00.436] PartLoader: Compiling Part 'Squad/Parts/Utility/ServiceBay_v2/ServiceBay_125_v2/ServiceBay_125_v2'
[LOG 23:10:00.439] PartLoader: Part 'Squad/Parts/Utility/ServiceBay_v2/ServiceBay_125_v2/ServiceBay_125_v2' has no database record. Creating.
[LOG 23:10:00.439] [DragCubeSystem]: Drag cubes not found or cannot be read for part Part. Generating New drag cubes.
[LOG 23:10:00.439] [KSPCF/DragCubeGeneration] Creating drag cubes for part 'ServiceBay.125.v2'
[LOG 23:10:00.458] PartLoader: Compiling Part 'Squad/Parts/Utility/ServiceBay_v2/ServiceBay_250_v2/ServiceBay_250_v2'
[LOG 23:10:00.463] PartLoader: Part 'Squad/Parts/Utility/ServiceBay_v2/ServiceBay_250_v2/ServiceBay_250_v2' has no database record. Creating.
[LOG 23:10:00.463] [DragCubeSystem]: Drag cubes not found or cannot be read for part Part. Generating New drag cubes.
[LOG 23:10:00.463] [KSPCF/DragCubeGeneration] Creating drag cubes for part 'ServiceBay.250.v2'
[LOG 23:10:00.483] PartLoader: Compiling Part 'Squad/Parts/Utility/smallClaw/smallClaw/smallClaw'
[LOG 23:10:00.488] PartLoader: Part 'Squad/Parts/Utility/smallClaw/smallClaw/smallClaw' has no database record. Creating.
[LOG 23:10:00.488] [DragCubeSystem]: Drag cubes not found or cannot be read for part Part. Generating New drag cubes.
[LOG 23:10:00.488] [KSPCF/DragCubeGeneration] Creating drag cubes for part 'smallClaw'
[LOG 23:10:00.512] PartLoader: Compiling Part 'Squad/Parts/Utility/spotLightMk1/spotLightMk1/spotLight1'
[LOG 23:10:00.515] PartLoader: Part 'Squad/Parts/Utility/spotLightMk1/spotLightMk1/spotLight1' has no database record. Creating.
[LOG 23:10:00.515] [DragCubeSystem]: Drag cubes not found or cannot be read for part Part. Generating New drag cubes.
[LOG 23:10:00.515] [KSPCF/DragCubeGeneration] Creating drag cubes for part 'spotLight1'
[LOG 23:10:00.523] PartLoader: Compiling Part 'Squad/Parts/Utility/spotLightMk1_v2/spotLightMk1_v2/spotLight1_v2'
[LOG 23:10:00.526] PartLoader: Part 'Squad/Parts/Utility/spotLightMk1_v2/spotLightMk1_v2/spotLight1_v2' has no database record. Creating.
[LOG 23:10:00.526] [DragCubeSystem]: Drag cubes not found or cannot be read for part Part. Generating New drag cubes.
[LOG 23:10:00.526] [KSPCF/DragCubeGeneration] Creating drag cubes for part 'spotLight1.v2'
[LOG 23:10:00.533] PartLoader: Compiling Part 'Squad/Parts/Utility/spotLightMk2/spotLightMk2/spotLight2'
[LOG 23:10:00.538] PartLoader: Part 'Squad/Parts/Utility/spotLightMk2/spotLightMk2/spotLight2' has no database record. Creating.
[LOG 23:10:00.538] [DragCubeSystem]: Drag cubes not found or cannot be read for part Part. Generating New drag cubes.
[LOG 23:10:00.538] [KSPCF/DragCubeGeneration] Creating drag cubes for part 'spotLight2'
[LOG 23:10:00.547] PartLoader: Compiling Part 'Squad/Parts/Utility/spotLightMk2_v2/spotLightMk2_v2/spotLight2_v2'
[LOG 23:10:00.550] PartLoader: Part 'Squad/Parts/Utility/spotLightMk2_v2/spotLightMk2_v2/spotLight2_v2' has no database record. Creating.
[LOG 23:10:00.550] [DragCubeSystem]: Drag cubes not found or cannot be read for part Part. Generating New drag cubes.
[LOG 23:10:00.550] [KSPCF/DragCubeGeneration] Creating drag cubes for part 'spotLight2.v2'
[LOG 23:10:00.558] PartLoader: Compiling Part 'Squad/Parts/Utility/stackCouplers/stackBiCoupler_v2/stackBiCoupler_v2'
[LOG 23:10:00.560] PartLoader: Part 'Squad/Parts/Utility/stackCouplers/stackBiCoupler_v2/stackBiCoupler_v2' has no database record. Creating.
[LOG 23:10:00.560] [DragCubeSystem]: Drag cubes not found or cannot be read for part Part. Generating New drag cubes.
[LOG 23:10:00.560] [KSPCF/DragCubeGeneration] Creating drag cubes for part 'stackBiCoupler.v2'
[LOG 23:10:00.567] PartLoader: Compiling Part 'Squad/Parts/Utility/stackCouplers/stackQuadCoupler/stackQuadCoupler'
[LOG 23:10:00.570] PartLoader: Part 'Squad/Parts/Utility/stackCouplers/stackQuadCoupler/stackQuadCoupler' has no database record. Creating.
[LOG 23:10:00.570] [DragCubeSystem]: Drag cubes not found or cannot be read for part Part. Generating New drag cubes.
[LOG 23:10:00.570] [KSPCF/DragCubeGeneration] Creating drag cubes for part 'stackQuadCoupler'
[LOG 23:10:00.580] PartLoader: Compiling Part 'Squad/Parts/Utility/stackCouplers/stackTriCoupler_v2/stackTriCoupler_v2'
[LOG 23:10:00.582] PartLoader: Part 'Squad/Parts/Utility/stackCouplers/stackTriCoupler_v2/stackTriCoupler_v2' has no database record. Creating.
[LOG 23:10:00.582] [DragCubeSystem]: Drag cubes not found or cannot be read for part Part. Generating New drag cubes.
[LOG 23:10:00.582] [KSPCF/DragCubeGeneration] Creating drag cubes for part 'stackTriCoupler.v2'
[LOG 23:10:00.589] PartLoader: Compiling Part 'Squad/Parts/Wheel/LandingGear/GearExtraLarge/GearLarge'
[LOG 23:10:00.599] PartLoader: Part 'Squad/Parts/Wheel/LandingGear/GearExtraLarge/GearLarge' has no database record. Creating.
[LOG 23:10:00.599] [DragCubeSystem]: Drag cubes not found or cannot be read for part Part. Generating New drag cubes.
[LOG 23:10:00.599] [KSPCF/DragCubeGeneration] Creating drag cubes for part 'GearLarge'
[LOG 23:10:00.620] PartLoader: Compiling Part 'Squad/Parts/Wheel/LandingGear/GearFixed/GearFixed'
[LOG 23:10:00.623] PartLoader: Part 'Squad/Parts/Wheel/LandingGear/GearFixed/GearFixed' has no database record. Creating.
[LOG 23:10:00.623] [DragCubeSystem]: Drag cubes not found or cannot be read for part Part. Generating New drag cubes.
[LOG 23:10:00.623] [KSPCF/DragCubeGeneration] Creating drag cubes for part 'GearFixed'
[LOG 23:10:00.629] PartLoader: Compiling Part 'Squad/Parts/Wheel/LandingGear/GearFree/GearFree'
[LOG 23:10:00.638] PartLoader: Part 'Squad/Parts/Wheel/LandingGear/GearFree/GearFree' has no database record. Creating.
[LOG 23:10:00.638] [DragCubeSystem]: Drag cubes not found or cannot be read for part Part. Generating New drag cubes.
[LOG 23:10:00.638] [KSPCF/DragCubeGeneration] Creating drag cubes for part 'GearFree'
[LOG 23:10:00.648] PartLoader: Compiling Part 'Squad/Parts/Wheel/LandingGear/GearLarge/GearMedium'
[LOG 23:10:00.656] PartLoader: Part 'Squad/Parts/Wheel/LandingGear/GearLarge/GearMedium' has no database record. Creating.
[LOG 23:10:00.656] [DragCubeSystem]: Drag cubes not found or cannot be read for part Part. Generating New drag cubes.
[LOG 23:10:00.656] [KSPCF/DragCubeGeneration] Creating drag cubes for part 'GearMedium'
[LOG 23:10:00.683] PartLoader: Compiling Part 'Squad/Parts/Wheel/LandingGear/GearMedium/GearSmall'
[LOG 23:10:00.693] PartLoader: Part 'Squad/Parts/Wheel/LandingGear/GearMedium/GearSmall' has no database record. Creating.
[LOG 23:10:00.693] [DragCubeSystem]: Drag cubes not found or cannot be read for part Part. Generating New drag cubes.
[LOG 23:10:00.693] [KSPCF/DragCubeGeneration] Creating drag cubes for part 'GearSmall'
[LOG 23:10:00.722] PartLoader: Compiling Part 'Squad/Parts/Wheel/LandingGear/GearSmall/SmallGearBay'
[LOG 23:10:00.728] PartLoader: Part 'Squad/Parts/Wheel/LandingGear/GearSmall/SmallGearBay' has no database record. Creating.
[LOG 23:10:00.728] [DragCubeSystem]: Drag cubes not found or cannot be read for part Part. Generating New drag cubes.
[LOG 23:10:00.728] [KSPCF/DragCubeGeneration] Creating drag cubes for part 'SmallGearBay'
[LOG 23:10:00.751] PartLoader: Compiling Part 'Squad/Parts/Wheel/roverWheelM1/roverWheelM1/roverWheel1'
[LOG 23:10:00.759] PartLoader: Part 'Squad/Parts/Wheel/roverWheelM1/roverWheelM1/roverWheel1' has no database record. Creating.
[LOG 23:10:00.759] [DragCubeSystem]: Drag cubes not found or cannot be read for part Part. Generating New drag cubes.
[LOG 23:10:00.759] [KSPCF/DragCubeGeneration] Creating drag cubes for part 'roverWheel1'
[LOG 23:10:00.767] PartLoader: Compiling Part 'Squad/Parts/Wheel/roverWheelS2/roverWheelS2/roverWheel2'
[LOG 23:10:00.772] PartLoader: Part 'Squad/Parts/Wheel/roverWheelS2/roverWheelS2/roverWheel2' has no database record. Creating.
[LOG 23:10:00.772] [DragCubeSystem]: Drag cubes not found or cannot be read for part Part. Generating New drag cubes.
[LOG 23:10:00.772] [KSPCF/DragCubeGeneration] Creating drag cubes for part 'roverWheel2'
[LOG 23:10:00.781] PartLoader: Compiling Part 'Squad/Parts/Wheel/roverWheelTR-2L/roverWheelTR-2L/wheelMed'
[LOG 23:10:00.784] PartLoader: Part 'Squad/Parts/Wheel/roverWheelTR-2L/roverWheelTR-2L/wheelMed' has no database record. Creating.
[LOG 23:10:00.784] [DragCubeSystem]: Drag cubes not found or cannot be read for part Part. Generating New drag cubes.
[LOG 23:10:00.784] [KSPCF/DragCubeGeneration] Creating drag cubes for part 'wheelMed'
[LOG 23:10:00.794] PartLoader: Compiling Part 'Squad/Parts/Wheel/roverWheelXL3/roverWheelXL3/roverWheel3'
[LOG 23:10:00.800] PartLoader: Part 'Squad/Parts/Wheel/roverWheelXL3/roverWheelXL3/roverWheel3' has no database record. Creating.
[LOG 23:10:00.800] [DragCubeSystem]: Drag cubes not found or cannot be read for part Part. Generating New drag cubes.
[LOG 23:10:00.800] [KSPCF/DragCubeGeneration] Creating drag cubes for part 'roverWheel3'
[LOG 23:10:00.809] PartLoader: Compiling Part 'SquadExpansion/MakingHistory/Parts/Aero/protectiveRocketNoseMk16/rocketNoseCone_size4/rocketNoseConeSize4'
[LOG 23:10:00.811] PartLoader: Part 'SquadExpansion/MakingHistory/Parts/Aero/protectiveRocketNoseMk16/rocketNoseCone_size4/rocketNoseConeSize4' has no database record. Creating.
[LOG 23:10:00.811] [DragCubeSystem]: Drag cubes not found or cannot be read for part Part. Generating New drag cubes.
[LOG 23:10:00.811] [KSPCF/DragCubeGeneration] Creating drag cubes for part 'rocketNoseConeSize4'
[LOG 23:10:00.820] PartLoader: Compiling Part 'SquadExpansion/MakingHistory/Parts/Aero/protectiveRocketNoseMk5A/Size_1_5_Cone/Size_1_5_Cone'
[LOG 23:10:00.823] PartLoader: Part 'SquadExpansion/MakingHistory/Parts/Aero/protectiveRocketNoseMk5A/Size_1_5_Cone/Size_1_5_Cone' has no database record. Creating.
[LOG 23:10:00.823] [DragCubeSystem]: Drag cubes not found or cannot be read for part Part. Generating New drag cubes.
[LOG 23:10:00.823] [KSPCF/DragCubeGeneration] Creating drag cubes for part 'Size.1.5.Cone'
[LOG 23:10:00.831] PartLoader: Compiling Part 'SquadExpansion/MakingHistory/Parts/Coupling/Decoupler_1p5/Decoupler_1p5'
[LOG 23:10:00.835] PartLoader: Part 'SquadExpansion/MakingHistory/Parts/Coupling/Decoupler_1p5/Decoupler_1p5' has no database record. Creating.
[LOG 23:10:00.835] PartLoader: Compiling Part 'SquadExpansion/MakingHistory/Parts/Coupling/Decoupler_4/Decoupler_4'
[LOG 23:10:00.838] PartLoader: Part 'SquadExpansion/MakingHistory/Parts/Coupling/Decoupler_4/Decoupler_4' has no database record. Creating.
[LOG 23:10:00.839] PartLoader: Compiling Part 'SquadExpansion/MakingHistory/Parts/Coupling/EnginePlate_1p5/EnginePlate1p5'
[LOG 23:10:00.845] PartLoader: Part 'SquadExpansion/MakingHistory/Parts/Coupling/EnginePlate_1p5/EnginePlate1p5' has no database record. Creating.
[LOG 23:10:00.845] [DragCubeSystem]: Drag cubes not found or cannot be read for part Part. Generating New drag cubes.
[LOG 23:10:00.845] [KSPCF/DragCubeGeneration] Part 'EnginePlate1p5' has defined a procedural drag cube setup
[LOG 23:10:00.845] PartLoader: Compiling Part 'SquadExpansion/MakingHistory/Parts/Coupling/EnginePlate_2/EnginePlate2'
[LOG 23:10:00.849] PartLoader: Part 'SquadExpansion/MakingHistory/Parts/Coupling/EnginePlate_2/EnginePlate2' has no database record. Creating.
[LOG 23:10:00.850] [DragCubeSystem]: Drag cubes not found or cannot be read for part Part. Generating New drag cubes.
[LOG 23:10:00.850] [KSPCF/DragCubeGeneration] Part 'EnginePlate2' has defined a procedural drag cube setup
[LOG 23:10:00.850] PartLoader: Compiling Part 'SquadExpansion/MakingHistory/Parts/Coupling/EnginePlate_3/EnginePlate3'
[LOG 23:10:00.854] PartLoader: Part 'SquadExpansion/MakingHistory/Parts/Coupling/EnginePlate_3/EnginePlate3' has no database record. Creating.
[LOG 23:10:00.854] [DragCubeSystem]: Drag cubes not found or cannot be read for part Part. Generating New drag cubes.
[LOG 23:10:00.854] [KSPCF/DragCubeGeneration] Part 'EnginePlate3' has defined a procedural drag cube setup
[LOG 23:10:00.854] PartLoader: Compiling Part 'SquadExpansion/MakingHistory/Parts/Coupling/EnginePlate_4/EnginePlate4'
[LOG 23:10:00.859] PartLoader: Part 'SquadExpansion/MakingHistory/Parts/Coupling/EnginePlate_4/EnginePlate4' has no database record. Creating.
[LOG 23:10:00.859] [DragCubeSystem]: Drag cubes not found or cannot be read for part Part. Generating New drag cubes.
[LOG 23:10:00.859] [KSPCF/DragCubeGeneration] Part 'EnginePlate4' has defined a procedural drag cube setup
[LOG 23:10:00.859] PartLoader: Compiling Part 'SquadExpansion/MakingHistory/Parts/Coupling/EnginePlate_5/EnginePlate5'
[LOG 23:10:00.864] PartLoader: Part 'SquadExpansion/MakingHistory/Parts/Coupling/EnginePlate_5/EnginePlate5' has no database record. Creating.
[LOG 23:10:00.864] [DragCubeSystem]: Drag cubes not found or cannot be read for part Part. Generating New drag cubes.
[LOG 23:10:00.864] [KSPCF/DragCubeGeneration] Part 'EnginePlate5' has defined a procedural drag cube setup
[LOG 23:10:00.864] PartLoader: Compiling Part 'SquadExpansion/MakingHistory/Parts/Coupling/InflatableAirlock/InflatableAirlock'
[LOG 23:10:00.869] PartLoader: Part 'SquadExpansion/MakingHistory/Parts/Coupling/InflatableAirlock/InflatableAirlock' has no database record. Creating.
[LOG 23:10:00.869] [DragCubeSystem]: Drag cubes not found or cannot be read for part Part. Generating New drag cubes.
[LOG 23:10:00.869] [KSPCF/DragCubeGeneration] Creating drag cubes for part 'InflatableAirlock'
[LOG 23:10:00.889] PartLoader: Compiling Part 'SquadExpansion/MakingHistory/Parts/Coupling/Separator_1p5/Separator_1p5'
[LOG 23:10:00.893] PartLoader: Part 'SquadExpansion/MakingHistory/Parts/Coupling/Separator_1p5/Separator_1p5' has no database record. Creating.
[LOG 23:10:00.893] PartLoader: Compiling Part 'SquadExpansion/MakingHistory/Parts/Coupling/Separator_4/Separator_4'
[LOG 23:10:00.896] PartLoader: Part 'SquadExpansion/MakingHistory/Parts/Coupling/Separator_4/Separator_4' has no database record. Creating.
[LOG 23:10:00.897] PartLoader: Compiling Part 'SquadExpansion/MakingHistory/Parts/Coupling/Size1p5_Strut_Decoupler/Size1p5_Strut_Decoupler'
[LOG 23:10:00.899] PartLoader: Part 'SquadExpansion/MakingHistory/Parts/Coupling/Size1p5_Strut_Decoupler/Size1p5_Strut_Decoupler' has no database record. Creating.
[LOG 23:10:00.899] PartLoader: Compiling Part 'SquadExpansion/MakingHistory/Parts/Engine/LiquidEngineKE-1/LiquidEngineKE-1'
[LOG 23:10:00.904] PartLoader: Part 'SquadExpansion/MakingHistory/Parts/Engine/LiquidEngineKE-1/LiquidEngineKE-1' has no database record. Creating.
[LOG 23:10:00.904] [DragCubeSystem]: Drag cubes not found or cannot be read for part Part. Generating New drag cubes.
[LOG 23:10:00.904] [KSPCF/DragCubeGeneration] Creating drag cubes for part 'LiquidEngineKE-1'
[LOG 23:10:00.954] PartLoader: Compiling Part 'SquadExpansion/MakingHistory/Parts/Engine/LiquidEngineLV-T91/LiquidEngineLV-T91'
[LOG 23:10:00.960] PartLoader: Part 'SquadExpansion/MakingHistory/Parts/Engine/LiquidEngineLV-T91/LiquidEngineLV-T91' has no database record. Creating.
[LOG 23:10:00.960] [DragCubeSystem]: Drag cubes not found or cannot be read for part Part. Generating New drag cubes.
[LOG 23:10:00.960] [KSPCF/DragCubeGeneration] Creating drag cubes for part 'LiquidEngineLV-T91'
[LOG 23:10:01.001] PartLoader: Compiling Part 'SquadExpansion/MakingHistory/Parts/Engine/LiquidEngineLV-TX87/LiquidEngineLV-TX87'
[LOG 23:10:01.007] PartLoader: Part 'SquadExpansion/MakingHistory/Parts/Engine/LiquidEngineLV-TX87/LiquidEngineLV-TX87' has no database record. Creating.
[LOG 23:10:01.007] [DragCubeSystem]: Drag cubes not found or cannot be read for part Part. Generating New drag cubes.
[LOG 23:10:01.007] [KSPCF/DragCubeGeneration] Creating drag cubes for part 'LiquidEngineLV-TX87'
[LOG 23:10:01.048] PartLoader: Compiling Part 'SquadExpansion/MakingHistory/Parts/Engine/LiquidEngineRE-I2/LiquidEngineRE-I2'
[LOG 23:10:01.054] PartLoader: Part 'SquadExpansion/MakingHistory/Parts/Engine/LiquidEngineRE-I2/LiquidEngineRE-I2' has no database record. Creating.
[LOG 23:10:01.054] [DragCubeSystem]: Drag cubes not found or cannot be read for part Part. Generating New drag cubes.
[LOG 23:10:01.054] [KSPCF/DragCubeGeneration] Creating drag cubes for part 'LiquidEngineRE-I2'
[LOG 23:10:01.096] PartLoader: Compiling Part 'SquadExpansion/MakingHistory/Parts/Engine/LiquidEngineRE-J10/LiquidEngineRE-J10'
[LOG 23:10:01.101] PartLoader: Part 'SquadExpansion/MakingHistory/Parts/Engine/LiquidEngineRE-J10/LiquidEngineRE-J10' has no database record. Creating.
[LOG 23:10:01.101] [DragCubeSystem]: Drag cubes not found or cannot be read for part Part. Generating New drag cubes.
[LOG 23:10:01.101] [KSPCF/DragCubeGeneration] Creating drag cubes for part 'LiquidEngineRE-J10'
[LOG 23:10:01.140] PartLoader: Compiling Part 'SquadExpansion/MakingHistory/Parts/Engine/LiquidEngineRK-7/LiquidEngineRK-7'
[LOG 23:10:01.145] PartLoader: Part 'SquadExpansion/MakingHistory/Parts/Engine/LiquidEngineRK-7/LiquidEngineRK-7' has no database record. Creating.
[LOG 23:10:01.146] [DragCubeSystem]: Drag cubes not found or cannot be read for part Part. Generating New drag cubes.
[LOG 23:10:01.146] [KSPCF/DragCubeGeneration] Creating drag cubes for part 'LiquidEngineRK-7'
[LOG 23:10:01.195] PartLoader: Compiling Part 'SquadExpansion/MakingHistory/Parts/Engine/LiquidEngineRV-1/LiquidEngineRV-1'
[LOG 23:10:01.200] PartLoader: Part 'SquadExpansion/MakingHistory/Parts/Engine/LiquidEngineRV-1/LiquidEngineRV-1' has no database record. Creating.
[LOG 23:10:01.200] [DragCubeSystem]: Drag cubes not found or cannot be read for part Part. Generating New drag cubes.
[LOG 23:10:01.200] [KSPCF/DragCubeGeneration] Creating drag cubes for part 'LiquidEngineRV-1'
[LOG 23:10:01.209] PartLoader: Compiling Part 'SquadExpansion/MakingHistory/Parts/Engine/solidBoosterTHK/solidBoosterTHK/Pollux'
[LOG 23:10:01.213] PartLoader: Part 'SquadExpansion/MakingHistory/Parts/Engine/solidBoosterTHK/solidBoosterTHK/Pollux' has no database record. Creating.
[LOG 23:10:01.213] [DragCubeSystem]: Drag cubes not found or cannot be read for part Part. Generating New drag cubes.
[LOG 23:10:01.213] [KSPCF/DragCubeGeneration] Creating drag cubes for part 'Pollux'
[LOG 23:10:01.221] PartLoader: Compiling Part 'SquadExpansion/MakingHistory/Parts/FuelTank/MonoPropMini/monopropMiniSphere'
[LOG 23:10:01.223] PartLoader: Part 'SquadExpansion/MakingHistory/Parts/FuelTank/MonoPropMini/monopropMiniSphere' has no database record. Creating.
[LOG 23:10:01.223] [DragCubeSystem]: Drag cubes not found or cannot be read for part Part. Generating New drag cubes.
[LOG 23:10:01.223] [KSPCF/DragCubeGeneration] Creating drag cubes for part 'monopropMiniSphere'
[LOG 23:10:01.231] PartLoader: Compiling Part 'SquadExpansion/MakingHistory/Parts/FuelTank/Size1p5_Monoprop/Size1p5_Monoprop'
[LOG 23:10:01.233] PartLoader: Part 'SquadExpansion/MakingHistory/Parts/FuelTank/Size1p5_Monoprop/Size1p5_Monoprop' has no database record. Creating.
[LOG 23:10:01.233] [DragCubeSystem]: Drag cubes not found or cannot be read for part Part. Generating New drag cubes.
[LOG 23:10:01.233] [KSPCF/DragCubeGeneration] Creating drag cubes for part 'Size1p5.Monoprop'
[LOG 23:10:01.242] PartLoader: Compiling Part 'SquadExpansion/MakingHistory/Parts/FuelTank/Size1p5_Size0_Adapter_01/Size1p5_Size0_Adapter_01'
[LOG 23:10:01.244] PartLoader: Part 'SquadExpansion/MakingHistory/Parts/FuelTank/Size1p5_Size0_Adapter_01/Size1p5_Size0_Adapter_01' has no database record. Creating.
[LOG 23:10:01.244] [DragCubeSystem]: Drag cubes not found or cannot be read for part Part. Generating New drag cubes.
[LOG 23:10:01.244] [KSPCF/DragCubeGeneration] Creating drag cubes for part 'Size1p5.Size0.Adapter.01'
[LOG 23:10:01.251] PartLoader: Compiling Part 'SquadExpansion/MakingHistory/Parts/FuelTank/Size1p5_Size1_Adapter_01/Size1p5_Size1_Adapter_01'
[LOG 23:10:01.253] PartLoader: Part 'SquadExpansion/MakingHistory/Parts/FuelTank/Size1p5_Size1_Adapter_01/Size1p5_Size1_Adapter_01' has no database record. Creating.
[LOG 23:10:01.253] [DragCubeSystem]: Drag cubes not found or cannot be read for part Part. Generating New drag cubes.
[LOG 23:10:01.254] [KSPCF/DragCubeGeneration] Creating drag cubes for part 'Size1p5.Size1.Adapter.01'
[LOG 23:10:01.264] PartLoader: Compiling Part 'SquadExpansion/MakingHistory/Parts/FuelTank/Size1p5_Size1_Adapter_02/Size1p5_Size1_Adapter_02'
[LOG 23:10:01.266] PartLoader: Part 'SquadExpansion/MakingHistory/Parts/FuelTank/Size1p5_Size1_Adapter_02/Size1p5_Size1_Adapter_02' has no database record. Creating.
[LOG 23:10:01.266] [DragCubeSystem]: Drag cubes not found or cannot be read for part Part. Generating New drag cubes.
[LOG 23:10:01.266] [KSPCF/DragCubeGeneration] Creating drag cubes for part 'Size1p5.Size1.Adapter.02'
[LOG 23:10:01.274] PartLoader: Compiling Part 'SquadExpansion/MakingHistory/Parts/FuelTank/Size1p5_Size2_Adapter_01/Size1p5_Size2_Adapter_01'
[LOG 23:10:01.276] PartLoader: Part 'SquadExpansion/MakingHistory/Parts/FuelTank/Size1p5_Size2_Adapter_01/Size1p5_Size2_Adapter_01' has no database record. Creating.
[LOG 23:10:01.276] [DragCubeSystem]: Drag cubes not found or cannot be read for part Part. Generating New drag cubes.
[LOG 23:10:01.276] [KSPCF/DragCubeGeneration] Creating drag cubes for part 'Size1p5.Size2.Adapter.01'
[LOG 23:10:01.285] PartLoader: Compiling Part 'SquadExpansion/MakingHistory/Parts/FuelTank/Size1p5_Tank_01/Size1p5_Tank_01'
[LOG 23:10:01.288] PartLoader: Part 'SquadExpansion/MakingHistory/Parts/FuelTank/Size1p5_Tank_01/Size1p5_Tank_01' has no database record. Creating.
[LOG 23:10:01.288] [DragCubeSystem]: Drag cubes not found or cannot be read for part Part. Generating New drag cubes.
[LOG 23:10:01.288] [KSPCF/DragCubeGeneration] Creating drag cubes for part 'Size1p5.Tank.01'
[LOG 23:10:01.297] PartLoader: Compiling Part 'SquadExpansion/MakingHistory/Parts/FuelTank/Size1p5_Tank_02/Size1p5_Tank_02'
[LOG 23:10:01.299] PartLoader: Part 'SquadExpansion/MakingHistory/Parts/FuelTank/Size1p5_Tank_02/Size1p5_Tank_02' has no database record. Creating.
[LOG 23:10:01.299] [DragCubeSystem]: Drag cubes not found or cannot be read for part Part. Generating New drag cubes.
[LOG 23:10:01.299] [KSPCF/DragCubeGeneration] Creating drag cubes for part 'Size1p5.Tank.02'
[LOG 23:10:01.307] PartLoader: Compiling Part 'SquadExpansion/MakingHistory/Parts/FuelTank/Size1p5_Tank_03/Size1p5_Tank_03'
[LOG 23:10:01.309] PartLoader: Part 'SquadExpansion/MakingHistory/Parts/FuelTank/Size1p5_Tank_03/Size1p5_Tank_03' has no database record. Creating.
[LOG 23:10:01.309] [DragCubeSystem]: Drag cubes not found or cannot be read for part Part. Generating New drag cubes.
[LOG 23:10:01.309] [KSPCF/DragCubeGeneration] Creating drag cubes for part 'Size1p5.Tank.03'
[LOG 23:10:01.317] PartLoader: Compiling Part 'SquadExpansion/MakingHistory/Parts/FuelTank/Size1p5_Tank_04/Size1p5_Tank_04'
[LOG 23:10:01.319] PartLoader: Part 'SquadExpansion/MakingHistory/Parts/FuelTank/Size1p5_Tank_04/Size1p5_Tank_04' has no database record. Creating.
[LOG 23:10:01.319] [DragCubeSystem]: Drag cubes not found or cannot be read for part Part. Generating New drag cubes.
[LOG 23:10:01.319] [KSPCF/DragCubeGeneration] Creating drag cubes for part 'Size1p5.Tank.04'
[LOG 23:10:01.328] PartLoader: Compiling Part 'SquadExpansion/MakingHistory/Parts/FuelTank/Size1p5_Tank_05/Size1p5_Tank_05'
[LOG 23:10:01.331] PartLoader: Part 'SquadExpansion/MakingHistory/Parts/FuelTank/Size1p5_Tank_05/Size1p5_Tank_05' has no database record. Creating.
[LOG 23:10:01.331] [DragCubeSystem]: Drag cubes not found or cannot be read for part Part. Generating New drag cubes.
[LOG 23:10:01.331] [KSPCF/DragCubeGeneration] Creating drag cubes for part 'Size1p5.Tank.05'
[LOG 23:10:01.339] PartLoader: Compiling Part 'SquadExpansion/MakingHistory/Parts/FuelTank/Size3_Size4_Adapter_01/Size3_Size4_Adapter_01'
[LOG 23:10:01.341] PartLoader: Part 'SquadExpansion/MakingHistory/Parts/FuelTank/Size3_Size4_Adapter_01/Size3_Size4_Adapter_01' has no database record. Creating.
[LOG 23:10:01.341] [DragCubeSystem]: Drag cubes not found or cannot be read for part Part. Generating New drag cubes.
[LOG 23:10:01.341] [KSPCF/DragCubeGeneration] Creating drag cubes for part 'Size3.Size4.Adapter.01'
[LOG 23:10:01.348] PartLoader: Compiling Part 'SquadExpansion/MakingHistory/Parts/FuelTank/Size4_EngineAdapter_01/Size4_EngineAdapter_01'
[LOG 23:10:01.349] PartLoader: Part 'SquadExpansion/MakingHistory/Parts/FuelTank/Size4_EngineAdapter_01/Size4_EngineAdapter_01' has no database record. Creating.
[LOG 23:10:01.349] [DragCubeSystem]: Drag cubes not found or cannot be read for part Part. Generating New drag cubes.
[LOG 23:10:01.349] [KSPCF/DragCubeGeneration] Creating drag cubes for part 'Size4.EngineAdapter.01'
[LOG 23:10:01.357] PartLoader: Compiling Part 'SquadExpansion/MakingHistory/Parts/FuelTank/Size4_Tank_01/Size4_Tank_01'
[LOG 23:10:01.359] PartLoader: Part 'SquadExpansion/MakingHistory/Parts/FuelTank/Size4_Tank_01/Size4_Tank_01' has no database record. Creating.
[LOG 23:10:01.359] [DragCubeSystem]: Drag cubes not found or cannot be read for part Part. Generating New drag cubes.
[LOG 23:10:01.360] [KSPCF/DragCubeGeneration] Creating drag cubes for part 'Size4.Tank.01'
[LOG 23:10:01.370] PartLoader: Compiling Part 'SquadExpansion/MakingHistory/Parts/FuelTank/Size4_Tank_02/Size4_Tank_02'
[LOG 23:10:01.372] PartLoader: Part 'SquadExpansion/MakingHistory/Parts/FuelTank/Size4_Tank_02/Size4_Tank_02' has no database record. Creating.
[LOG 23:10:01.372] [DragCubeSystem]: Drag cubes not found or cannot be read for part Part. Generating New drag cubes.
[LOG 23:10:01.372] [KSPCF/DragCubeGeneration] Creating drag cubes for part 'Size4.Tank.02'
[LOG 23:10:01.380] PartLoader: Compiling Part 'SquadExpansion/MakingHistory/Parts/FuelTank/Size4_Tank_03/Size4_Tank_03'
[LOG 23:10:01.382] PartLoader: Part 'SquadExpansion/MakingHistory/Parts/FuelTank/Size4_Tank_03/Size4_Tank_03' has no database record. Creating.
[LOG 23:10:01.382] [DragCubeSystem]: Drag cubes not found or cannot be read for part Part. Generating New drag cubes.
[LOG 23:10:01.382] [KSPCF/DragCubeGeneration] Creating drag cubes for part 'Size4.Tank.03'
[LOG 23:10:01.390] PartLoader: Compiling Part 'SquadExpansion/MakingHistory/Parts/FuelTank/Size4_Tank_04/Size4_Tank_04'
[LOG 23:10:01.392] PartLoader: Part 'SquadExpansion/MakingHistory/Parts/FuelTank/Size4_Tank_04/Size4_Tank_04' has no database record. Creating.
[LOG 23:10:01.392] [DragCubeSystem]: Drag cubes not found or cannot be read for part Part. Generating New drag cubes.
[LOG 23:10:01.392] [KSPCF/DragCubeGeneration] Creating drag cubes for part 'Size4.Tank.04'
[LOG 23:10:01.399] PartLoader: Compiling Part 'SquadExpansion/MakingHistory/Parts/Ground/RoverWheel/roverWheelM1-F'
[LOG 23:10:01.407] PartLoader: Part 'SquadExpansion/MakingHistory/Parts/Ground/RoverWheel/roverWheelM1-F' has no database record. Creating.
[LOG 23:10:01.407] [DragCubeSystem]: Drag cubes not found or cannot be read for part Part. Generating New drag cubes.
[LOG 23:10:01.407] [KSPCF/DragCubeGeneration] Creating drag cubes for part 'roverWheelM1-F'
[LOG 23:10:01.429] PartLoader: Compiling Part 'SquadExpansion/MakingHistory/Parts/Payload/fairingSize1p5/fairingSize1p5'
[LOG 23:10:01.435] PartLoader: Part 'SquadExpansion/MakingHistory/Parts/Payload/fairingSize1p5/fairingSize1p5' has no database record. Creating.
[LOG 23:10:01.437] [DragCubeSystem]: Drag cubes not found or cannot be read for part Part. Generating New drag cubes.
[LOG 23:10:01.437] [KSPCF/DragCubeGeneration] Creating drag cubes for part 'fairingSize1p5'
[LOG 23:10:01.454] PartLoader: Compiling Part 'SquadExpansion/MakingHistory/Parts/Payload/fairingSize4/fairingSize4'
[LOG 23:10:01.462] PartLoader: Part 'SquadExpansion/MakingHistory/Parts/Payload/fairingSize4/fairingSize4' has no database record. Creating.
[LOG 23:10:01.462] [DragCubeSystem]: Drag cubes not found or cannot be read for part Part. Generating New drag cubes.
[LOG 23:10:01.462] [KSPCF/DragCubeGeneration] Creating drag cubes for part 'fairingSize4'
[LOG 23:10:01.480] PartLoader: Compiling Part 'SquadExpansion/MakingHistory/Parts/Payload/Size1to0ServiceModule/Size1to0ServiceModule'
[LOG 23:10:01.486] PartLoader: Part 'SquadExpansion/MakingHistory/Parts/Payload/Size1to0ServiceModule/Size1to0ServiceModule' has no database record. Creating.
[LOG 23:10:01.486] [DragCubeSystem]: Drag cubes not found or cannot be read for part Part. Generating New drag cubes.
[LOG 23:10:01.486] [KSPCF/DragCubeGeneration] Part 'Size1to0ServiceModule' has defined a procedural drag cube setup
[LOG 23:10:01.487] PartLoader: Compiling Part 'SquadExpansion/MakingHistory/Parts/Payload/SM18/ServiceModule18'
[LOG 23:10:01.491] PartLoader: Part 'SquadExpansion/MakingHistory/Parts/Payload/SM18/ServiceModule18' has no database record. Creating.
[LOG 23:10:01.491] [DragCubeSystem]: Drag cubes not found or cannot be read for part Part. Generating New drag cubes.
[LOG 23:10:01.491] [KSPCF/DragCubeGeneration] Part 'ServiceModule18' has defined a procedural drag cube setup
[LOG 23:10:01.491] PartLoader: Compiling Part 'SquadExpansion/MakingHistory/Parts/Payload/SM25/ServiceModule25'
[LOG 23:10:01.494] PartLoader: Part 'SquadExpansion/MakingHistory/Parts/Payload/SM25/ServiceModule25' has no database record. Creating.
[LOG 23:10:01.494] [DragCubeSystem]: Drag cubes not found or cannot be read for part Part. Generating New drag cubes.
[LOG 23:10:01.494] [KSPCF/DragCubeGeneration] Part 'ServiceModule25' has defined a procedural drag cube setup
[LOG 23:10:01.495] PartLoader: Compiling Part 'SquadExpansion/MakingHistory/Parts/Pods/KV1Pod/kv1Pod'
[WRN 23:10:01.500] [Part]: Cannot have ModuleCargoPart and ModuleInventoryPart on same Part [kv1Pod'. Removed ModuleCargoPart
[LOG 23:10:01.503] PartLoader: Part 'SquadExpansion/MakingHistory/Parts/Pods/KV1Pod/kv1Pod' has no database record. Creating.
[LOG 23:10:01.504] PartLoader: Compiling Part 'SquadExpansion/MakingHistory/Parts/Pods/KV2Pod/kv2Pod'
[WRN 23:10:01.506] [Part]: Cannot have ModuleCargoPart and ModuleInventoryPart on same Part [kv2Pod'. Removed ModuleCargoPart
[LOG 23:10:01.508] PartLoader: Part 'SquadExpansion/MakingHistory/Parts/Pods/KV2Pod/kv2Pod' has no database record. Creating.
[LOG 23:10:01.510] PartLoader: Compiling Part 'SquadExpansion/MakingHistory/Parts/Pods/KV3Pod/kv3Pod'
[WRN 23:10:01.512] [Part]: Cannot have ModuleCargoPart and ModuleInventoryPart on same Part [kv3Pod'. Removed ModuleCargoPart
[LOG 23:10:01.514] PartLoader: Part 'SquadExpansion/MakingHistory/Parts/Pods/KV3Pod/kv3Pod' has no database record. Creating.
[LOG 23:10:01.517] PartLoader: Compiling Part 'SquadExpansion/MakingHistory/Parts/Pods/Mk2Pod/Mk2Pod'
[WRN 23:10:01.519] [Part]: Cannot have ModuleCargoPart and ModuleInventoryPart on same Part [Mk2Pod'. Removed ModuleCargoPart
[LOG 23:10:01.526] PartLoader: Part 'SquadExpansion/MakingHistory/Parts/Pods/Mk2Pod/Mk2Pod' has no database record. Creating.
[LOG 23:10:01.526] [DragCubeSystem]: Drag cubes not found or cannot be read for part Part. Generating New drag cubes.
[LOG 23:10:01.526] [KSPCF/DragCubeGeneration] Creating drag cubes for part 'Mk2Pod'
[LOG 23:10:01.535] PartLoader: Compiling Part 'SquadExpansion/MakingHistory/Parts/Pods/Size1_5_Lander/MEMLander'
[WRN 23:10:01.540] [Part]: Cannot add ModuleCargoPart as this Part 'MEMLander' already has a ModuleInventoryPart PartModule and they are mutually exclusive.
[LOG 23:10:01.544] PartLoader: Part 'SquadExpansion/MakingHistory/Parts/Pods/Size1_5_Lander/MEMLander' has no database record. Creating.
[LOG 23:10:01.544] [DragCubeSystem]: Drag cubes not found or cannot be read for part Part. Generating New drag cubes.
[LOG 23:10:01.544] [KSPCF/DragCubeGeneration] Creating drag cubes for part 'MEMLander'
[LOG 23:10:01.554] PartLoader: Compiling Part 'SquadExpansion/MakingHistory/Parts/Prebuilt/kerbalEVAfemaleVintage/kerbalEVAfemaleVintage'
[LOG 23:10:01.560] PartLoader: Compiling Part 'SquadExpansion/MakingHistory/Parts/Prebuilt/kerbalEVAVintage/kerbalEVAVintage'
[LOG 23:10:01.565] PartLoader: Compiling Part 'SquadExpansion/MakingHistory/Parts/Structural/EquiTriangle0/EquiTriangle0'
[LOG 23:10:01.605] PartLoader: Part 'SquadExpansion/MakingHistory/Parts/Structural/EquiTriangle0/EquiTriangle0' has no database record. Creating.
[LOG 23:10:01.605] [DragCubeSystem]: Drag cubes not found or cannot be read for part Part. Generating New drag cubes.
[LOG 23:10:01.605] [KSPCF/DragCubeGeneration] Creating drag cubes for part 'EquiTriangle0'
[LOG 23:10:01.617] PartLoader: Compiling Part 'SquadExpansion/MakingHistory/Parts/Structural/EquiTriangle1/EquiTriangle1'
[LOG 23:10:01.619] PartLoader: Part 'SquadExpansion/MakingHistory/Parts/Structural/EquiTriangle1/EquiTriangle1' has no database record. Creating.
[LOG 23:10:01.619] [DragCubeSystem]: Drag cubes not found or cannot be read for part Part. Generating New drag cubes.
[LOG 23:10:01.619] [KSPCF/DragCubeGeneration] Creating drag cubes for part 'EquiTriangle1'
[LOG 23:10:01.627] PartLoader: Compiling Part 'SquadExpansion/MakingHistory/Parts/Structural/EquiTriangle1p5/EquiTriangle1p5'
[LOG 23:10:01.629] PartLoader: Part 'SquadExpansion/MakingHistory/Parts/Structural/EquiTriangle1p5/EquiTriangle1p5' has no database record. Creating.
[LOG 23:10:01.629] [DragCubeSystem]: Drag cubes not found or cannot be read for part Part. Generating New drag cubes.
[LOG 23:10:01.629] [KSPCF/DragCubeGeneration] Creating drag cubes for part 'EquiTriangle1p5'
[LOG 23:10:01.637] PartLoader: Compiling Part 'SquadExpansion/MakingHistory/Parts/Structural/EquiTriangle2/EquiTriangle2'
[LOG 23:10:01.641] PartLoader: Part 'SquadExpansion/MakingHistory/Parts/Structural/EquiTriangle2/EquiTriangle2' has no database record. Creating.
[LOG 23:10:01.641] [DragCubeSystem]: Drag cubes not found or cannot be read for part Part. Generating New drag cubes.
[LOG 23:10:01.641] [KSPCF/DragCubeGeneration] Creating drag cubes for part 'EquiTriangle2'
[LOG 23:10:01.650] PartLoader: Compiling Part 'SquadExpansion/MakingHistory/Parts/Structural/Panel0/Panel0'
[LOG 23:10:01.652] PartLoader: Part 'SquadExpansion/MakingHistory/Parts/Structural/Panel0/Panel0' has no database record. Creating.
[LOG 23:10:01.652] [DragCubeSystem]: Drag cubes not found or cannot be read for part Part. Generating New drag cubes.
[LOG 23:10:01.652] [KSPCF/DragCubeGeneration] Creating drag cubes for part 'Panel0'
[LOG 23:10:01.660] PartLoader: Compiling Part 'SquadExpansion/MakingHistory/Parts/Structural/Panel1/Panel1'
[LOG 23:10:01.663] PartLoader: Part 'SquadExpansion/MakingHistory/Parts/Structural/Panel1/Panel1' has no database record. Creating.
[LOG 23:10:01.663] [DragCubeSystem]: Drag cubes not found or cannot be read for part Part. Generating New drag cubes.
[LOG 23:10:01.663] [KSPCF/DragCubeGeneration] Creating drag cubes for part 'Panel1'
[LOG 23:10:01.670] PartLoader: Compiling Part 'SquadExpansion/MakingHistory/Parts/Structural/Panel1p5/Panel1p5'
[LOG 23:10:01.680] PartLoader: Part 'SquadExpansion/MakingHistory/Parts/Structural/Panel1p5/Panel1p5' has no database record. Creating.
[LOG 23:10:01.680] [DragCubeSystem]: Drag cubes not found or cannot be read for part Part. Generating New drag cubes.
[LOG 23:10:01.680] [KSPCF/DragCubeGeneration] Creating drag cubes for part 'Panel1p5'
[LOG 23:10:01.689] PartLoader: Compiling Part 'SquadExpansion/MakingHistory/Parts/Structural/Panel2/Panel2'
[LOG 23:10:01.692] PartLoader: Part 'SquadExpansion/MakingHistory/Parts/Structural/Panel2/Panel2' has no database record. Creating.
[LOG 23:10:01.692] [DragCubeSystem]: Drag cubes not found or cannot be read for part Part. Generating New drag cubes.
[LOG 23:10:01.692] [KSPCF/DragCubeGeneration] Creating drag cubes for part 'Panel2'
[LOG 23:10:01.699] PartLoader: Compiling Part 'SquadExpansion/MakingHistory/Parts/Structural/Triangle0/Triangle0'
[LOG 23:10:01.701] PartLoader: Part 'SquadExpansion/MakingHistory/Parts/Structural/Triangle0/Triangle0' has no database record. Creating.
[LOG 23:10:01.701] [DragCubeSystem]: Drag cubes not found or cannot be read for part Part. Generating New drag cubes.
[LOG 23:10:01.701] [KSPCF/DragCubeGeneration] Creating drag cubes for part 'Triangle0'
[LOG 23:10:01.708] PartLoader: Compiling Part 'SquadExpansion/MakingHistory/Parts/Structural/Triangle1/Triangle1'
[LOG 23:10:01.710] PartLoader: Part 'SquadExpansion/MakingHistory/Parts/Structural/Triangle1/Triangle1' has no database record. Creating.
[LOG 23:10:01.710] [DragCubeSystem]: Drag cubes not found or cannot be read for part Part. Generating New drag cubes.
[LOG 23:10:01.710] [KSPCF/DragCubeGeneration] Creating drag cubes for part 'Triangle1'
[LOG 23:10:01.719] PartLoader: Compiling Part 'SquadExpansion/MakingHistory/Parts/Structural/Triangle1p5/Triangle1p5'
[LOG 23:10:01.721] PartLoader: Part 'SquadExpansion/MakingHistory/Parts/Structural/Triangle1p5/Triangle1p5' has no database record. Creating.
[LOG 23:10:01.721] [DragCubeSystem]: Drag cubes not found or cannot be read for part Part. Generating New drag cubes.
[LOG 23:10:01.722] [KSPCF/DragCubeGeneration] Creating drag cubes for part 'Triangle1p5'
[LOG 23:10:01.729] PartLoader: Compiling Part 'SquadExpansion/MakingHistory/Parts/Structural/Triangle2/Triangle2'
[LOG 23:10:01.731] PartLoader: Part 'SquadExpansion/MakingHistory/Parts/Structural/Triangle2/Triangle2' has no database record. Creating.
[LOG 23:10:01.731] [DragCubeSystem]: Drag cubes not found or cannot be read for part Part. Generating New drag cubes.
[LOG 23:10:01.731] [KSPCF/DragCubeGeneration] Creating drag cubes for part 'Triangle2'
[LOG 23:10:01.739] PartLoader: Compiling Part 'SquadExpansion/MakingHistory/Parts/Structural/Tube1/Tube1'
[LOG 23:10:01.742] PartLoader: Part 'SquadExpansion/MakingHistory/Parts/Structural/Tube1/Tube1' has no database record. Creating.
[LOG 23:10:01.742] PartLoader: Compiling Part 'SquadExpansion/MakingHistory/Parts/Structural/Tube1p5/Tube1p5'
[LOG 23:10:01.744] PartLoader: Part 'SquadExpansion/MakingHistory/Parts/Structural/Tube1p5/Tube1p5' has no database record. Creating.
[LOG 23:10:01.744] PartLoader: Compiling Part 'SquadExpansion/MakingHistory/Parts/Structural/Tube2/Tube2'
[LOG 23:10:01.747] PartLoader: Part 'SquadExpansion/MakingHistory/Parts/Structural/Tube2/Tube2' has no database record. Creating.
[LOG 23:10:01.747] PartLoader: Compiling Part 'SquadExpansion/MakingHistory/Parts/Structural/Tube3/Tube3'
[LOG 23:10:01.750] PartLoader: Part 'SquadExpansion/MakingHistory/Parts/Structural/Tube3/Tube3' has no database record. Creating.
[LOG 23:10:01.750] PartLoader: Compiling Part 'SquadExpansion/MakingHistory/Parts/Structural/Tube4/Tube4'
[LOG 23:10:01.751] PartLoader: Part 'SquadExpansion/MakingHistory/Parts/Structural/Tube4/Tube4' has no database record. Creating.
[LOG 23:10:01.751] PartLoader: Compiling Part 'SquadExpansion/MakingHistory/Parts/Thermal/HeatShield1p5/HeatShield1p5'
[LOG 23:10:01.755] PartLoader: Part 'SquadExpansion/MakingHistory/Parts/Thermal/HeatShield1p5/HeatShield1p5' has no database record. Creating.
[LOG 23:10:01.755] [DragCubeSystem]: Drag cubes not found or cannot be read for part Part. Generating New drag cubes.
[LOG 23:10:01.755] [KSPCF/DragCubeGeneration] Creating drag cubes for part 'HeatShield1p5'
[LOG 23:10:01.777] PartLoader: Compiling Part 'SquadExpansion/MakingHistory/Parts/Utility/flags/flagSize1p5/flagSize1p5/flagPartSize1p5'
[LOG 23:10:01.780] PartLoader: Part 'SquadExpansion/MakingHistory/Parts/Utility/flags/flagSize1p5/flagSize1p5/flagPartSize1p5' has no database record. Creating.
[LOG 23:10:01.780] [DragCubeSystem]: Drag cubes not found or cannot be read for part Part. Generating New drag cubes.
[LOG 23:10:01.780] [KSPCF/DragCubeGeneration] Creating drag cubes for part 'flagPartSize1p5'
[LOG 23:10:01.788] PartLoader: Compiling Part 'SquadExpansion/MakingHistory/Parts/Utility/flags/flagSize4/flagSize4/flagPartSize4'
[LOG 23:10:01.792] PartLoader: Part 'SquadExpansion/MakingHistory/Parts/Utility/flags/flagSize4/flagSize4/flagPartSize4' has no database record. Creating.
[LOG 23:10:01.792] [DragCubeSystem]: Drag cubes not found or cannot be read for part Part. Generating New drag cubes.
[LOG 23:10:01.792] [KSPCF/DragCubeGeneration] Creating drag cubes for part 'flagPartSize4'
[LOG 23:10:01.798] PartLoader: Compiling Part 'SquadExpansion/Serenity/Parts/Aero/FanShroud_01/FanShroud_01'
[LOG 23:10:01.801] PartLoader: Part 'SquadExpansion/Serenity/Parts/Aero/FanShroud_01/FanShroud_01' has no database record. Creating.
[LOG 23:10:01.801] [DragCubeSystem]: Drag cubes not found or cannot be read for part Part. Generating New drag cubes.
[LOG 23:10:01.801] [KSPCF/DragCubeGeneration] Creating drag cubes for part 'FanShroud.01'
[LOG 23:10:01.809] PartLoader: Compiling Part 'SquadExpansion/Serenity/Parts/Aero/FanShroud_02/FanShroud_02'
[LOG 23:10:01.812] PartLoader: Part 'SquadExpansion/Serenity/Parts/Aero/FanShroud_02/FanShroud_02' has no database record. Creating.
[LOG 23:10:01.812] [DragCubeSystem]: Drag cubes not found or cannot be read for part Part. Generating New drag cubes.
[LOG 23:10:01.812] [KSPCF/DragCubeGeneration] Creating drag cubes for part 'FanShroud.02'
[LOG 23:10:01.821] PartLoader: Compiling Part 'SquadExpansion/Serenity/Parts/Aero/FanShroud_03/FanShroud_03'
[LOG 23:10:01.824] PartLoader: Part 'SquadExpansion/Serenity/Parts/Aero/FanShroud_03/FanShroud_03' has no database record. Creating.
[LOG 23:10:01.824] [DragCubeSystem]: Drag cubes not found or cannot be read for part Part. Generating New drag cubes.
[LOG 23:10:01.824] [KSPCF/DragCubeGeneration] Creating drag cubes for part 'FanShroud.03'
[LOG 23:10:01.831] PartLoader: Compiling Part 'SquadExpansion/Serenity/Parts/Aero/noseconeTiny/noseconeTiny'
[LOG 23:10:01.833] PartLoader: Part 'SquadExpansion/Serenity/Parts/Aero/noseconeTiny/noseconeTiny' has no database record. Creating.
[LOG 23:10:01.833] [DragCubeSystem]: Drag cubes not found or cannot be read for part Part. Generating New drag cubes.
[LOG 23:10:01.833] [KSPCF/DragCubeGeneration] Creating drag cubes for part 'noseconeTiny'
[LOG 23:10:01.841] PartLoader: Compiling Part 'SquadExpansion/Serenity/Parts/Aero/noseconeVS/noseconeVS'
[LOG 23:10:01.844] PartLoader: Part 'SquadExpansion/Serenity/Parts/Aero/noseconeVS/noseconeVS' has no database record. Creating.
[LOG 23:10:01.844] [DragCubeSystem]: Drag cubes not found or cannot be read for part Part. Generating New drag cubes.
[LOG 23:10:01.844] [KSPCF/DragCubeGeneration] Creating drag cubes for part 'noseconeVS'
[LOG 23:10:01.853] PartLoader: Compiling Part 'SquadExpansion/Serenity/Parts/DeployedScience/centralStation/DeployedCentralStation'
[LOG 23:10:01.860] PartLoader: Part 'SquadExpansion/Serenity/Parts/DeployedScience/centralStation/DeployedCentralStation' has no database record. Creating.
[LOG 23:10:01.860] [DragCubeSystem]: Drag cubes not found or cannot be read for part Part. Generating New drag cubes.
[LOG 23:10:01.860] [KSPCF/DragCubeGeneration] Creating drag cubes for part 'DeployedCentralStation'
[LOG 23:10:01.901] PartLoader: Compiling Part 'SquadExpansion/Serenity/Parts/DeployedScience/gooObservation/DeployedGoExOb'
[LOG 23:10:01.908] PartLoader: Part 'SquadExpansion/Serenity/Parts/DeployedScience/gooObservation/DeployedGoExOb' has no database record. Creating.
[LOG 23:10:01.908] [DragCubeSystem]: Drag cubes not found or cannot be read for part Part. Generating New drag cubes.
[LOG 23:10:01.908] [KSPCF/DragCubeGeneration] Creating drag cubes for part 'DeployedGoExOb'
[LOG 23:10:01.950] PartLoader: Compiling Part 'SquadExpansion/Serenity/Parts/DeployedScience/ionCollector/DeployedIONExp'
[LOG 23:10:01.953] PartLoader: Part 'SquadExpansion/Serenity/Parts/DeployedScience/ionCollector/DeployedIONExp' has no database record. Creating.
[LOG 23:10:01.953] [DragCubeSystem]: Drag cubes not found or cannot be read for part Part. Generating New drag cubes.
[LOG 23:10:01.953] [KSPCF/DragCubeGeneration] Creating drag cubes for part 'DeployedIONExp'
[LOG 23:10:01.973] PartLoader: Compiling Part 'SquadExpansion/Serenity/Parts/DeployedScience/rtg/DeployedRTG'
[LOG 23:10:01.979] PartLoader: Part 'SquadExpansion/Serenity/Parts/DeployedScience/rtg/DeployedRTG' has no database record. Creating.
[LOG 23:10:01.979] [DragCubeSystem]: Drag cubes not found or cannot be read for part Part. Generating New drag cubes.
[LOG 23:10:01.979] [KSPCF/DragCubeGeneration] Creating drag cubes for part 'DeployedRTG'
[LOG 23:10:01.998] PartLoader: Compiling Part 'SquadExpansion/Serenity/Parts/DeployedScience/satDish/DeployedSatDish'
[LOG 23:10:02.004] PartLoader: Part 'SquadExpansion/Serenity/Parts/DeployedScience/satDish/DeployedSatDish' has no database record. Creating.
[LOG 23:10:02.004] [DragCubeSystem]: Drag cubes not found or cannot be read for part Part. Generating New drag cubes.
[LOG 23:10:02.004] [KSPCF/DragCubeGeneration] Creating drag cubes for part 'DeployedSatDish'
[LOG 23:10:02.026] PartLoader: Compiling Part 'SquadExpansion/Serenity/Parts/DeployedScience/seismicSensor/DeployedSeismicSensor'
[LOG 23:10:02.029] PartLoader: Part 'SquadExpansion/Serenity/Parts/DeployedScience/seismicSensor/DeployedSeismicSensor' has no database record. Creating.
[LOG 23:10:02.029] [DragCubeSystem]: Drag cubes not found or cannot be read for part Part. Generating New drag cubes.
[LOG 23:10:02.029] [KSPCF/DragCubeGeneration] Creating drag cubes for part 'DeployedSeismicSensor'
[LOG 23:10:02.051] PartLoader: Compiling Part 'SquadExpansion/Serenity/Parts/DeployedScience/solarPanel/DeployedSolarPanel'
[LOG 23:10:02.054] PartLoader: Part 'SquadExpansion/Serenity/Parts/DeployedScience/solarPanel/DeployedSolarPanel' has no database record. Creating.
[LOG 23:10:02.054] [DragCubeSystem]: Drag cubes not found or cannot be read for part Part. Generating New drag cubes.
[LOG 23:10:02.054] [KSPCF/DragCubeGeneration] Creating drag cubes for part 'DeployedSolarPanel'
[LOG 23:10:02.075] PartLoader: Compiling Part 'SquadExpansion/Serenity/Parts/DeployedScience/weatherStation/DeployedWeatherStn'
[LOG 23:10:02.078] PartLoader: Part 'SquadExpansion/Serenity/Parts/DeployedScience/weatherStation/DeployedWeatherStn' has no database record. Creating.
[LOG 23:10:02.078] [DragCubeSystem]: Drag cubes not found or cannot be read for part Part. Generating New drag cubes.
[LOG 23:10:02.078] [KSPCF/DragCubeGeneration] Creating drag cubes for part 'DeployedWeatherStn'
[LOG 23:10:02.117] PartLoader: Compiling Part 'SquadExpansion/Serenity/Parts/Prebuilt/kerbalEVA/kerbalEVA'
[LOG 23:10:02.118] PartLoader: Compiling Part 'SquadExpansion/Serenity/Parts/Prebuilt/kerbalEVAfemale/kerbalEVAfemale'
[LOG 23:10:02.120] PartLoader: Compiling Part 'SquadExpansion/Serenity/Parts/Prebuilt/kerbalEVAfemaleFuture/kerbalEVAfemaleFuture'
[LOG 23:10:02.124] PartLoader: Compiling Part 'SquadExpansion/Serenity/Parts/Prebuilt/kerbalEVAfemaleVintage/kerbalEVAfemaleVintage'
[LOG 23:10:02.125] PartLoader: Compiling Part 'SquadExpansion/Serenity/Parts/Prebuilt/kerbalEVAFuture/kerbalEVAFuture'
[LOG 23:10:02.128] PartLoader: Compiling Part 'SquadExpansion/Serenity/Parts/Prebuilt/kerbalEVASlimSuit/kerbalEVASlimSuit'
[LOG 23:10:02.129] PartLoader: Compiling Part 'SquadExpansion/Serenity/Parts/Prebuilt/kerbalEVASlimSuitFemale/kerbalEVASlimSuitFemale'
[LOG 23:10:02.130] PartLoader: Compiling Part 'SquadExpansion/Serenity/Parts/Prebuilt/kerbalEVAVintage/kerbalEVAVintage'
[LOG 23:10:02.131] PartLoader: Compiling Part 'SquadExpansion/Serenity/Parts/Propellers/largeFanBlade/largeFanBlade'
[LOG 23:10:02.135] PartLoader: Part 'SquadExpansion/Serenity/Parts/Propellers/largeFanBlade/largeFanBlade' has no database record. Creating.
[LOG 23:10:02.135] [DragCubeSystem]: Drag cubes not found or cannot be read for part Part. Generating New drag cubes.
[LOG 23:10:02.135] [KSPCF/DragCubeGeneration] Creating drag cubes for part 'largeFanBlade'
[LOG 23:10:02.164] PartLoader: Compiling Part 'SquadExpansion/Serenity/Parts/Propellers/largeHeliBlade/largeHeliBlade'
[LOG 23:10:02.169] PartLoader: Part 'SquadExpansion/Serenity/Parts/Propellers/largeHeliBlade/largeHeliBlade' has no database record. Creating.
[LOG 23:10:02.169] [DragCubeSystem]: Drag cubes not found or cannot be read for part Part. Generating New drag cubes.
[LOG 23:10:02.169] [KSPCF/DragCubeGeneration] Creating drag cubes for part 'largeHeliBlade'
[LOG 23:10:02.197] PartLoader: Compiling Part 'SquadExpansion/Serenity/Parts/Propellers/largePropeller/largePropeller'
[LOG 23:10:02.201] PartLoader: Part 'SquadExpansion/Serenity/Parts/Propellers/largePropeller/largePropeller' has no database record. Creating.
[LOG 23:10:02.201] [DragCubeSystem]: Drag cubes not found or cannot be read for part Part. Generating New drag cubes.
[LOG 23:10:02.201] [KSPCF/DragCubeGeneration] Creating drag cubes for part 'largePropeller'
[LOG 23:10:02.228] PartLoader: Compiling Part 'SquadExpansion/Serenity/Parts/Propellers/mediumFanBlade/mediumFanBlade'
[LOG 23:10:02.232] PartLoader: Part 'SquadExpansion/Serenity/Parts/Propellers/mediumFanBlade/mediumFanBlade' has no database record. Creating.
[LOG 23:10:02.232] [DragCubeSystem]: Drag cubes not found or cannot be read for part Part. Generating New drag cubes.
[LOG 23:10:02.232] [KSPCF/DragCubeGeneration] Creating drag cubes for part 'mediumFanBlade'
[LOG 23:10:02.260] PartLoader: Compiling Part 'SquadExpansion/Serenity/Parts/Propellers/mediumHeliBlade/mediumHeliBlade'
[LOG 23:10:02.263] PartLoader: Part 'SquadExpansion/Serenity/Parts/Propellers/mediumHeliBlade/mediumHeliBlade' has no database record. Creating.
[LOG 23:10:02.263] [DragCubeSystem]: Drag cubes not found or cannot be read for part Part. Generating New drag cubes.
[LOG 23:10:02.263] [KSPCF/DragCubeGeneration] Creating drag cubes for part 'mediumHeliBlade'
[LOG 23:10:02.291] PartLoader: Compiling Part 'SquadExpansion/Serenity/Parts/Propellers/mediumPropeller/mediumPropeller'
[LOG 23:10:02.295] PartLoader: Part 'SquadExpansion/Serenity/Parts/Propellers/mediumPropeller/mediumPropeller' has no database record. Creating.
[LOG 23:10:02.295] [DragCubeSystem]: Drag cubes not found or cannot be read for part Part. Generating New drag cubes.
[LOG 23:10:02.295] [KSPCF/DragCubeGeneration] Creating drag cubes for part 'mediumPropeller'
[LOG 23:10:02.322] PartLoader: Compiling Part 'SquadExpansion/Serenity/Parts/Propellers/smallFanBlade/smallFanBlade'
[LOG 23:10:02.325] PartLoader: Part 'SquadExpansion/Serenity/Parts/Propellers/smallFanBlade/smallFanBlade' has no database record. Creating.
[LOG 23:10:02.325] [DragCubeSystem]: Drag cubes not found or cannot be read for part Part. Generating New drag cubes.
[LOG 23:10:02.325] [KSPCF/DragCubeGeneration] Creating drag cubes for part 'smallFanBlade'
[LOG 23:10:02.353] PartLoader: Compiling Part 'SquadExpansion/Serenity/Parts/Propellers/smallHeliBlade/smallHeliBlade'
[LOG 23:10:02.357] PartLoader: Part 'SquadExpansion/Serenity/Parts/Propellers/smallHeliBlade/smallHeliBlade' has no database record. Creating.
[LOG 23:10:02.357] [DragCubeSystem]: Drag cubes not found or cannot be read for part Part. Generating New drag cubes.
[LOG 23:10:02.357] [KSPCF/DragCubeGeneration] Creating drag cubes for part 'smallHeliBlade'
[LOG 23:10:02.385] PartLoader: Compiling Part 'SquadExpansion/Serenity/Parts/Propellers/smallPropeller/smallPropeller'
[LOG 23:10:02.388] PartLoader: Part 'SquadExpansion/Serenity/Parts/Propellers/smallPropeller/smallPropeller' has no database record. Creating.
[LOG 23:10:02.388] [DragCubeSystem]: Drag cubes not found or cannot be read for part Part. Generating New drag cubes.
[LOG 23:10:02.388] [KSPCF/DragCubeGeneration] Creating drag cubes for part 'smallPropeller'
[LOG 23:10:02.417] PartLoader: Compiling Part 'SquadExpansion/Serenity/Parts/Robotics/hinge_01/hinge_01'
[LOG 23:10:02.427] PartLoader: Part 'SquadExpansion/Serenity/Parts/Robotics/hinge_01/hinge_01' has no database record. Creating.
[LOG 23:10:02.427] [DragCubeSystem]: Drag cubes not found or cannot be read for part Part. Generating New drag cubes.
[LOG 23:10:02.427] [KSPCF/DragCubeGeneration] Creating drag cubes for part 'hinge.01'
[LOG 23:10:02.436] PartLoader: Compiling Part 'SquadExpansion/Serenity/Parts/Robotics/hinge_01_s/hinge_01_s'
[LOG 23:10:02.441] PartLoader: Part 'SquadExpansion/Serenity/Parts/Robotics/hinge_01_s/hinge_01_s' has no database record. Creating.
[LOG 23:10:02.441] [DragCubeSystem]: Drag cubes not found or cannot be read for part Part. Generating New drag cubes.
[LOG 23:10:02.441] [KSPCF/DragCubeGeneration] Creating drag cubes for part 'hinge.01.s'
[LOG 23:10:02.450] PartLoader: Compiling Part 'SquadExpansion/Serenity/Parts/Robotics/hinge_03/hinge_03'
[LOG 23:10:02.457] PartLoader: Part 'SquadExpansion/Serenity/Parts/Robotics/hinge_03/hinge_03' has no database record. Creating.
[LOG 23:10:02.457] PartLoader: Compiling Part 'SquadExpansion/Serenity/Parts/Robotics/hinge_03_s/hinge_03_s'
[LOG 23:10:02.463] PartLoader: Part 'SquadExpansion/Serenity/Parts/Robotics/hinge_03_s/hinge_03_s' has no database record. Creating.
[LOG 23:10:02.464] PartLoader: Compiling Part 'SquadExpansion/Serenity/Parts/Robotics/hinge_04/hinge_04'
[LOG 23:10:02.470] PartLoader: Part 'SquadExpansion/Serenity/Parts/Robotics/hinge_04/hinge_04' has no database record. Creating.
[LOG 23:10:02.470] PartLoader: Compiling Part 'SquadExpansion/Serenity/Parts/Robotics/piston_01/piston_01'
[LOG 23:10:02.479] PartLoader: Part 'SquadExpansion/Serenity/Parts/Robotics/piston_01/piston_01' has no database record. Creating.
[LOG 23:10:02.482] PartLoader: Compiling Part 'SquadExpansion/Serenity/Parts/Robotics/piston_02/piston_02'
[LOG 23:10:02.487] PartLoader: Part 'SquadExpansion/Serenity/Parts/Robotics/piston_02/piston_02' has no database record. Creating.
[LOG 23:10:02.487] PartLoader: Compiling Part 'SquadExpansion/Serenity/Parts/Robotics/piston_03/piston_03'
[LOG 23:10:02.491] PartLoader: Part 'SquadExpansion/Serenity/Parts/Robotics/piston_03/piston_03' has no database record. Creating.
[LOG 23:10:02.491] PartLoader: Compiling Part 'SquadExpansion/Serenity/Parts/Robotics/piston_04/piston_04'
[LOG 23:10:02.495] PartLoader: Part 'SquadExpansion/Serenity/Parts/Robotics/piston_04/piston_04' has no database record. Creating.
[LOG 23:10:02.495] PartLoader: Compiling Part 'SquadExpansion/Serenity/Parts/Robotics/RotorEngine_02/RotorEngine_02'
[LOG 23:10:02.501] PartLoader: Part 'SquadExpansion/Serenity/Parts/Robotics/RotorEngine_02/RotorEngine_02' has no database record. Creating.
[LOG 23:10:02.501] [DragCubeSystem]: Drag cubes not found or cannot be read for part Part. Generating New drag cubes.
[LOG 23:10:02.501] [KSPCF/DragCubeGeneration] Creating drag cubes for part 'RotorEngine.02'
[LOG 23:10:02.524] PartLoader: Compiling Part 'SquadExpansion/Serenity/Parts/Robotics/RotorEngine_03/RotorEngine_03'
[LOG 23:10:02.528] PartLoader: Part 'SquadExpansion/Serenity/Parts/Robotics/RotorEngine_03/RotorEngine_03' has no database record. Creating.
[LOG 23:10:02.528] [DragCubeSystem]: Drag cubes not found or cannot be read for part Part. Generating New drag cubes.
[LOG 23:10:02.528] [KSPCF/DragCubeGeneration] Creating drag cubes for part 'RotorEngine.03'
[LOG 23:10:02.537] PartLoader: Compiling Part 'SquadExpansion/Serenity/Parts/Robotics/rotor_01/rotor_01'
[LOG 23:10:02.545] PartLoader: Part 'SquadExpansion/Serenity/Parts/Robotics/rotor_01/rotor_01' has no database record. Creating.
[LOG 23:10:02.545] [DragCubeSystem]: Drag cubes not found or cannot be read for part Part. Generating New drag cubes.
[LOG 23:10:02.545] [KSPCF/DragCubeGeneration] Creating drag cubes for part 'rotor.01'
[LOG 23:10:02.554] PartLoader: Compiling Part 'SquadExpansion/Serenity/Parts/Robotics/rotor_01s/rotor_01s'
[LOG 23:10:02.559] PartLoader: Part 'SquadExpansion/Serenity/Parts/Robotics/rotor_01s/rotor_01s' has no database record. Creating.
[LOG 23:10:02.559] [DragCubeSystem]: Drag cubes not found or cannot be read for part Part. Generating New drag cubes.
[LOG 23:10:02.559] [KSPCF/DragCubeGeneration] Creating drag cubes for part 'rotor.01s'
[LOG 23:10:02.581] PartLoader: Compiling Part 'SquadExpansion/Serenity/Parts/Robotics/rotor_02/rotor_02'
[LOG 23:10:02.586] PartLoader: Part 'SquadExpansion/Serenity/Parts/Robotics/rotor_02/rotor_02' has no database record. Creating.
[LOG 23:10:02.586] [DragCubeSystem]: Drag cubes not found or cannot be read for part Part. Generating New drag cubes.
[LOG 23:10:02.586] [KSPCF/DragCubeGeneration] Creating drag cubes for part 'rotor.02'
[LOG 23:10:02.597] PartLoader: Compiling Part 'SquadExpansion/Serenity/Parts/Robotics/rotor_02s/rotor_02s'
[LOG 23:10:02.603] PartLoader: Part 'SquadExpansion/Serenity/Parts/Robotics/rotor_02s/rotor_02s' has no database record. Creating.
[LOG 23:10:02.603] [DragCubeSystem]: Drag cubes not found or cannot be read for part Part. Generating New drag cubes.
[LOG 23:10:02.603] [KSPCF/DragCubeGeneration] Creating drag cubes for part 'rotor.02s'
[LOG 23:10:02.611] PartLoader: Compiling Part 'SquadExpansion/Serenity/Parts/Robotics/rotor_03/rotor_03'
[LOG 23:10:02.618] PartLoader: Part 'SquadExpansion/Serenity/Parts/Robotics/rotor_03/rotor_03' has no database record. Creating.
[LOG 23:10:02.618] [DragCubeSystem]: Drag cubes not found or cannot be read for part Part. Generating New drag cubes.
[LOG 23:10:02.618] [KSPCF/DragCubeGeneration] Creating drag cubes for part 'rotor.03'
[LOG 23:10:02.625] PartLoader: Compiling Part 'SquadExpansion/Serenity/Parts/Robotics/rotor_03s/rotor_03s'
[LOG 23:10:02.635] PartLoader: Part 'SquadExpansion/Serenity/Parts/Robotics/rotor_03s/rotor_03s' has no database record. Creating.
[LOG 23:10:02.635] [DragCubeSystem]: Drag cubes not found or cannot be read for part Part. Generating New drag cubes.
[LOG 23:10:02.635] [KSPCF/DragCubeGeneration] Creating drag cubes for part 'rotor.03s'
[LOG 23:10:02.641] PartLoader: Compiling Part 'SquadExpansion/Serenity/Parts/Robotics/rotoServo_00/rotoServo_00'
[LOG 23:10:02.653] PartLoader: Part 'SquadExpansion/Serenity/Parts/Robotics/rotoServo_00/rotoServo_00' has no database record. Creating.
[LOG 23:10:02.653] [DragCubeSystem]: Drag cubes not found or cannot be read for part Part. Generating New drag cubes.
[LOG 23:10:02.653] [KSPCF/DragCubeGeneration] Creating drag cubes for part 'rotoServo.00'
[LOG 23:10:02.662] PartLoader: Compiling Part 'SquadExpansion/Serenity/Parts/Robotics/rotoServo_02/rotoServo_02'
[LOG 23:10:02.672] PartLoader: Part 'SquadExpansion/Serenity/Parts/Robotics/rotoServo_02/rotoServo_02' has no database record. Creating.
[LOG 23:10:02.672] [DragCubeSystem]: Drag cubes not found or cannot be read for part Part. Generating New drag cubes.
[LOG 23:10:02.672] [KSPCF/DragCubeGeneration] Creating drag cubes for part 'rotoServo.02'
[LOG 23:10:02.681] PartLoader: Compiling Part 'SquadExpansion/Serenity/Parts/Robotics/rotoServo_03/rotoServo_03'
[LOG 23:10:02.687] PartLoader: Part 'SquadExpansion/Serenity/Parts/Robotics/rotoServo_03/rotoServo_03' has no database record. Creating.
[LOG 23:10:02.687] [DragCubeSystem]: Drag cubes not found or cannot be read for part Part. Generating New drag cubes.
[LOG 23:10:02.687] [KSPCF/DragCubeGeneration] Creating drag cubes for part 'rotoServo.03'
[LOG 23:10:02.695] PartLoader: Compiling Part 'SquadExpansion/Serenity/Parts/Robotics/rotoServo_04/rotoServo_04'
[LOG 23:10:02.700] PartLoader: Part 'SquadExpansion/Serenity/Parts/Robotics/rotoServo_04/rotoServo_04' has no database record. Creating.
[LOG 23:10:02.700] [DragCubeSystem]: Drag cubes not found or cannot be read for part Part. Generating New drag cubes.
[LOG 23:10:02.700] [KSPCF/DragCubeGeneration] Creating drag cubes for part 'rotoServo.04'
[LOG 23:10:02.712] PartLoader: Compiling Part 'SquadExpansion/Serenity/Parts/Robotics/Controllers/KAL1000/controller1000'
[LOG 23:10:02.720] PartLoader: Part 'SquadExpansion/Serenity/Parts/Robotics/Controllers/KAL1000/controller1000' has no database record. Creating.
[LOG 23:10:02.720] [DragCubeSystem]: Drag cubes not found or cannot be read for part Part. Generating New drag cubes.
[LOG 23:10:02.721] [KSPCF/DragCubeGeneration] Creating drag cubes for part 'controller1000'
[LOG 23:10:02.730] PartLoader: Compiling Part 'SquadExpansion/Serenity/Parts/Science/RobotArmScanner/RobotArmScanner_S1/RobotArmScanner_S1'
[LOG 23:10:02.740] PartLoader: Part 'SquadExpansion/Serenity/Parts/Science/RobotArmScanner/RobotArmScanner_S1/RobotArmScanner_S1' has no database record. Creating.
[LOG 23:10:02.741] [DragCubeSystem]: Drag cubes not found or cannot be read for part Part. Generating New drag cubes.
[LOG 23:10:02.741] [KSPCF/DragCubeGeneration] Creating drag cubes for part 'RobotArmScanner.S1'
[LOG 23:10:02.777] PartLoader: Compiling Part 'SquadExpansion/Serenity/Parts/Science/RobotArmScanner/RobotArmScanner_S2/RobotArmScanner_S2'
[LOG 23:10:02.784] PartLoader: Part 'SquadExpansion/Serenity/Parts/Science/RobotArmScanner/RobotArmScanner_S2/RobotArmScanner_S2' has no database record. Creating.
[LOG 23:10:02.784] [DragCubeSystem]: Drag cubes not found or cannot be read for part Part. Generating New drag cubes.
[LOG 23:10:02.784] [KSPCF/DragCubeGeneration] Creating drag cubes for part 'RobotArmScanner.S2'
[LOG 23:10:02.818] PartLoader: Compiling Part 'SquadExpansion/Serenity/Parts/Science/RobotArmScanner/RobotArmScanner_S3/RobotArmScanner_S3'
[LOG 23:10:02.827] PartLoader: Part 'SquadExpansion/Serenity/Parts/Science/RobotArmScanner/RobotArmScanner_S3/RobotArmScanner_S3' has no database record. Creating.
[LOG 23:10:02.827] [DragCubeSystem]: Drag cubes not found or cannot be read for part Part. Generating New drag cubes.
[LOG 23:10:02.827] [KSPCF/DragCubeGeneration] Creating drag cubes for part 'RobotArmScanner.S3'
[LOG 23:10:02.861] PartLoader: Compiling Part 'SquadExpansion/Serenity/Parts/Structural/gripPads/lGripPad/lGripPad'
[LOG 23:10:02.867] PartLoader: Part 'SquadExpansion/Serenity/Parts/Structural/gripPads/lGripPad/lGripPad' has no database record. Creating.
[LOG 23:10:02.868] [DragCubeSystem]: Drag cubes not found or cannot be read for part Part. Generating New drag cubes.
[LOG 23:10:02.868] [KSPCF/DragCubeGeneration] Creating drag cubes for part 'lGripPad'
[LOG 23:10:02.886] PartLoader: Compiling Part 'SquadExpansion/Serenity/Parts/Structural/gripPads/lGripStrip/lGripStrip'
[LOG 23:10:02.889] PartLoader: Part 'SquadExpansion/Serenity/Parts/Structural/gripPads/lGripStrip/lGripStrip' has no database record. Creating.
[LOG 23:10:02.889] [DragCubeSystem]: Drag cubes not found or cannot be read for part Part. Generating New drag cubes.
[LOG 23:10:02.889] [KSPCF/DragCubeGeneration] Creating drag cubes for part 'lGripStrip'
[LOG 23:10:02.896] PartLoader: Compiling Part 'SquadExpansion/Serenity/Parts/Structural/gripPads/mGripPad/mGripPad'
[LOG 23:10:02.898] PartLoader: Part 'SquadExpansion/Serenity/Parts/Structural/gripPads/mGripPad/mGripPad' has no database record. Creating.
[LOG 23:10:02.898] [DragCubeSystem]: Drag cubes not found or cannot be read for part Part. Generating New drag cubes.
[LOG 23:10:02.898] [KSPCF/DragCubeGeneration] Creating drag cubes for part 'mGripPad'
[LOG 23:10:02.918] PartLoader: Compiling Part 'SquadExpansion/Serenity/Parts/Structural/gripPads/sGripPad/sGripPad'
[LOG 23:10:02.920] PartLoader: Part 'SquadExpansion/Serenity/Parts/Structural/gripPads/sGripPad/sGripPad' has no database record. Creating.
[LOG 23:10:02.920] [DragCubeSystem]: Drag cubes not found or cannot be read for part Part. Generating New drag cubes.
[LOG 23:10:02.920] [KSPCF/DragCubeGeneration] Creating drag cubes for part 'sGripPad'
[LOG 23:10:02.939] PartLoader: Compiling Part 'SquadExpansion/Serenity/Parts/Structural/gripPads/sGripStrip/sGripStrip'
[LOG 23:10:02.941] PartLoader: Part 'SquadExpansion/Serenity/Parts/Structural/gripPads/sGripStrip/sGripStrip' has no database record. Creating.
[LOG 23:10:02.942] [DragCubeSystem]: Drag cubes not found or cannot be read for part Part. Generating New drag cubes.
[LOG 23:10:02.942] [KSPCF/DragCubeGeneration] Creating drag cubes for part 'sGripStrip'
[LOG 23:10:02.951] PartLoader: Compiling Internal Prop 'Squad/Props/AltimeterThreeHands/prop/AltimeterThreeHands'
[LOG 23:10:02.954] PartLoader: Compiling Internal Prop 'Squad/Props/AtmosphereDepth/prop/AtmosphereDepth'
[LOG 23:10:02.955] PartLoader: Compiling Internal Prop 'Squad/Props/AxisIndicator/pitchConfig/AxisIndicatorPitch'
[LOG 23:10:02.955] PartLoader: Compiling Internal Prop 'Squad/Props/AxisIndicator/rollConfig/AxisIndicatorRoll'
[LOG 23:10:02.957] PartLoader: Compiling Internal Prop 'Squad/Props/AxisIndicator/yawConfig/AxisIndicatorYaw'
[LOG 23:10:02.957] PartLoader: Compiling Internal Prop 'Squad/Props/buttonsGeneric/circularButton/genericCircularButton'
[LOG 23:10:02.958] PartLoader: Compiling Internal Prop 'Squad/Props/buttonsGeneric/clusterButtons/genericClusterButtons'
[LOG 23:10:02.958] PartLoader: Compiling Internal Prop 'Squad/Props/buttonsGeneric/clusterButtons2/genericClusterButtons2'
[LOG 23:10:02.959] PartLoader: Compiling Internal Prop 'Squad/Props/buttonsGeneric/clusterKnob/genericClusterKnobs'
[LOG 23:10:02.959] PartLoader: Compiling Internal Prop 'Squad/Props/buttonsGeneric/clusterKnob2/genericClusterKnobs2'
[LOG 23:10:02.959] PartLoader: Compiling Internal Prop 'Squad/Props/buttonsGeneric/clusterMixed/genericClusterMixed'
[LOG 23:10:02.959] PartLoader: Compiling Internal Prop 'Squad/Props/buttonsGeneric/clusterSwitches01/genericClusterSwitches01'
[LOG 23:10:02.960] PartLoader: Compiling Internal Prop 'Squad/Props/buttonsGeneric/clusterSwitches02/genericClusterSwitches02'
[LOG 23:10:02.960] PartLoader: Compiling Internal Prop 'Squad/Props/buttonsGeneric/clusterSwitches03/genericClusterSwitches03'
[LOG 23:10:02.960] PartLoader: Compiling Internal Prop 'Squad/Props/buttonsGeneric/clusterSwitches04/genericClusterSwitches04'
[LOG 23:10:02.960] PartLoader: Compiling Internal Prop 'Squad/Props/buttonsGeneric/clusterSwitches05/genericClusterSwitches05'
[LOG 23:10:02.960] PartLoader: Compiling Internal Prop 'Squad/Props/buttonsGeneric/clusterSwitches06/genericClusterSwitches06'
[LOG 23:10:02.961] PartLoader: Compiling Internal Prop 'Squad/Props/buttonsGeneric/clusterSwitches07/genericClusterSwitches07'
[LOG 23:10:02.961] PartLoader: Compiling Internal Prop 'Squad/Props/buttonsGeneric/directionalKnob/genericDirectionalKnob'
[LOG 23:10:02.961] PartLoader: Compiling Internal Prop 'Squad/Props/buttonsGeneric/directionalKnob2/genericDirectionalKnob2'
[LOG 23:10:02.961] PartLoader: Compiling Internal Prop 'Squad/Props/buttonsGeneric/pullSwitch/genericPullSwitch'
[LOG 23:10:02.961] PartLoader: Compiling Internal Prop 'Squad/Props/buttonsGeneric/squareButton/genericSquareButton'
[LOG 23:10:02.962] PartLoader: Compiling Internal Prop 'Squad/Props/buttonsGeneric/standingSwitch/genericStandingSwitch'
[LOG 23:10:02.962] PartLoader: Compiling Internal Prop 'Squad/Props/buttonsGeneric/switch/genericSwitch'
[LOG 23:10:02.962] PartLoader: Compiling Internal Prop 'Squad/Props/buttonsGeneric/switchWithGuards/genericSwitchWithGuards'
[LOG 23:10:02.962] PartLoader: Compiling Internal Prop 'Squad/Props/ButtonSquare/prop/ButtonSquare'
[LOG 23:10:02.964] PartLoader: Compiling Internal Prop 'Squad/Props/circularButton/prop/circularButton'
[LOG 23:10:02.964] PartLoader: Compiling Internal Prop 'Squad/Props/Compass/prop/Compass'
[LOG 23:10:02.965] PartLoader: Compiling Internal Prop 'Squad/Props/directionalKnob/prop/directionalKnob'
[LOG 23:10:02.965] PartLoader: Compiling Internal Prop 'Squad/Props/directionalKnob2/prop/directionalKnob2'
[LOG 23:10:02.965] PartLoader: Compiling Internal Prop 'Squad/Props/IndicatorPanel/prop/IndicatorPanel'
[LOG 23:10:02.967] PartLoader: Compiling Internal Prop 'Squad/Props/IVANavBall/prop/NavBall'
[LOG 23:10:02.969] PartLoader: Compiling Internal Prop 'Squad/Props/IVANavBallNoBase/prop/NavBallNoBase'
[LOG 23:10:02.969] PartLoader: Compiling Internal Prop 'Squad/Props/ledPanelSpeed/prop/ledPanelSpeed'
[LOG 23:10:02.971] PartLoader: Compiling Internal Prop 'Squad/Props/Monitor/DockingMode/MonitorDockingMode'
[LOG 23:10:02.971] PartLoader: Compiling Internal Prop 'Squad/Props/NavBall/prop/NavBall'
[LOG 23:10:02.971] PartLoader: Compiling Internal Prop 'Squad/Props/PropsGeneric/Button_DockingMode/Button_DockingMode'
[LOG 23:10:02.972] PartLoader: Compiling Internal Prop 'Squad/Props/PropsGeneric/CargoBagA/CargoBagA'
[LOG 23:10:02.972] PartLoader: Compiling Internal Prop 'Squad/Props/PropsGeneric/CargoBagB/CargoBagB'
[LOG 23:10:02.972] PartLoader: Compiling Internal Prop 'Squad/Props/PropsGeneric/CargoBagC/CargoBagC'
[LOG 23:10:02.972] PartLoader: Compiling Internal Prop 'Squad/Props/PropsGeneric/Hatch_Plane/Hatch_Plane'
[LOG 23:10:02.973] PartLoader: Compiling Internal Prop 'Squad/Props/PropsGeneric/Hatch_Plane_Curve90/Hatch_Plane_Curve90'
[LOG 23:10:02.973] PartLoader: Compiling Internal Prop 'Squad/Props/PropsGeneric/Hatch_Plane_Frame/Hatch_Plane_Frame'
[LOG 23:10:02.973] PartLoader: Compiling Internal Prop 'Squad/Props/PropsGeneric/Seat_Passenger/Seat_Passenger'
[LOG 23:10:02.973] PartLoader: Compiling Internal Prop 'Squad/Props/PropsGeneric/Seat_Pilot/Seat_Pilot'
[LOG 23:10:02.973] PartLoader: Compiling Internal Prop 'Squad/Props/PropsGeneric/Seat_Pilot_Helmet/Seat_Pilot_Helmet'
[LOG 23:10:02.974] PartLoader: Compiling Internal Prop 'Squad/Props/PropsGeneric/SideStick/SideStick'
[LOG 23:10:02.974] PartLoader: Compiling Internal Prop 'Squad/Props/pullSwitch/prop/pullSwitch'
[LOG 23:10:02.974] PartLoader: Compiling Internal Prop 'Squad/Props/radarAltitude/prop/RadarAltimeter'
[LOG 23:10:02.975] PartLoader: Compiling Internal Prop 'Squad/Props/squareButton/prop/squareButton'
[LOG 23:10:02.975] PartLoader: Compiling Internal Prop 'Squad/Props/standingSwitch/prop/standingSwitch'
[LOG 23:10:02.975] PartLoader: Compiling Internal Prop 'Squad/Props/switch/prop/switch'
[LOG 23:10:02.976] PartLoader: Compiling Internal Prop 'Squad/Props/switchGuard/prop/switchGuard'
[LOG 23:10:02.976] PartLoader: Compiling Internal Prop 'Squad/Props/switchWithGuards/prop/switchWithGuards'
[LOG 23:10:02.976] PartLoader: Compiling Internal Prop 'Squad/Props/throttle/prop/throttle'
[LOG 23:10:02.977] PartLoader: Compiling Internal Prop 'Squad/Props/VSI/prop/VSI'
[LOG 23:10:02.977] PartLoader: Compiling Internal Space 'Squad/Spaces/crewCabinInternals/internal/crewCabinInternals'
[LOG 23:10:02.982] PartLoader: Compiling Internal Space 'Squad/Spaces/cupolaInternal/internal/cupolaInternal'
[LOG 23:10:02.989] PartLoader: Compiling Internal Space 'Squad/Spaces/GenericSpace1/internal/GenericSpace1'
[LOG 23:10:02.990] PartLoader: Compiling Internal Space 'Squad/Spaces/GenericSpace3/internal/GenericSpace3'
[LOG 23:10:02.991] PartLoader: Compiling Internal Space 'Squad/Spaces/landerCabinInternals/internal/landerCabinInternals'
[LOG 23:10:02.992] PartLoader: Compiling Internal Space 'Squad/Spaces/landerCabinSmallInternal/internal/landerCabinSmallInternal'
[LOG 23:10:02.994] PartLoader: Compiling Internal Space 'Squad/Spaces/LargeCrewedLabInternals/internal/Mobile_Processing_Lab_Int'
[LOG 23:10:02.994] PartLoader: Compiling Internal Space 'Squad/Spaces/Mk1-3/internal/Mk1-3'
[LOG 23:10:02.998] PartLoader: Compiling Internal Space 'Squad/Spaces/mk1CabinInternal/internal/mk1CabinInternal'
[LOG 23:10:03.000] PartLoader: Compiling Internal Space 'Squad/Spaces/mk1CockpitInternal/internal/mk1CockpitInternal'
[LOG 23:10:03.004] PartLoader: Compiling Internal Space 'Squad/Spaces/mk1InlineInternal/internal/mk1InlineInternal'
[LOG 23:10:03.006] PartLoader: Compiling Internal Space 'Squad/Spaces/mk1PodCockpit/internal/mk1PodCockpit'
[LOG 23:10:03.007] PartLoader: Compiling Internal Space 'Squad/Spaces/mk1pod_IVA/mk1pod_Internal/mk1pod_IVA'
[LOG 23:10:03.010] PartLoader: Compiling Internal Space 'Squad/Spaces/mk2CockpitStandardInternal/internal/mk2CockpitStandardInternals'
[LOG 23:10:03.014] PartLoader: Compiling Internal Space 'Squad/Spaces/Mk2CrewCabinInternal/internal_MK2_CrewCab/MK2_CrewCab_Int'
[LOG 23:10:03.016] PartLoader: Compiling Internal Space 'Squad/Spaces/mk2InlineInternal/internal/mk2InlineInternal'
[LOG 23:10:03.019] PartLoader: Compiling Internal Space 'Squad/Spaces/mk2LanderCanInternal/internal/mk2LanderCanInternal'
[LOG 23:10:03.022] PartLoader: Compiling Internal Space 'Squad/Spaces/MK3CockpitInternal/internal_MK3/MK3_Cockpit_Int'
[LOG 23:10:03.028] PartLoader: Compiling Internal Space 'Squad/Spaces/MK3_CrewCab_Int/internal_MK3_CrewCab/MK3_CrewCab_Int'
[LOG 23:10:03.029] InternalSeat: Cannot find portraitCamera of name 'Camera_Left003'
[LOG 23:10:03.032] PartLoader: Compiling Internal Space 'Squad/Spaces/Placeholder/internal/Placeholder'
[LOG 23:10:03.035] PartLoader: Compiling Internal Space 'Squad/Spaces/PodCockpit/internal/PodCockpit'
[LOG 23:10:03.038] PartLoader: Compiling Internal Space 'SquadExpansion/MakingHistory/Spaces/KVPods/Airlock_Internal/Airlock_IVA'
[LOG 23:10:03.038] PartLoader: Compiling Internal Space 'SquadExpansion/MakingHistory/Spaces/KVPods/KV1_Internal/KV1_IVA'
[LOG 23:10:03.040] PartLoader: Compiling Internal Space 'SquadExpansion/MakingHistory/Spaces/KVPods/KV2_Internal/KV2_IVA'
[LOG 23:10:03.042] PartLoader: Compiling Internal Space 'SquadExpansion/MakingHistory/Spaces/KVPods/KV3_Internal/KV3_IVA'
[LOG 23:10:03.045] PartLoader: Compiling Internal Space 'SquadExpansion/MakingHistory/Spaces/MEM/MEM_IVA/MEM_IVA'
[LOG 23:10:03.050] PartLoader: Compiling Internal Space 'SquadExpansion/MakingHistory/Spaces/Mk2Pod/Mk2Pod_Internal/MK2POD_IVA'
[LOG 23:10:03.100] Assets:
[LOG 23:10:03.100] anim_missionsapp_idle.anim
[LOG 23:10:03.100] anim_missionsapp_idle_warning.anim
[LOG 23:10:03.100] anim_missionsapp_warning.anim
[LOG 23:10:03.100] anim_missionssapp.anim
[LOG 23:10:03.100] animcontroller_missionsappmaster.controller
[LOG 23:10:03.100] app_bg.tif
[LOG 23:10:03.100] app_bottom_gray.tif
[LOG 23:10:03.100] app_divider_pulldown_body.tif
[LOG 23:10:03.100] app_divider_pulldown_footer.tif
[LOG 23:10:03.100] app_divider_pulldown_header.tif
[LOG 23:10:03.100] app_divider_pulldown_header_over.tif
[LOG 23:10:03.100] app_header_gray.tif
[LOG 23:10:03.100] app_missions_icon_active.tif
[LOG 23:10:03.100] app_missions_icon_complete.tif
[LOG 23:10:03.100] app_missions_icon_failed.tif
[LOG 23:10:03.100] app_missions_icon_inactive.tif
[LOG 23:10:03.100] spritesheet_missionsapp.tif
[LOG 23:10:03.100] spritesheet_missionsappwarning.tif
[LOG 23:10:03.100] missionbriefingdialog.prefab
[LOG 23:10:03.100] missionbriefingtag.prefab
[LOG 23:10:03.100] awardwidget.prefab
[LOG 23:10:03.100] missionenddialog.prefab
[LOG 23:10:03.100] missionitemwidget.prefab
[LOG 23:10:03.101] missionplaybutton.prefab
[LOG 23:10:03.101] missionplaydialog.prefab
[LOG 23:10:03.101] missionsteamitemwidget.prefab
[LOG 23:10:03.101] missionvalidationdialog.prefab
[LOG 23:10:03.101] validationentry.prefab
[LOG 23:10:03.101] comettoken.fbx
[LOG 23:10:03.101] comettoken.jpg
[LOG 23:10:03.101] placementegizmo_comet.mat
[LOG 23:10:03.101] placementegizmo_comet_tail.mat
[LOG 23:10:03.101] femalevintagepreview.prefab
[LOG 23:10:03.101] malevintagepreview.prefab
[LOG 23:10:03.101] checkpointentrywidget.prefab
[LOG 23:10:03.101] crewmanagementdialog.prefab
[LOG 23:10:03.101] listitem_vesseltitle.prefab
[LOG 23:10:03.101] missionbrowser.prefab
[LOG 23:10:03.101] missioncheckpointbrowser.prefab
[LOG 23:10:03.101] missioncrewlistitem.prefab
[LOG 23:10:03.101] missionentrywidget.prefab
[LOG 23:10:03.101] missiontemplateentrywidget.prefab
[LOG 23:10:03.101] partcategorizerbutton.prefab
[LOG 23:10:03.101] partselectorbrowser.prefab
[LOG 23:10:03.101] partselectorentry.prefab
[LOG 23:10:03.101] gaputil_vesselframe.prefab
[LOG 23:10:03.101] meguiconnector.prefab
[LOG 23:10:03.101] meguinode.prefab
[LOG 23:10:03.101] meguinodecategorybutton.prefab
[LOG 23:10:03.101] meguinodeicon.prefab
[LOG 23:10:03.101] meguinodeicongroup.prefab
[LOG 23:10:03.101] meguiscrollviewitem.prefab
[LOG 23:10:03.101] meiconloaderbasicnode.prefab
[LOG 23:10:03.101] meiconloadergap.prefab
[LOG 23:10:03.101] meiconloadernodecategorizer.prefab
[LOG 23:10:03.101] menodecanvas.prefab
[LOG 23:10:03.101] missioneditorscreen.prefab
[LOG 23:10:03.101] nodelisttooltip.prefab
[LOG 23:10:03.101] nodelisttooltipextinfolistspacer.prefab
[LOG 23:10:03.101] orbitgizmo.prefab
[LOG 23:10:03.101] biomeshighlight.shader
[LOG 23:10:03.102] projector-surfacegizmo.shader
[LOG 23:10:03.102] scaledplanetbiomeshighlight.shader
[LOG 23:10:03.102] sprites-alwaysover.shader
[LOG 23:10:03.102] ui-unlit-infinite.shader
[LOG 23:10:03.102] ui-unlit-solid.shader
[LOG 23:10:03.102] assetgraph_connectionpoint_inputmark.png
[LOG 23:10:03.102] assetgraph_inputbg.png
[LOG 23:10:03.102] boldly.png
[LOG 23:10:03.102] carpool.png
[LOG 23:10:03.102] frugal.png
[LOG 23:10:03.102] homesick.png
[LOG 23:10:03.102] keys.png
[LOG 23:10:03.102] saint.png
[LOG 23:10:03.102] sinner.png
[LOG 23:10:03.102] thespot.png
[LOG 23:10:03.102] timekeeper.png
[LOG 23:10:03.102] helmetbronze.png
[LOG 23:10:03.102] helmetgold.png
[LOG 23:10:03.102] helmetsilver.png
[LOG 23:10:03.102] action-part-resource-drain.png
[LOG 23:10:03.102] change-part-resource-levels.png
[LOG 23:10:03.102] create-asteroid.png
[LOG 23:10:03.102] create-kerbal.png
[LOG 23:10:03.102] create-vessel.png
[LOG 23:10:03.102] crew-assignment.png
[LOG 23:10:03.102] dialog-message.png
[LOG 23:10:03.102] display-message.png
[LOG 23:10:03.102] fail-part.png
[LOG 23:10:03.102] fly-through.png
[LOG 23:10:03.102] funds-recovery.png
[LOG 23:10:03.102] generic-node.png
[LOG 23:10:03.102] go-to.png
[LOG 23:10:03.102] kerbal-boarded.png
[LOG 23:10:03.102] kerbal-recovery.png
[LOG 23:10:03.102] kerbal-rescue.png
[LOG 23:10:03.102] launch-site.png
[LOG 23:10:03.102] leave-soi.png
[LOG 23:10:03.102] orbit.png
[LOG 23:10:03.102] part-explode.png
[LOG 23:10:03.102] plant-flag.png
[LOG 23:10:03.102] reach-soi.png
[LOG 23:10:03.102] repair-part.png
[LOG 23:10:03.102] resource-amount.png
[LOG 23:10:03.102] resource-recovery.png
[LOG 23:10:03.102] science-experiment.png
[LOG 23:10:03.102] score.png
[LOG 23:10:03.103] take-tourist.png
[LOG 23:10:03.103] test-altitude.png
[LOG 23:10:03.103] test-eva.png
[LOG 23:10:03.103] test-grapple.png
[LOG 23:10:03.103] time-of-flight.png
[LOG 23:10:03.103] time-of-mission.png
[LOG 23:10:03.103] time-since-node.png
[LOG 23:10:03.103] vessel-crashed.png
[LOG 23:10:03.103] vessel-crew-count.png
[LOG 23:10:03.103] vessel-explode.png
[LOG 23:10:03.103] vessel-flying.png
[LOG 23:10:03.103] vessel-landed.png
[LOG 23:10:03.103] vessel-mass.png
[LOG 23:10:03.103] vessel-splashed.png
[LOG 23:10:03.103] vessel-stage-activated.png
[LOG 23:10:03.103] vessel-stage.png
[LOG 23:10:03.103] arrange-graph.png
[LOG 23:10:03.103] builderbuttons_briefing.png
[LOG 23:10:03.103] builderbuttons_reset.png
[LOG 23:10:03.103] builderbuttons_trackingstation.png
[LOG 23:10:03.103] frame-graph.png
[LOG 23:10:03.103] lock.png
[LOG 23:10:03.103] maximize.png
[LOG 23:10:03.103] minimize.png
[LOG 23:10:03.103] pin.png
[LOG 23:10:03.103] pin_down.png
[LOG 23:10:03.103] redo.png
[LOG 23:10:03.103] reset.png
[LOG 23:10:03.103] tracking-station.png
[LOG 23:10:03.103] undo.png
[LOG 23:10:03.103] visible-in-gap.png
[LOG 23:10:03.103] location.png
[LOG 23:10:03.103] logic.png
[LOG 23:10:03.103] science.png
[LOG 23:10:03.103] utility.png
[LOG 23:10:03.103] vessel.png
[LOG 23:10:03.103] eye.png
[LOG 23:10:03.103] iconmb.png
[LOG 23:10:03.103] me_btn_generic_normal.tif
[LOG 23:10:03.103] me_button_generic_normal.tif
[LOG 23:10:03.103] nodecat_bg.png
[LOG 23:10:03.103] nodecat_divider.tif
[LOG 23:10:03.103] nodecat_divider_bottom.tif
[LOG 23:10:03.103] pholderwarningicon.png
[LOG 23:10:03.103] reseticon.png
[LOG 23:10:03.103] validityindicator.controller
[LOG 23:10:03.103] validtyinidicatorpulse.anim
[LOG 23:10:03.104] broadorbittoggle button.png
[LOG 23:10:03.104] maneuvertoggle button.png
[LOG 23:10:03.104] orbitalgizmoicons.png
[LOG 23:10:03.104] reset orbit button.png
[LOG 23:10:03.104] nodelabel.prefab
[LOG 23:10:03.104] kerbaleva_female_exp.prefab
[LOG 23:10:03.104] kerbaleva_rd_exp.prefab
[LOG 23:10:03.104] missioneditorevabody.mat
[LOG 23:10:03.104] missioneditorevabodyalternate.mat
[LOG 23:10:03.104] missioneditorevabodybrown.mat
[LOG 23:10:03.104] missioneditorevaeyeballs.mat
[LOG 23:10:03.104] missioneditorevaeyes.mat
[LOG 23:10:03.104] missioneditorevahead.mat
[LOG 23:10:03.104] missioneditorevahelmet.mat
[LOG 23:10:03.104] missioneditorevahelmetred.mat
[LOG 23:10:03.104] missioneditorevajetpack.mat
[LOG 23:10:03.104] missioneditorevalight.mat
[LOG 23:10:03.104] kbevafemalevintage.prefab
[LOG 23:10:03.104] kbevavintage.prefab
[LOG 23:10:03.104] evalight.fbx
[LOG 23:10:03.104] kbeva@new.fbx
[LOG 23:10:03.104] kbeva@newfem.fbx
[LOG 23:10:03.104] mevahelmetlight.fbx
[LOG 23:10:03.104] evajetpackscondary.dds
[LOG 23:10:03.104] evajetpacksecondary_n.dds
[LOG 23:10:03.104] evalight.png
[LOG 23:10:03.104] kerbalmainnrm.dds
[LOG 23:10:03.104] me_suit_difuse_blue.dds
[LOG 23:10:03.104] me_suit_difuse_low_polybrown.dds
[LOG 23:10:03.104] me_suit_difuse_orange.dds
[LOG 23:10:03.104] kerbalfemalevintage.prefab
[LOG 23:10:03.104] kerbalmalevintage.prefab
[LOG 23:10:03.104] evahelmet.mat
[LOG 23:10:03.104] evatexture.mat
[LOG 23:10:03.104] kerbalgirl_06_basecolor.mat
[LOG 23:10:03.104] kerbalhead.mat
[LOG 23:10:03.104] lambert6.mat
[LOG 23:10:03.104] mat_eyeballs.mat
[LOG 23:10:03.104] mat_eyes01.mat
[LOG 23:10:03.104] material #4.mat
[LOG 23:10:03.104] mesh_female_kerbalastronaut01_kerbalgirl_export_15_lambert20.mat
[LOG 23:10:03.104] mesh_female_kerbalastronaut01_kerbalgirl_export_15_lambert21.mat
[LOG 23:10:03.104] kbfemale_iva_mecanim.fbx
[LOG 23:10:03.104] kbiva_mecanim.fbx
[LOG 23:10:03.104] kerbalicon_eva_female_vintage.tif
[LOG 23:10:03.104] kerbalicon_eva_vintage.tif
[LOG 23:10:03.104] kerbalicon_suit_female_vintage.tif
[LOG 23:10:03.104] kerbalicon_suit_orange_female_vintage.tif
[LOG 23:10:03.104] kerbalicon_suit_orange_vintage.tif
[LOG 23:10:03.105] kerbalicon_suit_vintage.tif
[LOG 23:10:03.105] gap_celestialbody_camerasetup.prefab
[LOG 23:10:03.105] gap_celestialbody_collisionsphere.prefab
[LOG 23:10:03.105] gap_celestialbody_surfacegizmo_area.prefab
[LOG 23:10:03.105] gap_celestialbody_surfacegizmo_basic.prefab
[LOG 23:10:03.105] gap_celestialbody_surfacegizmo_icon.prefab
[LOG 23:10:03.105] gap_celestialbody_surfacegizmo_vessel.prefab
[LOG 23:10:03.105] gap_celestialbody_surfacegizmo_volume.prefab
[LOG 23:10:03.105] gap_proceduralasteroid.prefab
[LOG 23:10:03.105] gap_proceduralcomet.prefab
[LOG 23:10:03.105] gapbuttonprefab.prefab
[LOG 23:10:03.105] gapkerbal_femaleveteran.prefab
[LOG 23:10:03.105] gapkerbal_femaleveteran_vintage.prefab
[LOG 23:10:03.105] gapkerbal_male_slimsuit.prefab
[LOG 23:10:03.105] gapkerbal_maleveteran.prefab
[LOG 23:10:03.105] gapkerbal_maleveteran_vintage.prefab
[LOG 23:10:03.105] gapscrollablesidebarbutton.prefab
[LOG 23:10:03.105] gapsidebarbutton.prefab
[LOG 23:10:03.105] gaptoggleprefab.prefab
[LOG 23:10:03.105] gaputil_biselector.prefab
[LOG 23:10:03.105] gaputil_celestialbody.prefab
[LOG 23:10:03.105] vesseldisplay_camerasetup.prefab
[LOG 23:10:03.105] desert_airfield.prefab
[LOG 23:10:03.105] desert_groundobjects.prefab
[LOG 23:10:03.105] desert_launch_site.prefab
[LOG 23:10:03.105] larkes.prefab
[LOG 23:10:03.105] floor bottom.mat
[LOG 23:10:03.105] floor top.mat
[LOG 23:10:03.105] legs.mat
[LOG 23:10:03.105] ramp.mat
[LOG 23:10:03.105] stairs grid lights pivot.mat
[LOG 23:10:03.105] supports 1.mat
[LOG 23:10:03.105] supports 2.mat
[LOG 23:10:03.105] tunnels.mat
[LOG 23:10:03.105] floor bottom.dds
[LOG 23:10:03.105] floor top.dds
[LOG 23:10:03.105] floor top_normal.dds
[LOG 23:10:03.105] legs.dds
[LOG 23:10:03.105] ramp.dds
[LOG 23:10:03.105] stairs grid lights pivot.dds
[LOG 23:10:03.105] supports 1.dds
[LOG 23:10:03.105] supports 2.dds
[LOG 23:10:03.105] tunnels.dds
[LOG 23:10:03.105] diffuse.mat
[LOG 23:10:03.105] floor bottom_base_color.mat
[LOG 23:10:03.105] floor top_base_color.mat
[LOG 23:10:03.105] legs_base_color.mat
[LOG 23:10:03.106] ramp_base_color.mat
[LOG 23:10:03.106] stairs grid lights pivot_base_colormodpsd.mat
[LOG 23:10:03.106] stairs_grid_lights_pivot_base_color.mat
[LOG 23:10:03.106] supports 1_base_color.mat
[LOG 23:10:03.106] supports 2_base_color.mat
[LOG 23:10:03.106] tunnels_base_color.mat
[LOG 23:10:03.106] mobilelaunchpad_19.fbx
[LOG 23:10:03.106] pontoons.fbx
[LOG 23:10:03.106] pontoons_diffuse.dds
[LOG 23:10:03.106] ramp_normal.png
[LOG 23:10:03.106] 1001_base_color.mat
[LOG 23:10:03.106] desert groundtransition.mat
[LOG 23:10:03.106] desert groundtransition_highquality.mat
[LOG 23:10:03.106] desert groundtransition_lowquality.mat
[LOG 23:10:03.106] desert groundtransition_mediumquality.mat
[LOG 23:10:03.106] desert groundtransition_ultraquality.mat
[LOG 23:10:03.106] desert runway sand.mat
[LOG 23:10:03.106] desert runway stone.mat
[LOG 23:10:03.106] mobilelaunchpad.prefab
[LOG 23:10:03.106] woomerang_groundobjects.prefab
[LOG 23:10:03.106] woomerang_launch_site.prefab
[LOG 23:10:03.106] Scenes:
[LOG 23:10:03.106] kspMissionEditor.unity
[LOG 23:10:07.917] Assets:
[LOG 23:10:07.917] appanim_missionsapp.prefab
[LOG 23:10:07.917] cascading_body_missionheader.prefab
[LOG 23:10:07.917] cascading_body_missioninfo.prefab
[LOG 23:10:07.917] cascading_body_missionobjective.prefab
[LOG 23:10:07.917] cascading_body_missionsvesselheader.prefab
[LOG 23:10:07.917] cascading_body_missionsvesselitem.prefab
[LOG 23:10:07.917] cascading_body_settingsbutton.prefab
[LOG 23:10:07.917] cascading_body_settingstoggle.prefab
[LOG 23:10:07.917] missionsapp.prefab
[LOG 23:10:07.917] axislimitline.prefab
[LOG 23:10:07.917] controlleraction.prefab
[LOG 23:10:07.917] controlleraxis.prefab
[LOG 23:10:07.917] controllerwindow.prefab
[LOG 23:10:07.917] curvepanelpoint.prefab
[LOG 23:10:07.917] curvepanelpointaction.prefab
[LOG 23:10:07.917] axis_align_ends.png
[LOG 23:10:07.917] axis_clamp_values.png
[LOG 23:10:07.917] axis_copy.png
[LOG 23:10:07.917] axis_flip_horizontal.png
[LOG 23:10:07.917] axis_flip_vertical.png
[LOG 23:10:07.917] axis_move_down-trackrow.png
[LOG 23:10:07.917] axis_move_down.png
[LOG 23:10:07.917] axis_move_up-trackrow.png
[LOG 23:10:07.917] axis_move_up.png
[LOG 23:10:07.917] axis_paste.png
[LOG 23:10:07.917] axis_preset_flat.png
[LOG 23:10:07.917] axis_preset_sawtooth.png
[LOG 23:10:07.917] axis_preset_sine.png
[LOG 23:10:07.917] axis_preset_square.png
[LOG 23:10:07.917] axis_preset_triangle.png
[LOG 23:10:07.917] axis_select_all.png
[LOG 23:10:07.917] background_squared_inset.png
[LOG 23:10:07.917] close.png
[LOG 23:10:07.917] direction_forward.png
[LOG 23:10:07.917] direction_reverse.png
[LOG 23:10:07.918] edit.png
[LOG 23:10:07.918] fieldlimitline.png
[LOG 23:10:07.918] keyframe_add.png
[LOG 23:10:07.918] keyframe_clamp_value.png
[LOG 23:10:07.918] keyframe_delete.png
[LOG 23:10:07.918] keyframe_linear.png
[LOG 23:10:07.918] keyframe_smooth.png
[LOG 23:10:07.918] keyframe_step_backward.png
[LOG 23:10:07.918] keyframe_step_forward.png
[LOG 23:10:07.918] line.png
[LOG 23:10:07.918] line_dashed.png
[LOG 23:10:07.918] loop_pingpong.png
[LOG 23:10:07.918] loop_playonce.png
[LOG 23:10:07.918] loop_repeat.png
[LOG 23:10:07.918] node.png
[LOG 23:10:07.918] node_circle.png
[LOG 23:10:07.918] node_square.png
[LOG 23:10:07.918] pause.png
[LOG 23:10:07.918] play.png
[LOG 23:10:07.918] pointer.png
[LOG 23:10:07.918] remove-axis.png
[LOG 23:10:07.918] remove_key.png
[LOG 23:10:07.918] resize_icon.png
[LOG 23:10:07.918] sequence_resize_button_states.png
[LOG 23:10:07.918] sequence_resize_maintain.png
[LOG 23:10:07.918] sequence_resize_scale.png
[LOG 23:10:07.918] sequence_speed.png
[LOG 23:10:07.918] tracking_editor_button_states.png
[LOG 23:10:07.918] femalefuturepreview.prefab
[LOG 23:10:07.918] malefuturepreview.prefab
[LOG 23:10:07.918] kbfemale@controlpanel_a.fbx
[LOG 23:10:07.918] kbfemale@controlpanel_b.fbx
[LOG 23:10:07.918] kbfemale@controlpanel_c.fbx
[LOG 23:10:07.918] kbfemale@rocksample.fbx
[LOG 23:10:07.918] hammerfemale.fbx
[LOG 23:10:07.918] hammermale.fbx
[LOG 23:10:07.918] kbeva@controlpanel_a.fbx
[LOG 23:10:07.918] kbeva@controlpanel_b.fbx
[LOG 23:10:07.918] kbeva@controlpanel_c.fbx
[LOG 23:10:07.918] kbeva@rocksample.fbx
[LOG 23:10:07.918] kerbaleva_female_future.prefab
[LOG 23:10:07.918] kerbaleva_rd_future.prefab
[LOG 23:10:07.918] futureevabody.mat
[LOG 23:10:07.918] futureevabodyalternate.mat
[LOG 23:10:07.918] futureevajetpack.mat
[LOG 23:10:07.918] futureevalight.mat
[LOG 23:10:07.918] futurehelmet.mat
[LOG 23:10:07.919] kbevafemalefuture.prefab
[LOG 23:10:07.919] kbevafuture.prefab
[LOG 23:10:07.919] kbeva@new.fbx
[LOG 23:10:07.919] kbeva@newfem.fbx
[LOG 23:10:07.919] mevahelmetlight.fbx
[LOG 23:10:07.919] serenityfemaleeva.fbx
[LOG 23:10:07.919] serenityflares.fbx
[LOG 23:10:07.919] serenitymaleeva.fbx
[LOG 23:10:07.919] evajetpacknrm.dds
[LOG 23:10:07.919] futuresuit_diffuse_orange.dds
[LOG 23:10:07.919] futuresuit_diffuse_whiteblue.dds
[LOG 23:10:07.919] futuresuit_diffuse_whiteorange.dds
[LOG 23:10:07.919] futuresuit_emissive.dds
[LOG 23:10:07.919] futuresuit_evalight.png
[LOG 23:10:07.919] futuresuitmainnrm.dds
[LOG 23:10:07.919] ksp_ig_jetpack_diffuse.jpg
[LOG 23:10:07.919] kerbalfemalefuture.prefab
[LOG 23:10:07.919] kerbalmalefuture.prefab
[LOG 23:10:07.919] futuresuit_diffuse.mat
[LOG 23:10:07.919] serenityfemaleiva.fbx
[LOG 23:10:07.919] serenitymaleiva.fbx
[LOG 23:10:07.919] kerbalicon_eva_female_future.tif
[LOG 23:10:07.919] kerbalicon_eva_future.tif
[LOG 23:10:07.919] kerbalicon_suit_female_future.tif
[LOG 23:10:07.919] kerbalicon_suit_future.tif
[LOG 23:10:07.919] kerbalicon_suit_orange_female_future.tif
[LOG 23:10:07.919] kerbalicon_suit_orange_future.tif
[LOG 23:10:07.919] bottom_emissor.mat
[LOG 23:10:07.919] burst_emissor.mat
[LOG 23:10:07.919] burstprojectiles_emissor.mat
[LOG 23:10:07.919] constantburst_emissor.mat
[LOG 23:10:07.919] snowflakes_emissor.mat
[LOG 23:10:07.919] vapor_emissor.mat
[LOG 23:10:07.919] base_0.mat
[LOG 23:10:07.919] base_1.mat
[LOG 23:10:07.919] base_2.mat
[LOG 23:10:07.919] base_3_1.mat
[LOG 23:10:07.919] base_3_2.mat
[LOG 23:10:07.919] vapor.mat
[LOG 23:10:07.919] burst.png
[LOG 23:10:07.919] cloud2.png
[LOG 23:10:07.919] v1.png
[LOG 23:10:07.919] v2.png
[LOG 23:10:07.919] v3.png
[LOG 23:10:07.919] v5.png
[LOG 23:10:07.919] gapkerbal_female_future.prefab
[LOG 23:10:07.919] gapkerbal_male_future.prefab
[LOG 23:10:07.920] hammerfemale.prefab
[LOG 23:10:07.920] hammermale.prefab
[LOG 23:10:07.920] bopgravelpile.prefab
[LOG 23:10:07.920] bopgravelpile.fbx
[LOG 23:10:07.920] bop_gravel pile_d.mat
[LOG 23:10:07.920] lambert1.mat
[LOG 23:10:07.920] bop_gravel pile_d.png
[LOG 23:10:07.920] bop_gravel pile_d.tga
[LOG 23:10:07.920] bop_gravel pile_n.png
[LOG 23:10:07.920] bop_gravel pile_s.png
[LOG 23:10:07.920] drescrater.prefab
[LOG 23:10:07.920] dresmeteorite.prefab
[LOG 23:10:07.920] drescrater.fbx
[LOG 23:10:07.920] dresmeteorite.fbx
[LOG 23:10:07.920] dres_crater_d.mat
[LOG 23:10:07.920] dres_meteorite_d.mat
[LOG 23:10:07.920] lambert1.mat
[LOG 23:10:07.920] dres_crater_d.tga
[LOG 23:10:07.920] dres_crater_n.png
[LOG 23:10:07.920] dres_meteorite_d.tga
[LOG 23:10:07.920] dres_meteorite_n.png
[LOG 23:10:07.920] dunablueberries.prefab
[LOG 23:10:07.920] dunadune.prefab
[LOG 23:10:07.920] dunameteorite.prefab
[LOG 23:10:07.920] dunastone.prefab
[LOG 23:10:07.920] dunaasteroid.fbx
[LOG 23:10:07.920] dunablueberries.fbx
[LOG 23:10:07.920] dunadune.fbx
[LOG 23:10:07.920] dunastone.fbx
[LOG 23:10:07.920] duna_asteroid_d.mat
[LOG 23:10:07.920] duna_dune_d.mat
[LOG 23:10:07.920] duna_stone_d.mat
[LOG 23:10:07.920] dune_blueberries_d.mat
[LOG 23:10:07.920] lambert1.mat
[LOG 23:10:07.920] duna_asteroid_d.tga
[LOG 23:10:07.920] duna_asteroid_n.png
[LOG 23:10:07.920] duna_dune_d.tga
[LOG 23:10:07.920] duna_dune_n.tga
[LOG 23:10:07.920] duna_stone_d.tga
[LOG 23:10:07.920] duna_stone_n.png
[LOG 23:10:07.920] dune_blueberries_d.tga
[LOG 23:10:07.920] dune_blueberries_n.png
[LOG 23:10:07.920] eelooberg.prefab
[LOG 23:10:07.920] eeloobrownboulder.prefab
[LOG 23:10:07.920] eelooicechunk.prefab
[LOG 23:10:07.920] eelooberg.fbx
[LOG 23:10:07.920] eelooboulder.fbx
[LOG 23:10:07.920] eelooicechunk.fbx
[LOG 23:10:07.921] eeloo_alien_glacier_d.mat
[LOG 23:10:07.921] eeloo_brown_ boulder_d.mat
[LOG 23:10:07.921] eeloo_ice chunk_d.mat
[LOG 23:10:07.921] lambert1.mat
[LOG 23:10:07.921] eeloo_alien_glacier_d.tga
[LOG 23:10:07.921] eeloo_alien_glacier_e.tga
[LOG 23:10:07.921] eeloo_alien_glacier_n.png
[LOG 23:10:07.921] eeloo_brown_ boulder_d.tga
[LOG 23:10:07.921] eeloo_brown_ boulder_n.png
[LOG 23:10:07.921] eeloo_ice chunk_d.tga
[LOG 23:10:07.921] eeloo_ice chunk_e.tga
[LOG 23:10:07.921] eeloo_ice chunk_n.png
[LOG 23:10:07.921] eeloo_ice chunk_s.tga
[LOG 23:10:07.921] evebasaltformation.prefab
[LOG 23:10:07.921] evepancakedome.prefab
[LOG 23:10:07.921] evevolcanicrock.prefab
[LOG 23:10:07.921] evebasaltformation.fbx
[LOG 23:10:07.921] evepancakeformation.fbx
[LOG 23:10:07.921] evevolcanicrock.fbx
[LOG 23:10:07.921] eve basalt formation_d.mat
[LOG 23:10:07.921] eve pancake formation_d.mat
[LOG 23:10:07.921] eve volcanic rock_d.mat
[LOG 23:10:07.921] lambert1.mat
[LOG 23:10:07.921] eve basalt formation_d.tga
[LOG 23:10:07.921] eve basalt formation_n.tga
[LOG 23:10:07.921] eve pancake formation_d.tga
[LOG 23:10:07.921] eve pancake formation_e.png
[LOG 23:10:07.921] eve pancake formation_n.png
[LOG 23:10:07.921] eve volcanic rock_d.tga
[LOG 23:10:07.921] eve volcanic rock_n.png
[LOG 23:10:07.921] gillyridgeline.fbx
[LOG 23:10:07.921] gilly ridegeline_d.mat
[LOG 23:10:07.921] lambert1.mat
[LOG 23:10:07.921] gillyridgeline.prefab
[LOG 23:10:07.921] gilly ridegeline_d.tga
[LOG 23:10:07.921] gilly ridegeline_n.png
[LOG 23:10:07.921] dunaejecta.prefab
[LOG 23:10:07.921] ikedunaejecta.fbx
[LOG 23:10:07.921] ike_duna_ejecta_mat.mat
[LOG 23:10:07.921] ike duna ejecta_d.tga
[LOG 23:10:07.921] ike duna ejecta_n.png
[LOG 23:10:07.921] kerbinbaobabtree.fbx
[LOG 23:10:07.921] kerbinquartz.fbx
[LOG 23:10:07.921] baobaptree.mat
[LOG 23:10:07.921] kerbin_baobab_tree_d.mat
[LOG 23:10:07.921] kerbin_boabob_tree_d.mat
[LOG 23:10:07.922] kerbin_giant_quartz_d.mat
[LOG 23:10:07.922] lambert1.mat
[LOG 23:10:07.922] lambert2.mat
[LOG 23:10:07.922] kerbinbaobabtree.prefab
[LOG 23:10:07.922] kerbinquartz.prefab
[LOG 23:10:07.922] kerbin_baobab_tree_alpha.png
[LOG 23:10:07.922] kerbin_baobab_tree_d.tga
[LOG 23:10:07.922] kerbin_baobab_tree_n.png
[LOG 23:10:07.922] kerbin_giant_quartz_d.tga
[LOG 23:10:07.922] kerbin_giant_quartz_e.tga
[LOG 23:10:07.922] kerbin_giant_quartz_n.tga
[LOG 23:10:07.922] kerbin_giant_quartz_s.tga
[LOG 23:10:07.922] laytheboulder.fbx
[LOG 23:10:07.922] laythegeyser.fbx
[LOG 23:10:07.922] laythestone.fbx
[LOG 23:10:07.922] lambert1.mat
[LOG 23:10:07.922] laythe_boulder_d.mat
[LOG 23:10:07.922] laythe_geyser_d.mat
[LOG 23:10:07.922] laythe_stone_d.mat
[LOG 23:10:07.922] laytheboulder.prefab
[LOG 23:10:07.922] laythegeyser.prefab
[LOG 23:10:07.922] laythestone.prefab
[LOG 23:10:07.922] laythe_boulder_d.tga
[LOG 23:10:07.922] laythe_boulder_n.png
[LOG 23:10:07.922] laythe_geyser_d.tga
[LOG 23:10:07.922] laythe_geyser_n.png
[LOG 23:10:07.922] laythe_stone_d.tga
[LOG 23:10:07.922] laythe_stone_n.png
[LOG 23:10:07.922] greensandstone.fbx
[LOG 23:10:07.922] lambert1.mat
[LOG 23:10:07.922] minmus_green_sandstone_d.mat
[LOG 23:10:07.922] minmus_olivine_formation_d.mat
[LOG 23:10:07.922] minmusolivineformation.fbx
[LOG 23:10:07.922] minmus_greensandstone.prefab
[LOG 23:10:07.922] minmus_olivineformation.prefab
[LOG 23:10:07.922] minmus_green_sandstone_d.tga
[LOG 23:10:07.922] minmus_green_sandstone_n.png
[LOG 23:10:07.922] minmus_olivine_formation_d.tga
[LOG 23:10:07.922] minmus_olivine_formation_n.png
[LOG 23:10:07.922] lambert1.mat
[LOG 23:10:07.922] moho wrinkleridge_d.mat
[LOG 23:10:07.922] moho_stone_d.mat
[LOG 23:10:07.922] mohostone.fbx
[LOG 23:10:07.922] mohowrinkleridge.fbx
[LOG 23:10:07.922] mohostone.prefab
[LOG 23:10:07.922] mohowrinkleridge.prefab
[LOG 23:10:07.922] moho wrinkleridge_d.tga
[LOG 23:10:07.923] moho wrinkleridge_e.png
[LOG 23:10:07.923] moho wrinkleridge_n.png
[LOG 23:10:07.923] moho_stone_d.tga
[LOG 23:10:07.923] moho_stone_n.png
[LOG 23:10:07.923] lambert1.mat
[LOG 23:10:07.923] mun_crater_d.mat
[LOG 23:10:07.923] mun_large_crater_d.mat
[LOG 23:10:07.923] mun_stone_d.mat
[LOG 23:10:07.923] muncrater.fbx
[LOG 23:10:07.923] munlargecrater.fbx
[LOG 23:10:07.923] munstone.fbx
[LOG 23:10:07.923] muncrater.prefab
[LOG 23:10:07.923] munlargecrater.prefab
[LOG 23:10:07.923] munstone.prefab
[LOG 23:10:07.923] mun_crater_d.tga
[LOG 23:10:07.923] mun_crater_n.png
[LOG 23:10:07.923] mun_large_crater_d.tga
[LOG 23:10:07.923] mun_large_crater_n.png
[LOG 23:10:07.923] mun_stone_d.tga
[LOG 23:10:07.923] mun_stone_n.png
[LOG 23:10:07.923] lambert1.mat
[LOG 23:10:07.923] pol_yellowstone_d.mat
[LOG 23:10:07.923] polyellowstone.fbx
[LOG 23:10:07.923] pol_yellowstones.prefab
[LOG 23:10:07.923] pol_yellowstone_d.png
[LOG 23:10:07.923] pol_yellowstone_n.png
[LOG 23:10:07.923] lambert1.mat
[LOG 23:10:07.923] tylo_checkerboard_d.mat
[LOG 23:10:07.923] tylo_dark boulder_d.mat
[LOG 23:10:07.923] tylo_light_d.mat
[LOG 23:10:07.923] tyloboulder.fbx
[LOG 23:10:07.923] tylocheckerboard.fbx
[LOG 23:10:07.923] tylolightstone.fbx
[LOG 23:10:07.923] tylo_ checkerboard_n.png
[LOG 23:10:07.923] tylo_checkerboard_d.png
[LOG 23:10:07.923] tylo_dark boulder_d.tga
[LOG 23:10:07.923] tylo_dark boulder_n.png
[LOG 23:10:07.923] tylo_light_d.tga
[LOG 23:10:07.923] tylo_light_n.png
[LOG 23:10:07.923] tylocheckerboard.prefab
[LOG 23:10:07.923] tylodarkboulder.prefab
[LOG 23:10:07.923] tylolightstone.prefab
[LOG 23:10:07.923] cryovolcano_d.mat
[LOG 23:10:07.923] lambert1.mat
[LOG 23:10:07.923] vallicechunk_d.mat
[LOG 23:10:07.923] vallstone_d.mat
[LOG 23:10:07.923] vall_cryovolcano.fbx
[LOG 23:10:07.923] vall_icechunk.fbx
[LOG 23:10:07.923] vall_stone.fbx
[LOG 23:10:07.924] cryovolcano_d.tga
[LOG 23:10:07.924] cryovolcano_e.png
[LOG 23:10:07.924] cryovolcano_n.jpg
[LOG 23:10:07.924] cryovolcano_s.jpg
[LOG 23:10:07.924] vallicechunk_d.jpg
[LOG 23:10:07.924] vallicechunk_e.jpg
[LOG 23:10:07.924] vallicechunk_n.jpg
[LOG 23:10:07.924] vallicechunk_s.jpg
[LOG 23:10:07.924] vallstone_d.jpg
[LOG 23:10:07.924] vallstone_e.jpg
[LOG 23:10:07.924] vallstone_n.jpg
[LOG 23:10:07.924] vallstone_s.jpg
[LOG 23:10:07.924] vallcryovolcano.prefab
[LOG 23:10:07.924] vallicechunk.prefab
[LOG 23:10:07.924] vallstone.prefab
[LOG 23:10:07.924] vfx_spark.mat
[LOG 23:10:07.924] vfx_welding_flare.mat
[LOG 23:10:07.924] cometdustmaterial.mat
[LOG 23:10:07.924] cometgeysermat.mat
[LOG 23:10:07.930] GetTypesOfModulesImplementingInterface2: Found 69 types with IPartModuleAdjuster interface in 9 assemblies.
[LOG 23:10:07.936] GetSubclassesOfParentClass: Found 0 types with ModuleActiveRadiator parent in 9 assemblies.
[LOG 23:10:07.941] GetSubclassesOfParentClass: Found 0 types with ModuleAlternator parent in 9 assemblies.
[LOG 23:10:07.946] GetSubclassesOfParentClass: Found 1 types with ModuleControlSurface parent in 9 assemblies.
[LOG 23:10:07.951] GetSubclassesOfParentClass: Found 0 types with ModuleDataTransmitter parent in 9 assemblies.
[LOG 23:10:07.956] GetSubclassesOfParentClass: Found 0 types with ModuleDeployableSolarPanel parent in 9 assemblies.
[LOG 23:10:07.961] GetSubclassesOfParentClass: Found 1 types with ModuleEngines parent in 9 assemblies.
[LOG 23:10:07.965] GetSubclassesOfParentClass: Found 0 types with ModuleGenerator parent in 9 assemblies.
[LOG 23:10:07.971] GetSubclassesOfParentClass: Found 0 types with ModuleGimbal parent in 9 assemblies.
[LOG 23:10:07.975] GetSubclassesOfParentClass: Found 2 types with ModuleLiftingSurface parent in 9 assemblies.
[LOG 23:10:07.980] GetSubclassesOfParentClass: Found 0 types with ModuleLight parent in 9 assemblies.
[LOG 23:10:07.985] GetSubclassesOfParentClass: Found 0 types with ModuleReactionWheel parent in 9 assemblies.
[LOG 23:10:07.989] GetSubclassesOfParentClass: Found 0 types with ModuleSAS parent in 9 assemblies.
[LOG 23:10:07.994] GetSubclassesOfParentClass: Found 0 types with ModuleWheelBrakes parent in 9 assemblies.
[LOG 23:10:07.999] GetSubclassesOfParentClass: Found 1 types with ModuleWheelMotor parent in 9 assemblies.
[LOG 23:10:07.999] GetSubclassesOfParentClass: Using cached results for ModuleActiveRadiator
[LOG 23:10:08.003] GetSubclassesOfParentClass: Found 0 types with ModuleAnchoredDecoupler parent in 9 assemblies.
[LOG 23:10:08.009] GetSubclassesOfParentClass: Found 0 types with ModuleCargoBay parent in 9 assemblies.
[LOG 23:10:08.009] GetSubclassesOfParentClass: Using cached results for ModuleControlSurface
[LOG 23:10:08.009] GetSubclassesOfParentClass: Using cached results for ModuleDataTransmitter
[LOG 23:10:08.014] GetSubclassesOfParentClass: Found 0 types with ModuleDecouple parent in 9 assemblies.
[LOG 23:10:08.019] GetSubclassesOfParentClass: Found 4 types with ModuleDeployablePart parent in 9 assemblies.
[LOG 23:10:08.023] GetSubclassesOfParentClass: Found 0 types with ModuleDockingNode parent in 9 assemblies.
[LOG 23:10:08.024] GetSubclassesOfParentClass: Using cached results for ModuleEngines
[LOG 23:10:08.028] GetSubclassesOfParentClass: Found 0 types with CModuleFuelLine parent in 9 assemblies.
[LOG 23:10:08.033] GetSubclassesOfParentClass: Found 0 types with ModuleGPS parent in 9 assemblies.
[LOG 23:10:08.038] GetSubclassesOfParentClass: Found 0 types with ModuleGrappleNode parent in 9 assemblies.
[LOG 23:10:08.038] GetSubclassesOfParentClass: Using cached results for ModuleGrappleNode
[LOG 23:10:08.043] GetSubclassesOfParentClass: Found 0 types with ModuleKerbNetAccess parent in 9 assemblies.
[LOG 23:10:08.043] GetSubclassesOfParentClass: Using cached results for ModuleLight
[LOG 23:10:08.043] GetSubclassesOfParentClass: Using cached results for ModuleLight
[LOG 23:10:08.048] GetSubclassesOfParentClass: Found 0 types with ModuleProbeControlPoint parent in 9 assemblies.
[LOG 23:10:08.052] GetSubclassesOfParentClass: Found 1 types with ModuleRCS parent in 9 assemblies.
[LOG 23:10:08.053] GetSubclassesOfParentClass: Using cached results for ModuleRCS
[LOG 23:10:08.053] GetSubclassesOfParentClass: Using cached results for ModuleReactionWheel
[LOG 23:10:08.053] GetSubclassesOfParentClass: Using cached results for ModuleReactionWheel
[LOG 23:10:08.057] GetSubclassesOfParentClass: Found 0 types with ModuleResourceIntake parent in 9 assemblies.
[LOG 23:10:08.065] GetSubclassesOfParentClass: Found 0 types with ModuleScienceExperiment parent in 9 assemblies.
[LOG 23:10:08.068] GetSubclassesOfParentClass: Found 0 types with ModuleToggleCrossfeed parent in 9 assemblies.
[LOG 23:10:08.073] GetSubclassesOfParentClass: Found 0 types with ModuleWheelDeployment parent in 9 assemblies.
[LOG 23:10:08.102] ExpansionsLoader: Expansions loaded in 5.004s
[LOG 23:10:08.103] Loading Systems: Elapsed time is 43.7732s
[LOG 23:10:10.204] [AddonLoader]: Instantiating addon 'KSPCFFastLoaderPSystemSetup' from assembly 'KSPCommunityFixes'
[LOG 23:10:10.450] [Agent]: Found 19 agent mentality types
[LOG 23:10:10.452] [AgentList]: 31 agents parsed and loaded.
[LOG 23:10:10.482] [UIMasterController]: HideUI
[LOG 23:10:10.550] [CelestialBody]: Kerbin's solar day length is 1d, 0h, 0m long. sidereal day length is 5h, 59m, 9s long
[LOG 23:10:14.874] [UIMasterController]: HideUI
[LOG 23:10:14.879] [HighLogic]: =========================== Scene Change : From LOADING to MAINMENU =====================
[LOG 23:10:15.315] [AddonLoader]: Instantiating addon 'ContractDefs' from assembly 'KSP'
[LOG 23:10:15.338] [AddonLoader]: Instantiating addon 'KSPCFFastLoaderReport' from assembly 'KSPCommunityFixes'
[LOG 23:10:15.357] [UIMasterController]: ShowUI
[LOG 23:10:15.544] [GameParameters]: Loaded custom parameter class CommNetParams.
[LOG 23:10:15.545] [GameParameters]: Loaded custom parameter class MissionParamsGeneral.
[LOG 23:10:15.545] [GameParameters]: Loaded custom parameter class MissionParamsFacilities.
[LOG 23:10:15.545] [GameParameters]: Loaded custom parameter class MissionParamsExtras.
[LOG 23:10:15.545] [GameParameters]: Loaded custom parameter class AdvancedParams.
[LOG 23:10:15.560] [ReflectionUtil]: Found 40 types with UpgradeModule attribute in 9 assemblies.
[LOG 23:10:15.570] [KSPCF:FastLoader] Intel(R) Core(TM) Ultra 7 155H | 32265 MB | Intel(R) Arc(TM) Pro Graphics (18391 MB)
Total loading time to main menu : 54.060s
- Configs and assemblies loaded in 12.415s
- Configs reload done in 1.186s
- Configs translated in 0.009s
- 2347 assets loaded in 17.515s :
  - 86 audio assets (79.689 MiB) in 0.421s, 189.235 MiB/s
  - 1634 texture assets (1.294 GiB) in 12.760s, 103.85 MiB/s
  - 626 model assets (64.41 MiB) in 4.332s, 14.868 MiB/s
- Asset bundles loaded in 0.396s
- GameDatabase (configs, resources, traits, upgrades...) loaded in 0.044s
- Built-in parts copied in 0.015s
- Part and internal configs extracted in 0.001s
- 483 parts and 1927 modules compiled in 8.095s
  - 4.0 modules/part, 16.759 ms/part, 4.201 ms/module
  - PartIcon compilation : 0.793s
- 27 internal spaces and 56 props compiled in 0.102s
- 2 DLC (Making History, Breaking Ground) loaded in 5.016s
- Planetary system loaded in 5.594s
[LOG 23:10:15.570] Texture queries : 1709, slow path : 1 (0.06 %)
[LOG 23:10:15.574] [ModuleManager] Total loading Time = 41.827s
[LOG 23:10:15.605] [ScenarioTypes]: List Created 23 scenario types loaded from 9 loaded assemblies.
[WRN 23:10:15.612] File 'C:/Users/lhervier/Perso/ksp-dev/KSP_x64_Data/../Missions/MissionScoreInfo.cfg' does not exist
[LOG 23:10:15.615] [ApplicationLauncher] Awake False
[LOG 23:10:15.615] [ApplicationLauncher] SpawnSimpleLayout: VerticalTopDown
[LOG 23:10:15.627] [UiApp] Awake: 
[LOG 23:10:15.627] [ApplicationLauncher] OnSceneLoadedGUIReady: scene MAINMENU ShouldBeVisible() True ShouldBeOnTop() True iIsPositionedAtTop True
[LOG 23:10:15.643] [UIApp] Adding  to Application Launcher
[LOG 23:10:15.647] [ApplicationLauncher] SetHidden: 
[LOG 23:10:15.652] [MessageSystem] OnAppInitialized
[LOG 23:10:15.653] [MessageSystem] Reposition 0.0376231 5480
[LOG 23:10:18.401] [ExperienceSystem]: Found 0 trait types
[LOG 23:10:18.407] [ExperienceSystem]: Found 20 effect types
[LOG 23:10:18.429] [ScenarioTypes]: List Created 23 scenario types loaded from 9 loaded assemblies.
[LOG 23:10:18.430] [MessageSystem] Load Messages
[LOG 23:10:18.431] [UIMasterController]: HideUI
[LOG 23:10:18.432] [HighLogic]: =========================== Scene Change : From MAINMENU to SPACECENTER =====================
[LOG 23:10:18.728] [AddonLoader]: Instantiating addon 'CustomConfigsManager' from assembly 'ModuleManager'
[LOG 23:10:20.666] [UIMasterController]: ShowUI
[LOG 23:10:20.888] [SceneLoadSpeedBoost] Save loaded from disk in 1ms
[LOG 23:10:20.898] GetSubclassesOfParentClass: Found 7 types with AlarmTypeBase parent in 9 assemblies.
[LOG 23:10:20.905] Loading Depletion Nodes
[LOG 23:10:20.905] DepNodeCount:  0
[LOG 23:10:20.905] Loading Biome Nodes
[LOG 23:10:20.905] BiomeNodeCount:  0
[LOG 23:10:20.905] Loading Planet Nodes
[LOG 23:10:20.905] PlanetNodeCount:  0
[LOG 23:10:20.916] [ScenarioDestructibles]: Loading... 0 objects registered
[LOG 23:10:20.990] [UiApp] Awake: KSPedia
[LOG 23:10:20.990] [UiApp] Awake: Missions App
[LOG 23:10:20.990] [UiApp] Awake: AlarmClock
[LOG 23:10:20.991] [GenericAppFrame] Reposition 0 6121
[LOG 23:10:20.991] [ApplicationLauncher] OnSceneLoadedGUIReady: scene SPACECENTER ShouldBeVisible() True ShouldBeOnTop() False iIsPositionedAtTop True
[LOG 23:10:20.991] [ApplicationLauncher] SpawnSimpleLayout: HorizontalRightLeft
[LOG 23:10:20.994] [ApplicationLauncher] SetVisible: 
[LOG 23:10:21.040] [UIApp] OnDestroy: Contracts
[LOG 23:10:21.071] Launching vessel from Runway. Craft file: C:\Users\lhervier\Perso\ksp-dev\saves\claude-campagnes\Ships\SPH\Diag3-Rover.craft
[LOG 23:10:21.072] Flight State Captured
[LOG 23:10:21.075] Saving Achievements Tree...
[LOG 23:10:21.075] Saving Achievements Tree...
[LOG 23:10:21.077] [MessageSystem] Save Messages
[LOG 23:10:21.109] Game State Saved to saves/claude-campagnes/persistent
[ERR 23:10:21.127] [SurfaceObject]: Cannot return to original parent, it no longer exists.

[LOG 23:10:21.128] [UIMasterController]: HideUI
[LOG 23:10:21.133] [HighLogic]: =========================== Scene Change : From SPACECENTER to FLIGHT =====================
[LOG 23:10:21.135] [MessageSystem] Reposition 0.02 6122
[LOG 23:10:21.135] [GenericAppFrame] Reposition 0.02 6122
[LOG 23:10:21.135] [GenericAppFrame] Reposition 0.02 6122
[LOG 23:10:21.387] [UIApp] OnDestroy: Missions App
[LOG 23:10:21.388] [UIApp] OnDestroy: KSPedia
[LOG 23:10:21.388] [UIApp] OnDestroy: AlarmClock
[LOG 23:10:21.391] [KSPCF:MemoryLeaks] Removed a onPlanetariumTargetChange callback owned by a destroyed Assembly-CSharp:CommNetVessel instance
[LOG 23:10:21.394] [KSPCF:MemoryLeaks] Removed a OnKSCStructureCollapsing callback owned by a destroyed Assembly-CSharp:SpacePlaneHangarBuilding instance
[LOG 23:10:21.394] [KSPCF:MemoryLeaks] Removed a OnKSCStructureCollapsing callback owned by a destroyed Assembly-CSharp:MissionControlBuilding instance
[LOG 23:10:21.394] [KSPCF:MemoryLeaks] Removed a OnKSCStructureCollapsing callback owned by a destroyed Assembly-CSharp:LaunchSiteFacility instance
[LOG 23:10:21.395] [KSPCF:MemoryLeaks] Removed a OnKSCStructureCollapsing callback owned by a destroyed Assembly-CSharp:TrackingStationBuilding instance
[LOG 23:10:21.395] [KSPCF:MemoryLeaks] Removed a OnKSCStructureCollapsing callback owned by a destroyed Assembly-CSharp:FlagPoleFacility instance
[LOG 23:10:21.395] [KSPCF:MemoryLeaks] Removed a OnKSCStructureCollapsing callback owned by a destroyed Assembly-CSharp:LaunchSiteFacility instance
[LOG 23:10:21.395] [KSPCF:MemoryLeaks] Removed a OnKSCStructureCollapsing callback owned by a destroyed Assembly-CSharp:RnDBuilding instance
[LOG 23:10:21.395] [KSPCF:MemoryLeaks] Removed a OnKSCStructureCollapsing callback owned by a destroyed Assembly-CSharp:VehicleAssemblyBuilding instance
[LOG 23:10:21.395] [KSPCF:MemoryLeaks] Removed a OnKSCStructureCollapsing callback owned by a destroyed Assembly-CSharp:AstronautComplexFacility instance
[LOG 23:10:21.395] [KSPCF:MemoryLeaks] Removed a OnKSCStructureCollapsing callback owned by a destroyed Assembly-CSharp:AdministrationFacility instance
[LOG 23:10:21.395] [KSPCF:MemoryLeaks] Removed a OnKSCStructureCollapsed callback owned by a destroyed Assembly-CSharp:SpacePlaneHangarBuilding instance
[LOG 23:10:21.395] [KSPCF:MemoryLeaks] Removed a OnKSCStructureCollapsed callback owned by a destroyed Assembly-CSharp:MissionControlBuilding instance
[LOG 23:10:21.395] [KSPCF:MemoryLeaks] Removed a OnKSCStructureCollapsed callback owned by a destroyed Assembly-CSharp:LaunchSiteFacility instance
[LOG 23:10:21.395] [KSPCF:MemoryLeaks] Removed a OnKSCStructureCollapsed callback owned by a destroyed Assembly-CSharp:TrackingStationBuilding instance
[LOG 23:10:21.395] [KSPCF:MemoryLeaks] Removed a OnKSCStructureCollapsed callback owned by a destroyed Assembly-CSharp:FlagPoleFacility instance
[LOG 23:10:21.395] [KSPCF:MemoryLeaks] Removed a OnKSCStructureCollapsed callback owned by a destroyed Assembly-CSharp:LaunchSiteFacility instance
[LOG 23:10:21.395] [KSPCF:MemoryLeaks] Removed a OnKSCStructureCollapsed callback owned by a destroyed Assembly-CSharp:RnDBuilding instance
[LOG 23:10:21.395] [KSPCF:MemoryLeaks] Removed a OnKSCStructureCollapsed callback owned by a destroyed Assembly-CSharp:VehicleAssemblyBuilding instance
[LOG 23:10:21.395] [KSPCF:MemoryLeaks] Removed a OnKSCStructureCollapsed callback owned by a destroyed Assembly-CSharp:AstronautComplexFacility instance
[LOG 23:10:21.395] [KSPCF:MemoryLeaks] Removed a OnKSCStructureCollapsed callback owned by a destroyed Assembly-CSharp:AdministrationFacility instance
[LOG 23:10:21.395] [KSPCF:MemoryLeaks] Removed a OnKSCStructureRepairing callback owned by a destroyed Assembly-CSharp:SpacePlaneHangarBuilding instance
[LOG 23:10:21.395] [KSPCF:MemoryLeaks] Removed a OnKSCStructureRepairing callback owned by a destroyed Assembly-CSharp:MissionControlBuilding instance
[LOG 23:10:21.395] [KSPCF:MemoryLeaks] Removed a OnKSCStructureRepairing callback owned by a destroyed Assembly-CSharp:LaunchSiteFacility instance
[LOG 23:10:21.395] [KSPCF:MemoryLeaks] Removed a OnKSCStructureRepairing callback owned by a destroyed Assembly-CSharp:TrackingStationBuilding instance
[LOG 23:10:21.395] [KSPCF:MemoryLeaks] Removed a OnKSCStructureRepairing callback owned by a destroyed Assembly-CSharp:FlagPoleFacility instance
[LOG 23:10:21.395] [KSPCF:MemoryLeaks] Removed a OnKSCStructureRepairing callback owned by a destroyed Assembly-CSharp:LaunchSiteFacility instance
[LOG 23:10:21.395] [KSPCF:MemoryLeaks] Removed a OnKSCStructureRepairing callback owned by a destroyed Assembly-CSharp:RnDBuilding instance
[LOG 23:10:21.395] [KSPCF:MemoryLeaks] Removed a OnKSCStructureRepairing callback owned by a destroyed Assembly-CSharp:VehicleAssemblyBuilding instance
[LOG 23:10:21.395] [KSPCF:MemoryLeaks] Removed a OnKSCStructureRepairing callback owned by a destroyed Assembly-CSharp:AstronautComplexFacility instance
[LOG 23:10:21.395] [KSPCF:MemoryLeaks] Removed a OnKSCStructureRepairing callback owned by a destroyed Assembly-CSharp:AdministrationFacility instance
[LOG 23:10:21.395] [KSPCF:MemoryLeaks] Removed a OnKSCStructureRepaired callback owned by a destroyed Assembly-CSharp:SpacePlaneHangarBuilding instance
[LOG 23:10:21.395] [KSPCF:MemoryLeaks] Removed a OnKSCStructureRepaired callback owned by a destroyed Assembly-CSharp:MissionControlBuilding instance
[LOG 23:10:21.395] [KSPCF:MemoryLeaks] Removed a OnKSCStructureRepaired callback owned by a destroyed Assembly-CSharp:LaunchSiteFacility instance
[LOG 23:10:21.395] [KSPCF:MemoryLeaks] Removed a OnKSCStructureRepaired callback owned by a destroyed Assembly-CSharp:TrackingStationBuilding instance
[LOG 23:10:21.395] [KSPCF:MemoryLeaks] Removed a OnKSCStructureRepaired callback owned by a destroyed Assembly-CSharp:FlagPoleFacility instance
[LOG 23:10:21.395] [KSPCF:MemoryLeaks] Removed a OnKSCStructureRepaired callback owned by a destroyed Assembly-CSharp:LaunchSiteFacility instance
[LOG 23:10:21.395] [KSPCF:MemoryLeaks] Removed a OnKSCStructureRepaired callback owned by a destroyed Assembly-CSharp:RnDBuilding instance
[LOG 23:10:21.395] [KSPCF:MemoryLeaks] Removed a OnKSCStructureRepaired callback owned by a destroyed Assembly-CSharp:VehicleAssemblyBuilding instance
[LOG 23:10:21.395] [KSPCF:MemoryLeaks] Removed a OnKSCStructureRepaired callback owned by a destroyed Assembly-CSharp:AstronautComplexFacility instance
[LOG 23:10:21.395] [KSPCF:MemoryLeaks] Removed a OnKSCStructureRepaired callback owned by a destroyed Assembly-CSharp:AdministrationFacility instance
[LOG 23:10:21.399] [KSPCF:MemoryLeaks] Leaving scene "SpaceCenter", cleaned 43 memory leaks in 0.009s. GameEvents callbacks : 790. Allocated memory : 663.906 MiB (managed heap), 2.189 GiB (unmanaged)
[LOG 23:10:21.406] UICanvasPrefabSpawner FlightUI spawning Flight
[LOG 23:10:21.432] UICanvasPrefabSpawner FlightUI spawning VesselLabels
[LOG 23:10:21.432] [UiApp] Awake: ResourceDisplay
[LOG 23:10:21.493] [AddonLoader]: Instantiating addon 'AeroGUI' from assembly 'KSP'
[LOG 23:10:21.501] [AddonLoader]: Instantiating addon 'KSPDiagFloatingOrigin' from assembly 'KSPDiagFloatingOrigin'
[LOG 23:10:21.503] [PlanetariumCamera]: Focus: Kerbin
[LOG 23:10:21.504] [UIMasterController]: HideUI
[LOG 23:10:21.736] [UIMasterController]: HideUI
[LOG 23:10:21.737] ------------------- initializing flight mode... ------------------
[LOG 23:10:21.737] [SceneLoadSpeedBoost] Save loaded from cache in 0ms
[LOG 23:10:21.739] [MessageSystem] Save Messages
[LOG 23:10:21.740] GetSubclassesOfParentClass: Using cached results for AlarmTypeBase
[LOG 23:10:21.741] Loading Depletion Nodes
[LOG 23:10:21.741] DepNodeCount:  0
[LOG 23:10:21.741] Loading Biome Nodes
[LOG 23:10:21.741] BiomeNodeCount:  0
[LOG 23:10:21.741] Loading Planet Nodes
[LOG 23:10:21.741] PlanetNodeCount:  0
[LOG 23:10:21.743] [ScenarioDestructibles]: Loading... 0 objects registered
[LOG 23:10:21.769] Loading ship from file: C:\Users\lhervier\Perso\ksp-dev\saves\claude-campagnes\Ships\SPH\Diag3-Rover.craft
[LOG 23:10:21.771] [UIMasterController]: HideUI
[LOG 23:10:21.803] Diag3-Rover loaded!
[LOG 23:10:23.119] putting ship to ground: 9.282557
[LOG 23:10:23.124] [Diag3-Rover]: Ready to Launch - waiting to start physics...
[LOG 23:10:23.135] Crewmember Jebediah Kerman assigned to Conserve d'atterrissage Mk2, seat # 0 (crew seat index: 0)
[LOG 23:10:23.135] Crewmember Bill Kerman assigned to Conserve d'atterrissage Mk2, seat # 1 (crew seat index: 1)
[LOG 23:10:23.136] [FLIGHT GLOBALS]: Switching To Vessel Diag3-Rover ---------------------- 
[LOG 23:10:23.136] setting new dominant body: Kerbin
FlightGlobals.mainBody: Kerbin
[LOG 23:10:23.137] Reference Frame: Rotating
[LOG 23:10:23.152] Vessel assembly complete!
[LOG 23:10:25.100] all systems started
[LOG 23:10:25.382] [UiApp] Awake: CurrencyWidgetsApp
[LOG 23:10:25.382] [UiApp] Awake: ResourceDisplay
[LOG 23:10:25.382] [UiApp] Awake: KSPedia
[LOG 23:10:25.382] [UiApp] Awake: Missions App
[LOG 23:10:25.382] [UiApp] Awake: DeltaVApp
[LOG 23:10:25.382] [UiApp] Awake: ActionGroupsApp
[LOG 23:10:25.382] [UiApp] Awake: Construction
[LOG 23:10:25.382] [UiApp] Awake: Cargo
[LOG 23:10:25.382] [UiApp] Awake: AlarmClock
[LOG 23:10:25.382] [UiApp] Awake: ManeuverTool
[LOG 23:10:25.382] [ApplicationLauncher] OnSceneLoadedGUIReady: scene FLIGHT ShouldBeVisible() True ShouldBeOnTop() True iIsPositionedAtTop False
[LOG 23:10:25.382] [ApplicationLauncher] SpawnSimpleLayout: VerticalTopDown
[LOG 23:10:25.385] [KnowledgeBase] OnAppLauncherReady 6124
[LOG 23:10:25.398] [UIApp] OnDestroy: Contracts
[LOG 23:10:25.419] [FlightIntegrator]: Reloaded drag cube for zeroed cube root part trussPiece3x on vessel Diag3-Rover
[LOG 23:10:25.428] [FlightIntegrator]: Vessel Diag3-Rover has been unloaded 1.79769313486232E+308, applying analytic temperature 304.507082719437
[LOG 23:10:25.432] [MessageSystem] Reposition 0.02 6125
[LOG 23:10:25.432] [GenericAppFrame] Reposition 0.02 6125
[LOG 23:10:25.432] [GenericAppFrame] Reposition 0.02 6125
[LOG 23:10:25.526] [PlanetariumCamera]: Focus: Diag3-Rover
[LOG 23:10:25.547] [UIApp] Adding ResourceDisplay to Application Launcher
[LOG 23:10:25.548] [UIApp] Adding ResourceDisplay to Application Launcher
[LOG 23:10:25.559] [ResourceDisplay] OnAppStarted(): id: -408388
[LOG 23:10:25.561] [GenericAppFrame] Reposition 0.1347027 6129
[LOG 23:10:25.561] [ResourceDisplay] OnAppStarted(): id: 264296
[LOG 23:10:25.561] ResourceDisplay already exist, destroying this instance
[LOG 23:10:25.561] [UIApp] OnDestroy: ResourceDisplay
[LOG 23:10:25.576] [UIApp] Adding AlarmClock to Application Launcher
[LOG 23:10:25.577] [UIApp] Adding ActionGroupsApp to Application Launcher
[LOG 23:10:25.578] [UIApp] Adding Missions App to Application Launcher
[LOG 23:10:25.579] CURRENCY WIDGET False False False
[LOG 23:10:25.581] [UIApp] OnDestroy: CurrencyWidgetsApp
[LOG 23:10:25.608] [GenericAppFrame] Reposition 0.1637036 6131
[LOG 23:10:25.612] [ActionGroupsApp] OnAppStarted(): id: -408412
[LOG 23:10:25.613] [GenericAppFrame] Reposition 0.1637036 6131
[LOG 23:10:25.614] [UIApp] Adding DeltaVApp to Application Launcher
[LOG 23:10:25.616] [MissionsApp] OnAppStarted(): id: -408400
[LOG 23:10:25.616] MissionsApp does not execute in this game mode, destroying this instance
[LOG 23:10:25.616] [UIApp] OnDestroy: Missions App
[LOG 23:10:25.626] [GenericAppFrame] Reposition 0.2000102 6132
[LOG 23:10:25.637] [UIApp] Adding Cargo to Application Launcher
[LOG 23:10:25.638] [UIApp] Adding Construction to Application Launcher
[LOG 23:10:25.640] [UIApp] Adding KSPedia to Application Launcher
[WRN 23:10:25.648] HighlightingSystem : Framebuffer depth data is not available and can't be used to occlude highlighting. Highlighting occluders enabled.
[LOG 23:10:25.659] [UIApp] Adding ManeuverTool to Application Launcher
[LOG 23:10:25.661] [ApplicationLauncher] SetHidden: 
[LOG 23:10:25.675] [GenericAppFrame] Reposition 0.2474354 6135
[LOG 23:10:25.685] [ManeuverTool]: Found 1 transfer types
[LOG 23:10:25.731] Flight State Captured
[LOG 23:10:25.731] Saving Achievements Tree...
[LOG 23:10:25.731] Saving Achievements Tree...
[LOG 23:10:25.732] [MessageSystem] Save Messages
[LOG 23:10:25.762] Game State Saved as persistent
[LOG 23:10:26.553] Unpacking Diag3-Rover
[LOG 23:10:26.569] [UIMasterController]: ShowUI
[LOG 23:14:26.482] [KSP-MCPServer] Quitting KSP, as asked
[LOG 23:14:27.303] [UIApp] OnDestroy: Construction
[LOG 23:14:27.304] KbApp.OnDestroy Planet Resources
[LOG 23:14:27.304] [UIApp] OnDestroy: Cargo
[LOG 23:14:27.307] KbApp.OnDestroy Planet Info
[LOG 23:14:27.322] [UIApp] OnDestroy: KSPedia
[LOG 23:14:27.325] KbApp.OnDestroy Vessel Crew
[LOG 23:14:27.327] [UIApp] OnDestroy: AlarmClock
[LOG 23:14:27.331] [PlanetariumCamera]: Focus: Kerbin
[ERR 23:14:27.339] Exception handling event onPlanetariumTargetChange in class KnowledgeBase:System.NullReferenceException
  at (wrapper managed-to-native) UnityEngine.Component.get_transform(UnityEngine.Component)
  at KSP.UI.Screens.KbApp_PlanetResources.ActivateApp (MapObject target) [0x0007d] in <4b449f2841f84227adfaad3149c8fdba>:0 
  at KSP.UI.Screens.KnowledgeBase.ActivateApps (KSP.UI.Screens.KnowledgeBase+KbTargetType targetType, MapObject target) [0x000fa] in <4b449f2841f84227adfaad3149c8fdba>:0 
  at KSP.UI.Screens.KnowledgeBase.OnMapFocusChange (MapObject target) [0x000f4] in <4b449f2841f84227adfaad3149c8fdba>:0 
  at EventData`1[T].Fire (T data) [0x000b0] in <4b449f2841f84227adfaad3149c8fdba>:0 

[EXC 23:14:27.340] NullReferenceException
	KSP.UI.Screens.KbApp_PlanetResources.ActivateApp (MapObject target) (at <4b449f2841f84227adfaad3149c8fdba>:0)
	KSP.UI.Screens.KnowledgeBase.ActivateApps (KSP.UI.Screens.KnowledgeBase+KbTargetType targetType, MapObject target) (at <4b449f2841f84227adfaad3149c8fdba>:0)
	KSP.UI.Screens.KnowledgeBase.OnMapFocusChange (MapObject target) (at <4b449f2841f84227adfaad3149c8fdba>:0)
	EventData`1[T].Fire (T data) (at <4b449f2841f84227adfaad3149c8fdba>:0)
	UnityEngine.DebugLogHandler:LogException(Exception, Object)
	ModuleManager.UnityLogHandle.InterceptLogHandler:LogException(Exception, Object)
	UnityEngine.Debug:LogException(Exception)
	EventData`1:Fire(MapObject)
	PlanetariumCamera:SetTarget(MapObject)
	PlanetariumCamera:RemoveTarget(MapObject)
	PlanetariumCamera:OnVesselDestroy(Vessel)
	EventData`1:Fire(Vessel)
	Vessel:OnDestroy()
[LOG 23:14:27.344] KbApp.OnDestroy Vessel Info
[LOG 23:14:27.345] KbApp.OnDestroy NullName
[LOG 23:14:27.360] [UIApp] OnDestroy: 
[LOG 23:14:27.391] [UIApp] OnDestroy: ManeuverTool
[LOG 23:14:27.395] KbApp.OnDestroy Planet Parameters
[LOG 23:14:27.395] [UIApp] OnDestroy: DeltaVApp
[LOG 23:14:27.399] KbApp.OnDestroy Unowned Info
